{
    "model_type": "GradientBoosting",
    "bins": [
        0,
        5,
        9,
        21
    ],
    "scaled": true,
    "tuned": false,
    "stratified_split_testing": false,
    "best_params": {},
    "metrics": {
        "accuracy": 0.669156156477127,
        "precision": 0.5658921541006134,
        "recall": 0.6379363977737982,
        "f1_score": 0.5670347799575397,
        "matthews_corrcoef": 0.44881523988786337,
        "cohen_kappa_score": 0.42800824796430226,
        "roc_auc_score": 0.8283995839309877,
        "log_loss": 0.7750658690264616,
        "confusion_matrix": [
            [
                34090,
                8149,
                7155
            ],
            [
                2346,
                12749,
                4785
            ],
            [
                534,
                1794,
                3246
            ]
        ],
        "classification_report": "              precision    recall  f1-score   support\n\n     00 - 04       0.92      0.69      0.79     49394\n     05 - 08       0.56      0.64      0.60     19880\n     09 - 20       0.21      0.58      0.31      5574\n\n    accuracy                           0.67     74848\n   macro avg       0.57      0.64      0.57     74848\nweighted avg       0.77      0.67      0.70     74848\n",
        "feature_importances": {
            "time_in_month": 0.03768314355571656,
            "time_in_hour": 0.048926206113682306,
            "time_in_weekday": 0.08669640496187575,
            "requires_power": 0.00021037040775379512,
            "time_in_business_day": 0.0015086917542271804,
            "time_in_week_of_year": 0.06805483239510651,
            "time_in_week_of_month": 0.017709606179846304,
            "nominal_length_NOM20": 0.004714345925669661,
            "nominal_length_NOM40": 0.0028914651760550505,
            "nominal_length_NOM45": 0.0,
            "freight_kind_FCL": 0.003236132517871028,
            "freight_kind_MTY": 0.0048579431047078535,
            "category_EXPRT": 0.16246452630628952,
            "category_IMPRT": 0.5353929159053425,
            "category_STRGE": 0.0018895347216301667,
            "category_THRGH": 0.013036742642067778,
            "category_TRSHP": 0.010727138332157892
        },
        "elapsed_time_minutes": 5.16465486685435,
        "cv_scores": [
            0.6472348796933062,
            0.6460410606493703,
            0.648596842264557,
            0.6483866628554134,
            0.6515784606330657
        ],
        "test_accuracy": 0.669156156477127
    },
    "dataset_name": "subset_base.csv"
}