{
    "model_type": "GradientBoosting",
    "bins": [
        0,
        3,
        10,
        21
    ],
    "scaled": true,
    "tuned": false,
    "stratified_split_testing": true,
    "best_params": {},
    "metrics": {
        "accuracy": 0.3203692817443352,
        "precision": 0.5545113433099497,
        "recall": 0.5234137660678102,
        "f1_score": 0.3051274617850976,
        "matthews_corrcoef": 0.24532927360495188,
        "cohen_kappa_score": 0.15856566693562335,
        "roc_auc_score": 0.7422188543389269,
        "log_loss": 1.3932177528284173,
        "confusion_matrix": [
            [
                17045,
                198,
                12180
            ],
            [
                8112,
                3833,
                30033
            ],
            [
                227,
                119,
                3101
            ]
        ],
        "classification_report": "              precision    recall  f1-score   support\n\n     00 - 02       0.67      0.58      0.62     29423\n     03 - 09       0.92      0.09      0.17     41978\n     10 - 20       0.07      0.90      0.13      3447\n\n    accuracy                           0.32     74848\n   macro avg       0.55      0.52      0.31     74848\nweighted avg       0.79      0.32      0.34     74848\n",
        "feature_importances": {
            "time_in_month": 0.03384836661125987,
            "time_in_hour": 0.07606774571548644,
            "time_in_weekday": 0.08119724977829852,
            "requires_power": 4.5705592651975486e-05,
            "time_in_business_day": 0.00023769645586191378,
            "time_in_week_of_year": 0.060663810194598655,
            "time_in_week_of_month": 0.01529710179197828,
            "nominal_length_NOM20": 0.002611862938064553,
            "nominal_length_NOM40": 0.0011089802963480748,
            "nominal_length_NOM45": 0.0,
            "freight_kind_FCL": 0.0049473969009654,
            "freight_kind_MTY": 0.003267658722419825,
            "category_EXPRT": 0.14819702983384864,
            "category_IMPRT": 0.5455818897051148,
            "category_STRGE": 0.003570530575916121,
            "category_THRGH": 0.019302020485184684,
            "category_TRSHP": 0.0040549544020022634
        },
        "elapsed_time_minutes": 4.5651952187220255,
        "cv_scores": [
            0.7063730065735905,
            0.7094980388262747,
            0.7103818082518246,
            0.7059828211111663,
            0.7066679906658061
        ],
        "test_accuracy": 0.3203692817443352
    },
    "dataset_name": "subset_base.csv"
}