{
    "model_type": "GradientBoosting",
    "bins": [
        0,
        3,
        11,
        21
    ],
    "scaled": false,
    "tuned": false,
    "stratified_split_testing": true,
    "best_params": {},
    "metrics": {
        "accuracy": 0.7622381359555366,
        "precision": 0.7000825981061835,
        "recall": 0.5408017208978232,
        "f1_score": 0.5394364742848611,
        "matthews_corrcoef": 0.5371632648756166,
        "cohen_kappa_score": 0.5337740263127452,
        "roc_auc_score": 0.8487968874767399,
        "log_loss": 0.5472781195549709,
        "confusion_matrix": [
            [
                24026,
                5375,
                22
            ],
            [
                9996,
                32929,
                47
            ],
            [
                253,
                2103,
                97
            ]
        ],
        "classification_report": "              precision    recall  f1-score   support\n\n     00 - 02       0.70      0.82      0.75     29423\n     03 - 10       0.81      0.77      0.79     42972\n     11 - 20       0.58      0.04      0.07      2453\n\n    accuracy                           0.76     74848\n   macro avg       0.70      0.54      0.54     74848\nweighted avg       0.76      0.76      0.75     74848\n",
        "feature_importances": {
            "time_in_month": 0.0026742343323944606,
            "time_in_hour": 0.0034951962026757107,
            "time_in_weekday": 0.08628100822346715,
            "requires_power": 0.000253469556785652,
            "time_in_business_day": 0.0016143452887094668,
            "time_in_week_of_year": 0.03875567412849784,
            "time_in_week_of_month": 0.002544033543554945,
            "nominal_length_NOM20": 0.0028810652735227838,
            "nominal_length_NOM40": 0.0010358970975616968,
            "nominal_length_NOM45": 0.0,
            "freight_kind_FCL": 0.002526317124528823,
            "freight_kind_MTY": 0.003591437214073687,
            "category_EXPRT": 0.12829319346906892,
            "category_IMPRT": 0.6735192751716207,
            "category_STRGE": 0.007833110963991849,
            "category_THRGH": 0.022699144659488652,
            "category_TRSHP": 0.02200259775005763
        },
        "elapsed_time_minutes": 2.2114014506340025,
        "cv_scores": [
            0.7629179331306991,
            0.7623334112695814,
            0.7614983800394135,
            0.7624296474439267,
            0.7638659251465504
        ],
        "test_accuracy": 0.7622381359555366
    },
    "dataset_name": "subset_base.csv"
}