{
    "model_type": "GradientBoosting",
    "bins": [
        0,
        4,
        12,
        21
    ],
    "scaled": true,
    "tuned": false,
    "stratified_split_testing": true,
    "best_params": {},
    "metrics": {
        "accuracy": 0.43915669089354425,
        "precision": 0.5127946146829722,
        "recall": 0.5577756398386652,
        "f1_score": 0.38863549907170736,
        "matthews_corrcoef": 0.2688787694846381,
        "cohen_kappa_score": 0.21688857567493824,
        "roc_auc_score": 0.7745753905987817,
        "log_loss": 1.168377052734426,
        "confusion_matrix": [
            [
                19760,
                6119,
                14700
            ],
            [
                3489,
                11538,
                17348
            ],
            [
                109,
                213,
                1572
            ]
        ],
        "classification_report": "              precision    recall  f1-score   support\n\n     00 - 03       0.85      0.49      0.62     40579\n     04 - 11       0.65      0.36      0.46     32375\n     12 - 20       0.05      0.83      0.09      1894\n\n    accuracy                           0.44     74848\n   macro avg       0.51      0.56      0.39     74848\nweighted avg       0.74      0.44      0.54     74848\n",
        "feature_importances": {
            "time_in_month": 0.06012177979783241,
            "time_in_hour": 0.068753361375238,
            "time_in_weekday": 0.07237263505471835,
            "requires_power": 0.00014105470412083506,
            "time_in_business_day": 0.00040206615203024177,
            "time_in_week_of_year": 0.09170309453052256,
            "time_in_week_of_month": 0.019267215887578893,
            "nominal_length_NOM20": 0.004850243155785317,
            "nominal_length_NOM40": 0.002081520805701947,
            "nominal_length_NOM45": 0.0,
            "freight_kind_FCL": 0.008206775169125099,
            "freight_kind_MTY": 0.009425946311638417,
            "category_EXPRT": 0.2071701458520825,
            "category_IMPRT": 0.42124143724875773,
            "category_STRGE": 0.010935757285894855,
            "category_THRGH": 0.012066755609943794,
            "category_TRSHP": 0.011260211059029161
        },
        "elapsed_time_minutes": 4.417135397593181,
        "cv_scores": [
            0.7121837522589124,
            0.7114444718252012,
            0.708497617874158,
            0.7150279283719402,
            0.7146582881550846
        ],
        "test_accuracy": 0.43915669089354425
    },
    "dataset_name": "subset_base.csv"
}