{
    "model_type": "GradientBoosting",
    "bins": [
        0,
        6,
        9,
        21
    ],
    "scaled": false,
    "tuned": false,
    "stratified_split_testing": false,
    "best_params": {},
    "metrics": {
        "accuracy": 0.7749973279179136,
        "precision": 0.7010051915164978,
        "recall": 0.42743982920852835,
        "f1_score": 0.438967368585943,
        "matthews_corrcoef": 0.30258237782094366,
        "cohen_kappa_score": 0.2557873597349485,
        "roc_auc_score": 0.8279454837396524,
        "log_loss": 0.545366443409203,
        "confusion_matrix": [
            [
                54046,
                1952,
                44
            ],
            [
                9424,
                3782,
                26
            ],
            [
                4738,
                657,
                179
            ]
        ],
        "classification_report": "              precision    recall  f1-score   support\n\n     00 - 05       0.79      0.96      0.87     56042\n     06 - 08       0.59      0.29      0.39     13232\n     09 - 20       0.72      0.03      0.06      5574\n\n    accuracy                           0.77     74848\n   macro avg       0.70      0.43      0.44     74848\nweighted avg       0.75      0.77      0.72     74848\n",
        "feature_importances": {
            "time_in_month": 0.00948805170039387,
            "time_in_hour": 0.021767063017661736,
            "time_in_weekday": 0.07787349473306593,
            "requires_power": 2.3613854570296182e-05,
            "time_in_business_day": 0.0013299205759811576,
            "time_in_week_of_year": 0.08327574259477527,
            "time_in_week_of_month": 0.009657532949411822,
            "nominal_length_NOM20": 0.0009676954167655485,
            "nominal_length_NOM40": 0.007956738086832994,
            "nominal_length_NOM45": 0.0,
            "freight_kind_FCL": 0.008263497088045076,
            "freight_kind_MTY": 0.010671125879100728,
            "category_EXPRT": 0.1660414911317348,
            "category_IMPRT": 0.5733967924435095,
            "category_STRGE": 0.0032526479031524816,
            "category_THRGH": 0.011383604006091185,
            "category_TRSHP": 0.014650988618907661
        },
        "elapsed_time_minutes": 2.0346729318300882,
        "cv_scores": [
            0.7743912622332075,
            0.775059287217342,
            0.7752429940879789,
            0.7747549142408604,
            0.7742204853282563
        ],
        "test_accuracy": 0.7749973279179136
    },
    "dataset_name": "subset_base.csv"
}