{
    "model_type": "GradientBoosting",
    "bins": [
        0,
        6,
        11,
        21
    ],
    "scaled": false,
    "tuned": false,
    "stratified_split_testing": true,
    "best_params": {},
    "metrics": {
        "accuracy": 0.7864872808892689,
        "precision": 0.6650529508656237,
        "recall": 0.44596571215961395,
        "f1_score": 0.46793207625547956,
        "matthews_corrcoef": 0.35327811451412927,
        "cohen_kappa_score": 0.3227748081476687,
        "roc_auc_score": 0.8370537331209059,
        "log_loss": 0.4900783072575438,
        "confusion_matrix": [
            [
                53137,
                2905,
                44
            ],
            [
                10644,
                5617,
                48
            ],
            [
                2039,
                301,
                113
            ]
        ],
        "classification_report": "              precision    recall  f1-score   support\n\n     00 - 05       0.81      0.95      0.87     56086\n     06 - 10       0.64      0.34      0.45     16309\n     11 - 20       0.55      0.05      0.09      2453\n\n    accuracy                           0.79     74848\n   macro avg       0.67      0.45      0.47     74848\nweighted avg       0.76      0.79      0.75     74848\n",
        "feature_importances": {
            "time_in_month": 0.0032953670894196626,
            "time_in_hour": 0.016070454918967022,
            "time_in_weekday": 0.06732412801707767,
            "requires_power": 9.115046943556412e-05,
            "time_in_business_day": 0.0016582280736105607,
            "time_in_week_of_year": 0.07695743113539498,
            "time_in_week_of_month": 0.007388052756079564,
            "nominal_length_NOM20": 0.0007713730048510203,
            "nominal_length_NOM40": 0.007649432301391726,
            "nominal_length_NOM45": 0.0,
            "freight_kind_FCL": 0.010211384893692749,
            "freight_kind_MTY": 0.00845006268067878,
            "category_EXPRT": 0.04688229600522637,
            "category_IMPRT": 0.7092937533754644,
            "category_STRGE": 0.0158887437378859,
            "category_THRGH": 0.00913186327226888,
            "category_TRSHP": 0.018936278268555054
        },
        "elapsed_time_minutes": 2.058747100830078,
        "cv_scores": [
            0.7849794582317379,
            0.784662146364274,
            0.7853134707238051,
            0.7846084473169999,
            0.7837901030445747
        ],
        "test_accuracy": 0.7864872808892689
    },
    "dataset_name": "subset_base.csv"
}