{
    "model_type": "GradientBoosting",
    "bins": [
        0,
        6,
        10,
        21
    ],
    "scaled": false,
    "tuned": false,
    "stratified_split_testing": false,
    "best_params": {},
    "metrics": {
        "accuracy": 0.7837216759298846,
        "precision": 0.6903607410001841,
        "recall": 0.4434757236347486,
        "f1_score": 0.4645723339221342,
        "matthews_corrcoef": 0.3421219274143336,
        "cohen_kappa_score": 0.30600095816521156,
        "roc_auc_score": 0.8334794908671066,
        "log_loss": 0.510805802231152,
        "confusion_matrix": [
            [
                53464,
                2517,
                61
            ],
            [
                10283,
                5027,
                35
            ],
            [
                2866,
                426,
                169
            ]
        ],
        "classification_report": "              precision    recall  f1-score   support\n\n     00 - 05       0.80      0.95      0.87     56042\n     06 - 09       0.63      0.33      0.43     15345\n     10 - 20       0.64      0.05      0.09      3461\n\n    accuracy                           0.78     74848\n   macro avg       0.69      0.44      0.46     74848\nweighted avg       0.76      0.78      0.75     74848\n",
        "feature_importances": {
            "time_in_month": 0.008342500667698127,
            "time_in_hour": 0.016050926073582793,
            "time_in_weekday": 0.07055358861252636,
            "requires_power": 1.601256331859852e-05,
            "time_in_business_day": 0.001991450477648295,
            "time_in_week_of_year": 0.07890628906674398,
            "time_in_week_of_month": 0.008827383599354498,
            "nominal_length_NOM20": 0.0008374229770373151,
            "nominal_length_NOM40": 0.007763582629225062,
            "nominal_length_NOM45": 0.0,
            "freight_kind_FCL": 0.01150298593073806,
            "freight_kind_MTY": 0.01052647250739786,
            "category_EXPRT": 0.12377626066861569,
            "category_IMPRT": 0.6062170192862593,
            "category_STRGE": 0.018007650795426766,
            "category_THRGH": 0.007500289412212404,
            "category_TRSHP": 0.02918016473221506
        },
        "elapsed_time_minutes": 2.069334582487742,
        "cv_scores": [
            0.7810548114499483,
            0.7815057283142389,
            0.7826413707872675,
            0.7825709370876964,
            0.7823371244384322
        ],
        "test_accuracy": 0.7837216759298846
    },
    "dataset_name": "subset_base.csv"
}