{
    "model_type": "KNN",
    "bins": [
        0,
        3,
        11,
        21
    ],
    "scaled": true,
    "tuned": false,
    "stratified_split_testing": true,
    "best_params": {},
    "metrics": {
        "accuracy": 0.779646750748183,
        "precision": 0.689202861177623,
        "recall": 0.7218753967793644,
        "f1_score": 0.7033049533183752,
        "matthews_corrcoef": 0.5819808690566705,
        "cohen_kappa_score": 0.5800977679254287,
        "roc_auc_score": 0.8708587410292251,
        "log_loss": 1.9889075605503141,
        "confusion_matrix": [
            [
                23499,
                5631,
                293
            ],
            [
                8392,
                33410,
                1170
            ],
            [
                301,
                706,
                1446
            ]
        ],
        "classification_report": "              precision    recall  f1-score   support\n\n     00 - 02       0.73      0.80      0.76     29423\n     03 - 10       0.84      0.78      0.81     42972\n     11 - 20       0.50      0.59      0.54      2453\n\n    accuracy                           0.78     74848\n   macro avg       0.69      0.72      0.70     74848\nweighted avg       0.79      0.78      0.78     74848\n",
        "feature_importances": null,
        "elapsed_time_minutes": 1.713939086596171,
        "cv_scores": [],
        "cv_scores_mean": null,
        "test_accuracy": 0.779646750748183
    },
    "dataset_name": "subset_base.csv"
}