{
    "model_type": "KNN",
    "bins": [
        0,
        3,
        9,
        21
    ],
    "scaled": false,
    "tuned": false,
    "stratified_split_testing": true,
    "best_params": {},
    "metrics": {
        "accuracy": 0.7614765925609235,
        "precision": 0.736647455226891,
        "recall": 0.6907508826225767,
        "f1_score": 0.7083606914527847,
        "matthews_corrcoef": 0.5700914782775641,
        "cohen_kappa_score": 0.568814242288552,
        "roc_auc_score": 0.8678112990094498,
        "log_loss": 2.1312416974053083,
        "confusion_matrix": [
            [
                23599,
                5595,
                229
            ],
            [
                8178,
                30588,
                1069
            ],
            [
                664,
                2118,
                2808
            ]
        ],
        "classification_report": "              precision    recall  f1-score   support\n\n     00 - 02       0.73      0.80      0.76     29423\n     03 - 08       0.80      0.77      0.78     39835\n     09 - 20       0.68      0.50      0.58      5590\n\n    accuracy                           0.76     74848\n   macro avg       0.74      0.69      0.71     74848\nweighted avg       0.76      0.76      0.76     74848\n",
        "feature_importances": null,
        "elapsed_time_minutes": 0.5825066486994426,
        "cv_scores": [],
        "cv_scores_mean": null,
        "test_accuracy": 0.7614765925609235
    },
    "dataset_name": "subset_base.csv"
}