{
    "model_type": "KNN",
    "bins": [
        0,
        6,
        9,
        21
    ],
    "scaled": false,
    "tuned": false,
    "stratified_split_testing": true,
    "best_params": {},
    "metrics": {
        "accuracy": 0.8533561351004703,
        "precision": 0.765295505458507,
        "recall": 0.6917315471524773,
        "f1_score": 0.7227008582947186,
        "matthews_corrcoef": 0.6139008969014941,
        "cohen_kappa_score": 0.6102115688959096,
        "roc_auc_score": 0.8834815106481653,
        "log_loss": 1.78983932378132,
        "confusion_matrix": [
            [
                52730,
                2522,
                834
            ],
            [
                4374,
                8334,
                464
            ],
            [
                2080,
                702,
                2808
            ]
        ],
        "classification_report": "              precision    recall  f1-score   support\n\n     00 - 05       0.89      0.94      0.91     56086\n     06 - 08       0.72      0.63      0.67     13172\n     09 - 20       0.68      0.50      0.58      5590\n\n    accuracy                           0.85     74848\n   macro avg       0.77      0.69      0.72     74848\nweighted avg       0.85      0.85      0.85     74848\n",
        "feature_importances": null,
        "elapsed_time_minutes": 0.577519416809082,
        "cv_scores": [],
        "cv_scores_mean": null,
        "test_accuracy": 0.8533561351004703
    },
    "dataset_name": "subset_base.csv"
}