{
    "model_type": "KNN",
    "bins": [
        0,
        6,
        11,
        21
    ],
    "scaled": false,
    "tuned": false,
    "stratified_split_testing": true,
    "best_params": {},
    "metrics": {
        "accuracy": 0.8607845233005558,
        "precision": 0.765873535353531,
        "recall": 0.6847887102959757,
        "f1_score": 0.7181698850150856,
        "matthews_corrcoef": 0.6266598708390558,
        "cohen_kappa_score": 0.6242696971246009,
        "roc_auc_score": 0.8814415626515631,
        "log_loss": 1.6005643937937137,
        "confusion_matrix": [
            [
                52427,
                3327,
                332
            ],
            [
                5168,
                10893,
                248
            ],
            [
                961,
                384,
                1108
            ]
        ],
        "classification_report": "              precision    recall  f1-score   support\n\n     00 - 05       0.90      0.93      0.91     56086\n     06 - 10       0.75      0.67      0.70     16309\n     11 - 20       0.66      0.45      0.54      2453\n\n    accuracy                           0.86     74848\n   macro avg       0.77      0.68      0.72     74848\nweighted avg       0.85      0.86      0.86     74848\n",
        "feature_importances": null,
        "elapsed_time_minutes": 0.6322150667508443,
        "cv_scores": [],
        "cv_scores_mean": null,
        "test_accuracy": 0.8607845233005558
    },
    "dataset_name": "subset_base.csv"
}