{
    "model_type": "KNN",
    "bins": [
        0,
        3,
        12,
        21
    ],
    "scaled": true,
    "tuned": false,
    "stratified_split_testing": false,
    "best_params": {},
    "metrics": {
        "accuracy": 0.7825994014536126,
        "precision": 0.6798264856380074,
        "recall": 0.7163013179731047,
        "f1_score": 0.6954457212391546,
        "matthews_corrcoef": 0.5801345774110717,
        "cohen_kappa_score": 0.5781243583804735,
        "roc_auc_score": 0.8744954847637268,
        "log_loss": 1.8281919858456352,
        "confusion_matrix": [
            [
                23402,
                5716,
                222
            ],
            [
                8601,
                34139,
                952
            ],
            [
                220,
                561,
                1035
            ]
        ],
        "classification_report": "              precision    recall  f1-score   support\n\n     00 - 02       0.73      0.80      0.76     29340\n     03 - 11       0.84      0.78      0.81     43692\n     12 - 20       0.47      0.57      0.51      1816\n\n    accuracy                           0.78     74848\n   macro avg       0.68      0.72      0.70     74848\nweighted avg       0.79      0.78      0.78     74848\n",
        "feature_importances": null,
        "elapsed_time_minutes": 1.7350529670715331,
        "cv_scores": [],
        "cv_scores_mean": null,
        "test_accuracy": 0.7825994014536126
    },
    "dataset_name": "subset_base.csv"
}