{
    "model_type": "KNN",
    "bins": [
        0,
        5,
        12,
        21
    ],
    "scaled": true,
    "tuned": false,
    "stratified_split_testing": true,
    "best_params": {},
    "metrics": {
        "accuracy": 0.8411046387345019,
        "precision": 0.7142183640918384,
        "recall": 0.744759420011596,
        "f1_score": 0.7274437515781457,
        "matthews_corrcoef": 0.6573545279406386,
        "cohen_kappa_score": 0.6572265568330571,
        "roc_auc_score": 0.8870574070480828,
        "log_loss": 1.9747508439453327,
        "confusion_matrix": [
            [
                44254,
                4655,
                612
            ],
            [
                5242,
                17583,
                608
            ],
            [
                401,
                375,
                1118
            ]
        ],
        "classification_report": "              precision    recall  f1-score   support\n\n     00 - 04       0.89      0.89      0.89     49521\n     05 - 11       0.78      0.75      0.76     23433\n     12 - 20       0.48      0.59      0.53      1894\n\n    accuracy                           0.84     74848\n   macro avg       0.71      0.74      0.73     74848\nweighted avg       0.84      0.84      0.84     74848\n",
        "feature_importances": null,
        "elapsed_time_minutes": 2.556205717722575,
        "cv_scores": [],
        "cv_scores_mean": null,
        "test_accuracy": 0.8411046387345019
    },
    "dataset_name": "subset_base.csv"
}