{
    "model_type": "KNN",
    "bins": [
        0,
        6,
        12,
        21
    ],
    "scaled": true,
    "tuned": false,
    "stratified_split_testing": true,
    "best_params": {},
    "metrics": {
        "accuracy": 0.851913210773835,
        "precision": 0.6953827822921997,
        "recall": 0.7336450411024514,
        "f1_score": 0.7121227514087084,
        "matthews_corrcoef": 0.6223867514856489,
        "cohen_kappa_score": 0.6222641277732128,
        "roc_auc_score": 0.8826617786909993,
        "log_loss": 1.8369579408331518,
        "confusion_matrix": [
            [
                50635,
                4590,
                861
            ],
            [
                4423,
                12020,
                425
            ],
            [
                510,
                275,
                1109
            ]
        ],
        "classification_report": "              precision    recall  f1-score   support\n\n     00 - 05       0.91      0.90      0.91     56086\n     06 - 11       0.71      0.71      0.71     16868\n     12 - 20       0.46      0.59      0.52      1894\n\n    accuracy                           0.85     74848\n   macro avg       0.70      0.73      0.71     74848\nweighted avg       0.85      0.85      0.85     74848\n",
        "feature_importances": null,
        "elapsed_time_minutes": 2.900122900803884,
        "cv_scores": [],
        "cv_scores_mean": null,
        "test_accuracy": 0.851913210773835
    },
    "dataset_name": "subset_base.csv"
}