{
    "model_type": "KNN",
    "bins": [
        0,
        6,
        12,
        21
    ],
    "scaled": true,
    "tuned": false,
    "stratified_split_testing": false,
    "best_params": {},
    "metrics": {
        "accuracy": 0.8547322573749465,
        "precision": 0.7062009409907232,
        "recall": 0.7253647817844032,
        "f1_score": 0.7150312300205672,
        "matthews_corrcoef": 0.6255430005773812,
        "cohen_kappa_score": 0.6255235670215005,
        "roc_auc_score": 0.8835672279076009,
        "log_loss": 1.823960349941848,
        "confusion_matrix": [
            [
                50946,
                4433,
                663
            ],
            [
                4590,
                12012,
                388
            ],
            [
                510,
                289,
                1017
            ]
        ],
        "classification_report": "              precision    recall  f1-score   support\n\n     00 - 05       0.91      0.91      0.91     56042\n     06 - 11       0.72      0.71      0.71     16990\n     12 - 20       0.49      0.56      0.52      1816\n\n    accuracy                           0.85     74848\n   macro avg       0.71      0.73      0.72     74848\nweighted avg       0.86      0.85      0.86     74848\n",
        "feature_importances": null,
        "elapsed_time_minutes": 2.9057206988334654,
        "cv_scores": [],
        "cv_scores_mean": null,
        "test_accuracy": 0.8547322573749465
    },
    "dataset_name": "subset_base.csv"
}