{
    "model_type": "KNN",
    "bins": [
        0,
        6,
        9,
        21
    ],
    "scaled": false,
    "tuned": false,
    "stratified_split_testing": false,
    "best_params": {},
    "metrics": {
        "accuracy": 0.8527682770414707,
        "precision": 0.7641909511631554,
        "recall": 0.6913827982100634,
        "f1_score": 0.7221038385269486,
        "matthews_corrcoef": 0.6130375781902075,
        "cohen_kappa_score": 0.6093678354845402,
        "roc_auc_score": 0.882318556264956,
        "log_loss": 1.8339881022697275,
        "confusion_matrix": [
            [
                52666,
                2525,
                851
            ],
            [
                4409,
                8361,
                462
            ],
            [
                2066,
                707,
                2801
            ]
        ],
        "classification_report": "              precision    recall  f1-score   support\n\n     00 - 05       0.89      0.94      0.91     56042\n     06 - 08       0.72      0.63      0.67     13232\n     09 - 20       0.68      0.50      0.58      5574\n\n    accuracy                           0.85     74848\n   macro avg       0.76      0.69      0.72     74848\nweighted avg       0.84      0.85      0.85     74848\n",
        "feature_importances": null,
        "elapsed_time_minutes": 0.5785988529523214,
        "cv_scores": [],
        "cv_scores_mean": null,
        "test_accuracy": 0.8527682770414707
    },
    "dataset_name": "subset_base.csv"
}