{
    "model_type": "KNN",
    "bins": [
        0,
        6,
        11,
        21
    ],
    "scaled": false,
    "tuned": false,
    "stratified_split_testing": false,
    "best_params": {},
    "metrics": {
        "accuracy": 0.8602634672937153,
        "precision": 0.7656338613359344,
        "recall": 0.6838415923026528,
        "f1_score": 0.7174850410067543,
        "matthews_corrcoef": 0.6255396239924506,
        "cohen_kappa_score": 0.6230314989982217,
        "roc_auc_score": 0.8826786296095855,
        "log_loss": 1.603779473067472,
        "confusion_matrix": [
            [
                52390,
                3320,
                332
            ],
            [
                5219,
                10898,
                246
            ],
            [
                966,
                376,
                1101
            ]
        ],
        "classification_report": "              precision    recall  f1-score   support\n\n     00 - 05       0.89      0.93      0.91     56042\n     06 - 10       0.75      0.67      0.70     16363\n     11 - 20       0.66      0.45      0.53      2443\n\n    accuracy                           0.86     74848\n   macro avg       0.77      0.68      0.72     74848\nweighted avg       0.85      0.86      0.86     74848\n",
        "feature_importances": null,
        "elapsed_time_minutes": 0.5761826157569885,
        "cv_scores": [],
        "cv_scores_mean": null,
        "test_accuracy": 0.8602634672937153
    },
    "dataset_name": "subset_base.csv"
}