{
    "model_type": "LogisticRegression",
    "bins": [
        0,
        4,
        12,
        21
    ],
    "scaled": false,
    "tuned": false,
    "stratified_split_testing": false,
    "best_params": {},
    "metrics": {
        "accuracy": 0.7666203505771697,
        "precision": 0.510167155100043,
        "recall": 0.5244792210282564,
        "f1_score": 0.5163897576616252,
        "matthews_corrcoef": 0.5452372229890624,
        "cohen_kappa_score": 0.5430773972566394,
        "roc_auc_score": 0.8150875897316366,
        "log_loss": 0.5817349514703208,
        "confusion_matrix": [
            [
                31390,
                9010,
                0
            ],
            [
                6642,
                25990,
                0
            ],
            [
                378,
                1438,
                0
            ]
        ],
        "classification_report": "              precision    recall  f1-score   support\n\n     00 - 03       0.82      0.78      0.80     40400\n     04 - 11       0.71      0.80      0.75     32632\n     12 - 20       0.00      0.00      0.00      1816\n\n    accuracy                           0.77     74848\n   macro avg       0.51      0.52      0.52     74848\nweighted avg       0.75      0.77      0.76     74848\n",
        "feature_importances": {
            "time_in_month": -0.01171354815467645,
            "time_in_hour": 0.020361889000418704,
            "time_in_weekday": -0.2641395941772903,
            "requires_power": -0.04083214281018673,
            "time_in_business_day": -0.059180487357740376,
            "time_in_week_of_year": 0.04178927511758281,
            "time_in_week_of_month": -0.010966628110914657,
            "nominal_length_NOM20": 0.42073650417005104,
            "nominal_length_NOM40": 0.4126555850378994,
            "nominal_length_NOM45": -0.35432607482370504,
            "freight_kind_FCL": 0.3862187831701393,
            "freight_kind_MTY": 0.09284723121405909,
            "category_EXPRT": -0.9671907341611222,
            "category_IMPRT": 0.7968040293430161,
            "category_STRGE": -0.9906629168790184,
            "category_THRGH": 2.723689513133064,
            "category_TRSHP": -1.0835738770514287
        },
        "elapsed_time_minutes": 0.20708831548690795,
        "cv_scores": [
            0.7648218043354822,
            0.7644209893450015,
            0.7614816794148102,
            0.7642500459274847,
            0.7664712660954958
        ],
        "test_accuracy": 0.7666203505771697
    },
    "dataset_name": "subset_base.csv"
}