{
    "model_type": "LogisticRegression",
    "bins": [
        0,
        6,
        12,
        21
    ],
    "scaled": true,
    "tuned": false,
    "stratified_split_testing": true,
    "best_params": {},
    "metrics": {
        "accuracy": 0.6540054510474562,
        "precision": 0.49828761921900017,
        "recall": 0.6270970065649734,
        "f1_score": 0.495559769909893,
        "matthews_corrcoef": 0.39893066854963155,
        "cohen_kappa_score": 0.3554140511158841,
        "roc_auc_score": 0.7909927490237688,
        "log_loss": 0.8323504330287539,
        "confusion_matrix": [
            [
                35590,
                15476,
                5020
            ],
            [
                1559,
                12391,
                2918
            ],
            [
                231,
                693,
                970
            ]
        ],
        "classification_report": "              precision    recall  f1-score   support\n\n     00 - 05       0.95      0.63      0.76     56086\n     06 - 11       0.43      0.73      0.55     16868\n     12 - 20       0.11      0.51      0.18      1894\n\n    accuracy                           0.65     74848\n   macro avg       0.50      0.63      0.50     74848\nweighted avg       0.81      0.65      0.70     74848\n",
        "feature_importances": {
            "time_in_month": -0.41458703083397774,
            "time_in_hour": 0.03481714118012544,
            "time_in_weekday": -0.16642603873953105,
            "requires_power": -0.02106801025787145,
            "time_in_business_day": -0.12173222830505384,
            "time_in_week_of_year": 0.4510133689826227,
            "time_in_week_of_month": -0.058927278684703474,
            "nominal_length_NOM20": 0.13149993470288082,
            "nominal_length_NOM40": 0.11724256708188119,
            "nominal_length_NOM45": 0.07842357557605252,
            "freight_kind_FCL": 0.23219622815941893,
            "freight_kind_MTY": 0.09496984920226877,
            "category_EXPRT": -1.0451661919557624,
            "category_IMPRT": 0.509348781803853,
            "category_STRGE": -1.4821919220277908,
            "category_THRGH": 3.7115393292018766,
            "category_TRSHP": -1.366363919660281
        },
        "elapsed_time_minutes": 0.22193761269251505,
        "cv_scores": [
            0.623056821724993,
            0.6208519546851569,
            0.6226782081928999,
            0.6193300767620377,
            0.623336129650114
        ],
        "test_accuracy": 0.6540054510474562
    },
    "dataset_name": "subset_base.csv"
}