{
    "model_type": "LogisticRegression",
    "bins": [
        0,
        3,
        9,
        21
    ],
    "scaled": true,
    "tuned": false,
    "stratified_split_testing": false,
    "best_params": {},
    "metrics": {
        "accuracy": 0.588031744335186,
        "precision": 0.5665254249798019,
        "recall": 0.6192805230054087,
        "f1_score": 0.5203721236390461,
        "matthews_corrcoef": 0.41308102119265405,
        "cohen_kappa_score": 0.3717979528815334,
        "roc_auc_score": 0.7923868544654775,
        "log_loss": 0.8600607810985051,
        "confusion_matrix": [
            [
                25106,
                1169,
                3065
            ],
            [
                11539,
                15482,
                12913
            ],
            [
                541,
                1608,
                3425
            ]
        ],
        "classification_report": "              precision    recall  f1-score   support\n\n     00 - 02       0.68      0.86      0.75     29340\n     03 - 08       0.85      0.39      0.53     39934\n     09 - 20       0.18      0.61      0.27      5574\n\n    accuracy                           0.59     74848\n   macro avg       0.57      0.62      0.52     74848\nweighted avg       0.73      0.59      0.60     74848\n",
        "feature_importances": {
            "time_in_month": 0.04785444197600342,
            "time_in_hour": 0.009872778311694764,
            "time_in_weekday": -0.16776632458131002,
            "requires_power": -0.013968746273699019,
            "time_in_business_day": 0.02542442357813811,
            "time_in_week_of_year": -0.04221253335532426,
            "time_in_week_of_month": 0.0074979533326688,
            "nominal_length_NOM20": 0.21392701655094654,
            "nominal_length_NOM40": 0.12492516036659493,
            "nominal_length_NOM45": -0.2711108746344966,
            "freight_kind_FCL": 0.13111719454293064,
            "freight_kind_MTY": -0.06337589226175332,
            "category_EXPRT": -1.6492821472162607,
            "category_IMPRT": 0.7405680691432498,
            "category_STRGE": -0.7763367451627736,
            "category_THRGH": 2.965576977807733,
            "category_TRSHP": -1.2127848522895137
        },
        "elapsed_time_minutes": 0.2694507678349813,
        "cv_scores": [
            0.6161186479650494,
            0.6165013535123384,
            0.6168358121596622,
            0.6128954712208786,
            0.6134494183555086
        ],
        "test_accuracy": 0.588031744335186
    },
    "dataset_name": "subset_base.csv"
}