{
    "model_type": "LogisticRegression",
    "bins": [
        0,
        5,
        10,
        21
    ],
    "scaled": false,
    "tuned": false,
    "stratified_split_testing": true,
    "best_params": {},
    "metrics": {
        "accuracy": 0.7301330696879008,
        "precision": 0.4611075437095871,
        "recall": 0.4921882967284846,
        "f1_score": 0.4753097930463772,
        "matthews_corrcoef": 0.42221498131006,
        "cohen_kappa_score": 0.4199163248360207,
        "roc_auc_score": 0.8062368100602916,
        "log_loss": 0.5920692221015365,
        "confusion_matrix": [
            [
                40027,
                9494,
                0
            ],
            [
                7258,
                14622,
                0
            ],
            [
                1855,
                1592,
                0
            ]
        ],
        "classification_report": "              precision    recall  f1-score   support\n\n     00 - 04       0.81      0.81      0.81     49521\n     05 - 09       0.57      0.67      0.61     21880\n     10 - 20       0.00      0.00      0.00      3447\n\n    accuracy                           0.73     74848\n   macro avg       0.46      0.49      0.48     74848\nweighted avg       0.71      0.73      0.72     74848\n",
        "feature_importances": {
            "time_in_month": -0.8111398018783655,
            "time_in_hour": 0.02796599583757591,
            "time_in_weekday": -0.18019493041663603,
            "requires_power": -0.013149211364157837,
            "time_in_business_day": -0.09528388933386667,
            "time_in_week_of_year": 0.8525287051858053,
            "time_in_week_of_month": -0.09278863906853875,
            "nominal_length_NOM20": 0.5040257046899511,
            "nominal_length_NOM40": 0.5409006546273428,
            "nominal_length_NOM45": -0.5562660903606452,
            "freight_kind_FCL": 0.30330027841384877,
            "freight_kind_MTY": 0.18535999054277721,
            "category_EXPRT": -1.0106673610228059,
            "category_IMPRT": 0.7397646180903505,
            "category_STRGE": -1.1079065543176623,
            "category_THRGH": 3.0176499225655067,
            "category_TRSHP": -1.1501803563585646
        },
        "elapsed_time_minutes": 0.19822831551233927,
        "cv_scores": [
            0.7278800227128495,
            0.7270449914826814,
            0.7278466214636428,
            0.7282595988442975,
            0.7269402274663059
        ],
        "test_accuracy": 0.7301330696879008
    },
    "dataset_name": "subset_base.csv"
}