{
    "model_type": "LogisticRegression",
    "bins": [
        0,
        6,
        11,
        21
    ],
    "scaled": false,
    "tuned": false,
    "stratified_split_testing": false,
    "best_params": {},
    "metrics": {
        "accuracy": 0.7577891192817443,
        "precision": 0.4394344787256732,
        "recall": 0.3820144341780478,
        "f1_score": 0.37909774379829697,
        "matthews_corrcoef": 0.21086066218982408,
        "cohen_kappa_score": 0.16953157226552573,
        "roc_auc_score": 0.7940499575854384,
        "log_loss": 0.5221754993836215,
        "confusion_matrix": [
            [
                53623,
                2419,
                0
            ],
            [
                13267,
                3096,
                0
            ],
            [
                2254,
                189,
                0
            ]
        ],
        "classification_report": "              precision    recall  f1-score   support\n\n     00 - 05       0.78      0.96      0.86     56042\n     06 - 10       0.54      0.19      0.28     16363\n     11 - 20       0.00      0.00      0.00      2443\n\n    accuracy                           0.76     74848\n   macro avg       0.44      0.38      0.38     74848\nweighted avg       0.70      0.76      0.70     74848\n",
        "feature_importances": {
            "time_in_month": -0.6069665688758253,
            "time_in_hour": 0.03975275447454349,
            "time_in_weekday": -0.14174290058453354,
            "requires_power": -0.015455474228108636,
            "time_in_business_day": -0.09830815785534783,
            "time_in_week_of_year": 0.6562244992154663,
            "time_in_week_of_month": -0.07685047383586359,
            "nominal_length_NOM20": 0.3575863031032885,
            "nominal_length_NOM40": 0.41804599513127483,
            "nominal_length_NOM45": 0.04098392315394901,
            "freight_kind_FCL": 0.4690549865307294,
            "freight_kind_MTY": 0.3475612348578012,
            "category_EXPRT": -0.7249264949453611,
            "category_IMPRT": 0.8489963047549536,
            "category_STRGE": -1.0706695486063007,
            "category_THRGH": 2.7760078619754585,
            "category_TRSHP": -1.0127919017904021
        },
        "elapsed_time_minutes": 0.16431981722513836,
        "cv_scores": [
            0.7584588663616019,
            0.7603126356925749,
            0.7594108019639935,
            0.7590059622225562,
            0.7610267715483408
        ],
        "test_accuracy": 0.7577891192817443
    },
    "dataset_name": "subset_base.csv"
}