{
    "model_type": "LogisticRegression",
    "bins": [
        0,
        5,
        11,
        21
    ],
    "scaled": true,
    "tuned": false,
    "stratified_split_testing": false,
    "best_params": {},
    "metrics": {
        "accuracy": 0.6987361051731509,
        "precision": 0.5460705198760223,
        "recall": 0.6369354399073536,
        "f1_score": 0.5519335885762847,
        "matthews_corrcoef": 0.47020713538221554,
        "cohen_kappa_score": 0.45023654368021904,
        "roc_auc_score": 0.801147675975761,
        "log_loss": 0.822432689796026,
        "confusion_matrix": [
            [
                34178,
                11421,
                3795
            ],
            [
                2720,
                16942,
                3349
            ],
            [
                290,
                974,
                1179
            ]
        ],
        "classification_report": "              precision    recall  f1-score   support\n\n     00 - 04       0.92      0.69      0.79     49394\n     05 - 10       0.58      0.74      0.65     23011\n     11 - 20       0.14      0.48      0.22      2443\n\n    accuracy                           0.70     74848\n   macro avg       0.55      0.64      0.55     74848\nweighted avg       0.79      0.70      0.73     74848\n",
        "feature_importances": {
            "time_in_month": -0.6017660921907679,
            "time_in_hour": 0.034884459797213774,
            "time_in_weekday": -0.22790575801819504,
            "requires_power": -0.01430552516453055,
            "time_in_business_day": -0.12189249949613133,
            "time_in_week_of_year": 0.6176509257071643,
            "time_in_week_of_month": -0.0721532123083366,
            "nominal_length_NOM20": 0.1952029864555984,
            "nominal_length_NOM40": 0.13911724534424555,
            "nominal_length_NOM45": -0.06127457635168166,
            "freight_kind_FCL": 0.22385880742395067,
            "freight_kind_MTY": 0.049186848025112175,
            "category_EXPRT": -1.1610589974619465,
            "category_IMPRT": 0.5008728490342411,
            "category_STRGE": -1.3889439478174552,
            "category_THRGH": 3.7393664405116835,
            "category_TRSHP": -1.4171906888189798
        },
        "elapsed_time_minutes": 0.2539161523183187,
        "cv_scores": [
            0.6305802633127637,
            0.63222806988045,
            0.6316479747112135,
            0.629613438030703,
            0.6342679389633864
        ],
        "test_accuracy": 0.6987361051731509
    },
    "dataset_name": "subset_base.csv"
}