{
    "model_type": "LogisticRegression",
    "bins": [
        0,
        6,
        11,
        21
    ],
    "scaled": true,
    "tuned": false,
    "stratified_split_testing": true,
    "best_params": {},
    "metrics": {
        "accuracy": 0.6548872381359555,
        "precision": 0.504498984283933,
        "recall": 0.6219490665539822,
        "f1_score": 0.5058314299928616,
        "matthews_corrcoef": 0.4023551892663902,
        "cohen_kappa_score": 0.35828636877431863,
        "roc_auc_score": 0.7897862184884611,
        "log_loss": 0.8373502648375639,
        "confusion_matrix": [
            [
                35590,
                15713,
                4783
            ],
            [
                1490,
                12249,
                2570
            ],
            [
                300,
                975,
                1178
            ]
        ],
        "classification_report": "              precision    recall  f1-score   support\n\n     00 - 05       0.95      0.63      0.76     56086\n     06 - 10       0.42      0.75      0.54     16309\n     11 - 20       0.14      0.48      0.21      2453\n\n    accuracy                           0.65     74848\n   macro avg       0.50      0.62      0.51     74848\nweighted avg       0.81      0.65      0.70     74848\n",
        "feature_importances": {
            "time_in_month": -0.3490594027516738,
            "time_in_hour": 0.03530493057566562,
            "time_in_weekday": -0.1549875152927603,
            "requires_power": -0.014908309370436433,
            "time_in_business_day": -0.11452224673301832,
            "time_in_week_of_year": 0.38163869324056826,
            "time_in_week_of_month": -0.04393015580388635,
            "nominal_length_NOM20": 0.1436993330526257,
            "nominal_length_NOM40": 0.12067999540219941,
            "nominal_length_NOM45": 0.06298120557157229,
            "freight_kind_FCL": 0.21543235666654503,
            "freight_kind_MTY": 0.11192817736122566,
            "category_EXPRT": -1.072841892264854,
            "category_IMPRT": 0.5109427753577462,
            "category_STRGE": -1.4368514166445037,
            "category_THRGH": 3.6997097497163356,
            "category_TRSHP": -1.3735986821360766
        },
        "elapsed_time_minutes": 0.19457653363545735,
        "cv_scores": [
            0.6210895161170584,
            0.6204807649478107,
            0.6201986607474277,
            0.6194414336832416,
            0.6196093570203636
        ],
        "test_accuracy": 0.6548872381359555
    },
    "dataset_name": "subset_base.csv"
}