{
    "model_type": "LogisticRegression",
    "bins": [
        0,
        4,
        11,
        21
    ],
    "scaled": false,
    "tuned": false,
    "stratified_split_testing": false,
    "best_params": {},
    "metrics": {
        "accuracy": 0.7599935870029927,
        "precision": 0.5054082807498927,
        "recall": 0.5242698554732836,
        "f1_score": 0.513777663849996,
        "matthews_corrcoef": 0.5360930397642171,
        "cohen_kappa_score": 0.5334749652131869,
        "roc_auc_score": 0.8120684242510755,
        "log_loss": 0.6021249623549336,
        "confusion_matrix": [
            [
                31503,
                8897,
                0
            ],
            [
                6624,
                25381,
                0
            ],
            [
                541,
                1902,
                0
            ]
        ],
        "classification_report": "              precision    recall  f1-score   support\n\n     00 - 03       0.81      0.78      0.80     40400\n     04 - 10       0.70      0.79      0.74     32005\n     11 - 20       0.00      0.00      0.00      2443\n\n    accuracy                           0.76     74848\n   macro avg       0.51      0.52      0.51     74848\nweighted avg       0.74      0.76      0.75     74848\n",
        "feature_importances": {
            "time_in_month": 0.07577327710829505,
            "time_in_hour": 0.022833951771108734,
            "time_in_weekday": -0.2482795937689068,
            "requires_power": -0.03542570868468947,
            "time_in_business_day": -0.05647720516091211,
            "time_in_week_of_year": -0.05443051929186151,
            "time_in_week_of_month": 0.004546487809866925,
            "nominal_length_NOM20": 0.4246040925563335,
            "nominal_length_NOM40": 0.4093034664563956,
            "nominal_length_NOM45": -0.38516321244256435,
            "freight_kind_FCL": 0.35095380341909355,
            "freight_kind_MTY": 0.09779054315115338,
            "category_EXPRT": -1.0112585842022996,
            "category_IMPRT": 0.7791226652289758,
            "category_STRGE": -0.9677984141769935,
            "category_THRGH": 2.752221703262201,
            "category_TRSHP": -1.103543023541382
        },
        "elapsed_time_minutes": 0.15182894865671795,
        "cv_scores": [
            0.7581582551187415,
            0.7593105982163733,
            0.7554360533083937,
            0.7587554486697731,
            0.760158324565359
        ],
        "test_accuracy": 0.7599935870029927
    },
    "dataset_name": "subset_base.csv"
}