{
    "model_type": "NaiveBayes",
    "bins": [
        0,
        3,
        10,
        21
    ],
    "scaled": true,
    "tuned": false,
    "stratified_split_testing": true,
    "best_params": {},
    "metrics": {
        "accuracy": 0.05012825994014536,
        "precision": 0.4987507715428173,
        "recall": 0.3367852917192318,
        "f1_score": 0.036301549003017936,
        "matthews_corrcoef": 0.038292598116998186,
        "cohen_kappa_score": 0.0027060927326314488,
        "roc_auc_score": 0.6178320434161672,
        "log_loss": 8.931735800184796,
        "confusion_matrix": [
            [
                304,
                1,
                29118
            ],
            [
                16,
                1,
                41961
            ],
            [
                0,
                0,
                3447
            ]
        ],
        "classification_report": "              precision    recall  f1-score   support\n\n     00 - 02       0.95      0.01      0.02     29423\n     03 - 09       0.50      0.00      0.00     41978\n     10 - 20       0.05      1.00      0.09      3447\n\n    accuracy                           0.05     74848\n   macro avg       0.50      0.34      0.04     74848\nweighted avg       0.66      0.05      0.01     74848\n",
        "feature_importances": null,
        "elapsed_time_minutes": 0.022895185152689616,
        "cv_scores": [],
        "cv_scores_mean": null,
        "test_accuracy": 0.05012825994014536
    },
    "dataset_name": "subset_base.csv"
}