{
    "model_type": "NaiveBayes",
    "bins": [
        0,
        6,
        10,
        21
    ],
    "scaled": true,
    "tuned": false,
    "stratified_split_testing": false,
    "best_params": {},
    "metrics": {
        "accuracy": 0.050502351432236,
        "precision": 0.34673633860154607,
        "recall": 0.3352307198172799,
        "f1_score": 0.03335890911454453,
        "matthews_corrcoef": 0.02150080069734207,
        "cohen_kappa_score": 0.0013138607818652392,
        "roc_auc_score": 0.6953684204718896,
        "log_loss": 8.335373604195867,
        "confusion_matrix": [
            [
                319,
                0,
                55723
            ],
            [
                2,
                0,
                15343
            ],
            [
                0,
                0,
                3461
            ]
        ],
        "classification_report": "              precision    recall  f1-score   support\n\n     00 - 05       0.99      0.01      0.01     56042\n     06 - 09       0.00      0.00      0.00     15345\n     10 - 20       0.05      1.00      0.09      3461\n\n    accuracy                           0.05     74848\n   macro avg       0.35      0.34      0.03     74848\nweighted avg       0.75      0.05      0.01     74848\n",
        "feature_importances": null,
        "elapsed_time_minutes": 0.033310337861378984,
        "cv_scores": [],
        "cv_scores_mean": null,
        "test_accuracy": 0.050502351432236
    },
    "dataset_name": "subset_base.csv"
}