{
    "model_type": "NaiveBayes",
    "bins": [
        0,
        6,
        11,
        21
    ],
    "scaled": false,
    "tuned": false,
    "stratified_split_testing": false,
    "best_params": {},
    "metrics": {
        "accuracy": 0.03910592133390338,
        "precision": 0.5255345487121443,
        "recall": 0.33863523137106055,
        "f1_score": 0.03169952148570477,
        "matthews_corrcoef": 0.033231892370950554,
        "cohen_kappa_score": 0.0027764921496507,
        "roc_auc_score": 0.709029428571032,
        "log_loss": 5.857418857640228,
        "confusion_matrix": [
            [
                316,
                141,
                55585
            ],
            [
                0,
                168,
                16195
            ],
            [
                0,
                0,
                2443
            ]
        ],
        "classification_report": "              precision    recall  f1-score   support\n\n     00 - 05       1.00      0.01      0.01     56042\n     06 - 10       0.54      0.01      0.02     16363\n     11 - 20       0.03      1.00      0.06      2443\n\n    accuracy                           0.04     74848\n   macro avg       0.53      0.34      0.03     74848\nweighted avg       0.87      0.04      0.01     74848\n",
        "feature_importances": null,
        "elapsed_time_minutes": 0.012585683663686117,
        "cv_scores": [],
        "cv_scores_mean": null,
        "test_accuracy": 0.03910592133390338
    },
    "dataset_name": "subset_base.csv"
}