{
    "model_type": "NaiveBayes",
    "bins": [
        0,
        6,
        9,
        21
    ],
    "scaled": true,
    "tuned": false,
    "stratified_split_testing": true,
    "best_params": {},
    "metrics": {
        "accuracy": 0.07896002565198802,
        "precision": 0.35833579332492466,
        "recall": 0.33523517455336443,
        "f1_score": 0.05029798885837191,
        "matthews_corrcoef": 0.023657446155543722,
        "cohen_kappa_score": 0.001505031814371005,
        "roc_auc_score": 0.6726662620766658,
        "log_loss": 8.067946354317671,
        "confusion_matrix": [
            [
                320,
                2,
                55764
            ],
            [
                0,
                0,
                13172
            ],
            [
                0,
                0,
                5590
            ]
        ],
        "classification_report": "              precision    recall  f1-score   support\n\n     00 - 05       1.00      0.01      0.01     56086\n     06 - 08       0.00      0.00      0.00     13172\n     09 - 20       0.08      1.00      0.14      5590\n\n    accuracy                           0.08     74848\n   macro avg       0.36      0.34      0.05     74848\nweighted avg       0.75      0.08      0.02     74848\n",
        "feature_importances": null,
        "elapsed_time_minutes": 0.032343212763468424,
        "cv_scores": [],
        "cv_scores_mean": null,
        "test_accuracy": 0.07896002565198802
    },
    "dataset_name": "subset_base.csv"
}