{
    "model_type": "RandomForest",
    "bins": [
        0,
        6,
        9,
        21
    ],
    "scaled": true,
    "tuned": false,
    "stratified_split_testing": false,
    "best_params": {},
    "metrics": {
        "accuracy": 0.8342507481829842,
        "precision": 0.7012179604319982,
        "recall": 0.751105027959349,
        "f1_score": 0.7230110594741542,
        "matthews_corrcoef": 0.6112763817570946,
        "cohen_kappa_score": 0.6092640434971573,
        "roc_auc_score": 0.9015910171797298,
        "log_loss": 1.2224563236307564,
        "confusion_matrix": [
            [
                49347,
                4309,
                2386
            ],
            [
                2884,
                9405,
                943
            ],
            [
                1241,
                643,
                3690
            ]
        ],
        "classification_report": "              precision    recall  f1-score   support\n\n     00 - 05       0.92      0.88      0.90     56042\n     06 - 08       0.66      0.71      0.68     13232\n     09 - 20       0.53      0.66      0.59      5574\n\n    accuracy                           0.83     74848\n   macro avg       0.70      0.75      0.72     74848\nweighted avg       0.85      0.83      0.84     74848\n",
        "feature_importances": {
            "time_in_month": 0.0854926928656923,
            "time_in_hour": 0.31581390715747504,
            "time_in_weekday": 0.11443495558315017,
            "requires_power": 0.00789662441580065,
            "time_in_business_day": 0.006400097214976218,
            "time_in_week_of_year": 0.13819967362304114,
            "time_in_week_of_month": 0.07304134768009805,
            "nominal_length_NOM20": 0.010153635414869628,
            "nominal_length_NOM40": 0.01049717572310944,
            "nominal_length_NOM45": 1.4639502661357835e-05,
            "freight_kind_FCL": 0.01620976357774125,
            "freight_kind_MTY": 0.016776871087567303,
            "category_EXPRT": 0.06201548056201787,
            "category_IMPRT": 0.10593769709339866,
            "category_STRGE": 0.009408736118245045,
            "category_THRGH": 0.0016780111009456144,
            "category_TRSHP": 0.02602869127921037
        },
        "elapsed_time_minutes": 0.7440866986910503,
        "cv_scores": [
            0.8732863748710374,
            0.8741167389109911,
            0.8759945965203967,
            0.8727436019238762,
            0.8747179502404845
        ],
        "test_accuracy": 0.8342507481829842
    },
    "dataset_name": "subset_base.csv"
}