{
    "model_type": "RandomForest",
    "bins": [
        0,
        6,
        12,
        21
    ],
    "scaled": false,
    "tuned": false,
    "stratified_split_testing": true,
    "best_params": {},
    "metrics": {
        "accuracy": 0.8686003634031637,
        "precision": 0.7773198345118463,
        "recall": 0.7094272999232084,
        "f1_score": 0.7389529019213456,
        "matthews_corrcoef": 0.6469582870262084,
        "cohen_kappa_score": 0.6448464932852976,
        "roc_auc_score": 0.9113370260958139,
        "log_loss": 0.7986335286695675,
        "confusion_matrix": [
            [
                52557,
                3275,
                254
            ],
            [
                5151,
                11490,
                227
            ],
            [
                649,
                279,
                966
            ]
        ],
        "classification_report": "              precision    recall  f1-score   support\n\n     00 - 05       0.90      0.94      0.92     56086\n     06 - 11       0.76      0.68      0.72     16868\n     12 - 20       0.67      0.51      0.58      1894\n\n    accuracy                           0.87     74848\n   macro avg       0.78      0.71      0.74     74848\nweighted avg       0.86      0.87      0.87     74848\n",
        "feature_importances": {
            "time_in_month": 0.07189262540225558,
            "time_in_hour": 0.2862474352072447,
            "time_in_weekday": 0.10761698623685373,
            "requires_power": 0.007862983187776418,
            "time_in_business_day": 0.006709782519275668,
            "time_in_week_of_year": 0.13894810609557598,
            "time_in_week_of_month": 0.06721106651395971,
            "nominal_length_NOM20": 0.006624423148555002,
            "nominal_length_NOM40": 0.006728442785793571,
            "nominal_length_NOM45": 1.8221614596808596e-05,
            "freight_kind_FCL": 0.02153219446572606,
            "freight_kind_MTY": 0.020476854817752594,
            "category_EXPRT": 0.10326604786350391,
            "category_IMPRT": 0.1278811364156417,
            "category_STRGE": 0.005003731989238693,
            "category_THRGH": 0.0025852445118351164,
            "category_TRSHP": 0.019394717224414815
        },
        "elapsed_time_minutes": 0.23802107969919842,
        "cv_scores": [
            0.8660108888072414,
            0.8650088513310398,
            0.8666288119175657,
            0.8677622459375052,
            0.8666098835947025
        ],
        "test_accuracy": 0.8686003634031637
    },
    "dataset_name": "subset_base.csv"
}