{
    "model_type": "RandomForest",
    "bins": [
        0,
        3,
        12,
        21
    ],
    "scaled": true,
    "tuned": false,
    "stratified_split_testing": false,
    "best_params": {},
    "metrics": {
        "accuracy": 0.79366182129115,
        "precision": 0.6760505787254966,
        "recall": 0.761598699851077,
        "f1_score": 0.7036204391939304,
        "matthews_corrcoef": 0.6216657606946884,
        "cohen_kappa_score": 0.6107372149077145,
        "roc_auc_score": 0.8982214090577946,
        "log_loss": 0.8212314471826293,
        "confusion_matrix": [
            [
                25739,
                3189,
                412
            ],
            [
                9909,
                32458,
                1325
            ],
            [
                190,
                419,
                1207
            ]
        ],
        "classification_report": "              precision    recall  f1-score   support\n\n     00 - 02       0.72      0.88      0.79     29340\n     03 - 11       0.90      0.74      0.81     43692\n     12 - 20       0.41      0.66      0.51      1816\n\n    accuracy                           0.79     74848\n   macro avg       0.68      0.76      0.70     74848\nweighted avg       0.82      0.79      0.80     74848\n",
        "feature_importances": {
            "time_in_month": 0.08535888693215081,
            "time_in_hour": 0.19789077162691807,
            "time_in_weekday": 0.11613247755962784,
            "requires_power": 0.006907236919685744,
            "time_in_business_day": 0.007848934241410577,
            "time_in_week_of_year": 0.13082050343138993,
            "time_in_week_of_month": 0.07293236058654605,
            "nominal_length_NOM20": 0.011212383380721917,
            "nominal_length_NOM40": 0.011184629798558589,
            "nominal_length_NOM45": 8.746725163312898e-06,
            "freight_kind_FCL": 0.03129937427490058,
            "freight_kind_MTY": 0.03269031394894861,
            "category_EXPRT": 0.08895810366199201,
            "category_IMPRT": 0.14402933788861383,
            "category_STRGE": 0.02363620383195543,
            "category_THRGH": 0.004297332309137911,
            "category_TRSHP": 0.03479240288227889
        },
        "elapsed_time_minutes": 0.4997534155845642,
        "cv_scores": [
            0.8684270974904769,
            0.8685323787829483,
            0.8692884898834249,
            0.8659947741694662,
            0.8679951378719576
        ],
        "test_accuracy": 0.79366182129115
    },
    "dataset_name": "subset_base.csv"
}