{
    "model_type": "RandomForest",
    "bins": [
        0,
        3,
        12,
        21
    ],
    "scaled": true,
    "tuned": false,
    "stratified_split_testing": true,
    "best_params": {},
    "metrics": {
        "accuracy": 0.7465663745190252,
        "precision": 0.598807370799133,
        "recall": 0.7441442377728706,
        "f1_score": 0.6106979089477874,
        "matthews_corrcoef": 0.5597693770867097,
        "cohen_kappa_score": 0.5467512220956716,
        "roc_auc_score": 0.881677948755454,
        "log_loss": 0.7442523018145948,
        "confusion_matrix": [
            [
                23232,
                2818,
                3373
            ],
            [
                9067,
                31275,
                3189
            ],
            [
                173,
                349,
                1372
            ]
        ],
        "classification_report": "              precision    recall  f1-score   support\n\n     00 - 02       0.72      0.79      0.75     29423\n     03 - 11       0.91      0.72      0.80     43531\n     12 - 20       0.17      0.72      0.28      1894\n\n    accuracy                           0.75     74848\n   macro avg       0.60      0.74      0.61     74848\nweighted avg       0.81      0.75      0.77     74848\n",
        "feature_importances": {
            "time_in_month": 0.086905559195119,
            "time_in_hour": 0.1975479805345274,
            "time_in_weekday": 0.11574600614492281,
            "requires_power": 0.007047925452253787,
            "time_in_business_day": 0.00848374060391592,
            "time_in_week_of_year": 0.1289006472457902,
            "time_in_week_of_month": 0.07382177276848798,
            "nominal_length_NOM20": 0.011459754903391475,
            "nominal_length_NOM40": 0.011072982044779522,
            "nominal_length_NOM45": 1.2639066939115843e-05,
            "freight_kind_FCL": 0.03447280522656372,
            "freight_kind_MTY": 0.03278819617708032,
            "category_EXPRT": 0.08434090003942435,
            "category_IMPRT": 0.13982637375363782,
            "category_STRGE": 0.027494344478971262,
            "category_THRGH": 0.004411236081747434,
            "category_TRSHP": 0.0356671362824478
        },
        "elapsed_time_minutes": 0.495811915397644,
        "cv_scores": [
            0.8692280476960002,
            0.8679932681826006,
            0.8697909694199545,
            0.8690164279293924,
            0.8681940752357092
        ],
        "test_accuracy": 0.7465663745190252
    },
    "dataset_name": "subset_base.csv"
}