{
    "model_type": "RandomForest",
    "bins": [
        0,
        6,
        11,
        21
    ],
    "scaled": false,
    "tuned": false,
    "stratified_split_testing": false,
    "best_params": {},
    "metrics": {
        "accuracy": 0.8653537836682342,
        "precision": 0.7674740242655974,
        "recall": 0.7010997117092962,
        "f1_score": 0.7297979413362311,
        "matthews_corrcoef": 0.6409907954411243,
        "cohen_kappa_score": 0.6389271426399067,
        "roc_auc_score": 0.9093041734829009,
        "log_loss": 0.8431767889104184,
        "confusion_matrix": [
            [
                52480,
                3211,
                351
            ],
            [
                4966,
                11096,
                301
            ],
            [
                874,
                375,
                1194
            ]
        ],
        "classification_report": "              precision    recall  f1-score   support\n\n     00 - 05       0.90      0.94      0.92     56042\n     06 - 10       0.76      0.68      0.71     16363\n     11 - 20       0.65      0.49      0.56      2443\n\n    accuracy                           0.87     74848\n   macro avg       0.77      0.70      0.73     74848\nweighted avg       0.86      0.87      0.86     74848\n",
        "feature_importances": {
            "time_in_month": 0.0731816019420812,
            "time_in_hour": 0.29103231951306124,
            "time_in_weekday": 0.10765012931061932,
            "requires_power": 0.007744390855777319,
            "time_in_business_day": 0.006755300764295036,
            "time_in_week_of_year": 0.1387016329103921,
            "time_in_week_of_month": 0.0669476861862045,
            "nominal_length_NOM20": 0.006516003597961414,
            "nominal_length_NOM40": 0.006841702198532806,
            "nominal_length_NOM45": 1.6716781292750836e-05,
            "freight_kind_FCL": 0.02022455467230073,
            "freight_kind_MTY": 0.020482735552486253,
            "category_EXPRT": 0.097748961742245,
            "category_IMPRT": 0.13132944377842004,
            "category_STRGE": 0.0046105484390420145,
            "category_THRGH": 0.002651455463711319,
            "category_TRSHP": 0.017564816291577065
        },
        "elapsed_time_minutes": 0.24312046766281128,
        "cv_scores": [
            0.8646247369651625,
            0.8642907244730953,
            0.8623868532683122,
            0.8640379444527949,
            0.8644554670407669
        ],
        "test_accuracy": 0.8653537836682342
    },
    "dataset_name": "subset_base.csv"
}