{
    "model_type": "RandomForest",
    "bins": [
        0,
        4,
        12,
        21
    ],
    "scaled": false,
    "tuned": false,
    "stratified_split_testing": true,
    "best_params": {},
    "metrics": {
        "accuracy": 0.8356936725096195,
        "precision": 0.784619206203773,
        "recall": 0.7266527264804857,
        "f1_score": 0.750389762916356,
        "matthews_corrcoef": 0.6814235486714854,
        "cohen_kappa_score": 0.6778160888088184,
        "roc_auc_score": 0.9089405155537467,
        "log_loss": 0.837714981977474,
        "confusion_matrix": [
            [
                36878,
                3561,
                140
            ],
            [
                7330,
                24710,
                335
            ],
            [
                382,
                550,
                962
            ]
        ],
        "classification_report": "              precision    recall  f1-score   support\n\n     00 - 03       0.83      0.91      0.87     40579\n     04 - 11       0.86      0.76      0.81     32375\n     12 - 20       0.67      0.51      0.58      1894\n\n    accuracy                           0.84     74848\n   macro avg       0.78      0.73      0.75     74848\nweighted avg       0.84      0.84      0.83     74848\n",
        "feature_importances": {
            "time_in_month": 0.05310094425536355,
            "time_in_hour": 0.21580207466094437,
            "time_in_weekday": 0.08570841647966942,
            "requires_power": 0.00719302599169116,
            "time_in_business_day": 0.005813498866470677,
            "time_in_week_of_year": 0.10098309072225499,
            "time_in_week_of_month": 0.04894743207203219,
            "nominal_length_NOM20": 0.005899479387256506,
            "nominal_length_NOM40": 0.005743085063984407,
            "nominal_length_NOM45": 1.1035888935462512e-05,
            "freight_kind_FCL": 0.03022736963746459,
            "freight_kind_MTY": 0.03130485475992582,
            "category_EXPRT": 0.17560854875262588,
            "category_IMPRT": 0.20122794550795128,
            "category_STRGE": 0.005813276298847975,
            "category_THRGH": 0.005125535236618328,
            "category_TRSHP": 0.021490386417963463
        },
        "elapsed_time_minutes": 0.341802183787028,
        "cv_scores": [
            0.8319750158655934,
            0.8326931427235379,
            0.8303717559036708,
            0.8315880889156103,
            0.8304357265728076
        ],
        "test_accuracy": 0.8356936725096195
    },
    "dataset_name": "subset_base.csv"
}