{
    "model_type": "RandomForest",
    "bins": [
        0,
        6,
        11,
        21
    ],
    "scaled": false,
    "tuned": false,
    "stratified_split_testing": true,
    "best_params": {},
    "metrics": {
        "accuracy": 0.8667967079948696,
        "precision": 0.7721412005777717,
        "recall": 0.7060980055225308,
        "f1_score": 0.7348013973381716,
        "matthews_corrcoef": 0.6442261951209162,
        "cohen_kappa_score": 0.6420950401180217,
        "roc_auc_score": 0.9090546281123784,
        "log_loss": 0.8499446399909342,
        "confusion_matrix": [
            [
                52587,
                3155,
                344
            ],
            [
                4953,
                11058,
                298
            ],
            [
                848,
                372,
                1233
            ]
        ],
        "classification_report": "              precision    recall  f1-score   support\n\n     00 - 05       0.90      0.94      0.92     56086\n     06 - 10       0.76      0.68      0.72     16309\n     11 - 20       0.66      0.50      0.57      2453\n\n    accuracy                           0.87     74848\n   macro avg       0.77      0.71      0.73     74848\nweighted avg       0.86      0.87      0.86     74848\n",
        "feature_importances": {
            "time_in_month": 0.07406191270549421,
            "time_in_hour": 0.2922637931725514,
            "time_in_weekday": 0.10683736348319238,
            "requires_power": 0.007526081533836202,
            "time_in_business_day": 0.006972782595367392,
            "time_in_week_of_year": 0.13762575212557251,
            "time_in_week_of_month": 0.06572715992544864,
            "nominal_length_NOM20": 0.006914474043459483,
            "nominal_length_NOM40": 0.007594280796749543,
            "nominal_length_NOM45": 2.2313228698148735e-05,
            "freight_kind_FCL": 0.021857146251694458,
            "freight_kind_MTY": 0.020724563094477705,
            "category_EXPRT": 0.10474363221035937,
            "category_IMPRT": 0.1231811809827853,
            "category_STRGE": 0.004775341584476786,
            "category_THRGH": 0.0025461061260449586,
            "category_TRSHP": 0.016626116139791564
        },
        "elapsed_time_minutes": 0.24118546644846597,
        "cv_scores": [
            0.8644577307191289,
            0.8636226994889609,
            0.8646748388389726,
            0.865708034804683,
            0.8646391769794746
        ],
        "test_accuracy": 0.8667967079948696
    },
    "dataset_name": "subset_base.csv"
}