{
    "model_type": "RandomForest",
    "bins": [
        0,
        5,
        10,
        21
    ],
    "scaled": false,
    "tuned": false,
    "stratified_split_testing": false,
    "best_params": {},
    "metrics": {
        "accuracy": 0.8465156049593844,
        "precision": 0.774591846562488,
        "recall": 0.718448500242019,
        "f1_score": 0.7426729514229021,
        "matthews_corrcoef": 0.6684651102064577,
        "cohen_kappa_score": 0.6665203720778687,
        "roc_auc_score": 0.9097733225285065,
        "log_loss": 0.9642149597696309,
        "confusion_matrix": [
            [
                45628,
                3344,
                422
            ],
            [
                5496,
                15985,
                512
            ],
            [
                967,
                747,
                1747
            ]
        ],
        "classification_report": "              precision    recall  f1-score   support\n\n     00 - 04       0.88      0.92      0.90     49394\n     05 - 09       0.80      0.73      0.76     21993\n     10 - 20       0.65      0.50      0.57      3461\n\n    accuracy                           0.85     74848\n   macro avg       0.77      0.72      0.74     74848\nweighted avg       0.84      0.85      0.84     74848\n",
        "feature_importances": {
            "time_in_month": 0.06305944096308383,
            "time_in_hour": 0.2617071773057389,
            "time_in_weekday": 0.09488510678620923,
            "requires_power": 0.0076687566870855305,
            "time_in_business_day": 0.005717856090446259,
            "time_in_week_of_year": 0.12094899172302298,
            "time_in_week_of_month": 0.0601426134934117,
            "nominal_length_NOM20": 0.006288565608288825,
            "nominal_length_NOM40": 0.006501294909176813,
            "nominal_length_NOM45": 2.711450360605988e-05,
            "freight_kind_FCL": 0.025694079674567622,
            "freight_kind_MTY": 0.027005522952093682,
            "category_EXPRT": 0.13564957966153612,
            "category_IMPRT": 0.15596750294608985,
            "category_STRGE": 0.005442955624984275,
            "category_THRGH": 0.003534003987099709,
            "category_TRSHP": 0.01975943708355866
        },
        "elapsed_time_minutes": 0.24222441911697387,
        "cv_scores": [
            0.8449012993085941,
            0.8429306256053977,
            0.843966064330806,
            0.8417589391586084,
            0.8458005578101775
        ],
        "test_accuracy": 0.8465156049593844
    },
    "dataset_name": "subset_base.csv"
}