{
    "model_type": "RandomForest",
    "bins": [
        0,
        5,
        10,
        21
    ],
    "scaled": true,
    "tuned": false,
    "stratified_split_testing": true,
    "best_params": {},
    "metrics": {
        "accuracy": 0.7597530996152202,
        "precision": 0.621209626814065,
        "recall": 0.7332569891405409,
        "f1_score": 0.6495264704215952,
        "matthews_corrcoef": 0.5511737279501463,
        "cohen_kappa_score": 0.542006684604099,
        "roc_auc_score": 0.879108425961071,
        "log_loss": 0.8431007605431239,
        "confusion_matrix": [
            [
                38135,
                7558,
                3828
            ],
            [
                3742,
                16384,
                1754
            ],
            [
                523,
                577,
                2347
            ]
        ],
        "classification_report": "              precision    recall  f1-score   support\n\n     00 - 04       0.90      0.77      0.83     49521\n     05 - 09       0.67      0.75      0.71     21880\n     10 - 20       0.30      0.68      0.41      3447\n\n    accuracy                           0.76     74848\n   macro avg       0.62      0.73      0.65     74848\nweighted avg       0.80      0.76      0.77     74848\n",
        "feature_importances": {
            "time_in_month": 0.08386791327186398,
            "time_in_hour": 0.2786481099345272,
            "time_in_weekday": 0.11300343431279297,
            "requires_power": 0.007911974434439036,
            "time_in_business_day": 0.006700609533792052,
            "time_in_week_of_year": 0.13245661047659246,
            "time_in_week_of_month": 0.07430503815628885,
            "nominal_length_NOM20": 0.010255894397181742,
            "nominal_length_NOM40": 0.009971076289833661,
            "nominal_length_NOM45": 1.2295899511105577e-05,
            "freight_kind_FCL": 0.02052608682898984,
            "freight_kind_MTY": 0.019254397493072176,
            "category_EXPRT": 0.07613796745205934,
            "category_IMPRT": 0.11545415646101845,
            "category_STRGE": 0.015642428578731007,
            "category_THRGH": 0.0019973414885849066,
            "category_TRSHP": 0.03385466499072129
        },
        "elapsed_time_minutes": 0.6135953823725383,
        "cv_scores": [
            0.8716076385967864,
            0.8719946159670228,
            0.8729199966349794,
            0.8742901849935644,
            0.8709167234518672
        ],
        "test_accuracy": 0.7597530996152202
    },
    "dataset_name": "subset_base.csv"
}