{
    "model_type": "RandomForest",
    "bins": [
        0,
        3,
        9,
        21
    ],
    "scaled": true,
    "tuned": false,
    "stratified_split_testing": false,
    "best_params": {},
    "metrics": {
        "accuracy": 0.7642822787516033,
        "precision": 0.7041922012404324,
        "recall": 0.7444214660042202,
        "f1_score": 0.7169319664597852,
        "matthews_corrcoef": 0.5993412059669453,
        "cohen_kappa_score": 0.5907218766247991,
        "roc_auc_score": 0.8888766882610382,
        "log_loss": 1.070457276689992,
        "confusion_matrix": [
            [
                25482,
                3212,
                646
            ],
            [
                9282,
                28028,
                2624
            ],
            [
                535,
                1344,
                3695
            ]
        ],
        "classification_report": "              precision    recall  f1-score   support\n\n     00 - 02       0.72      0.87      0.79     29340\n     03 - 08       0.86      0.70      0.77     39934\n     09 - 20       0.53      0.66      0.59      5574\n\n    accuracy                           0.76     74848\n   macro avg       0.70      0.74      0.72     74848\nweighted avg       0.78      0.76      0.77     74848\n",
        "feature_importances": {
            "time_in_month": 0.07512362444460746,
            "time_in_hour": 0.26209041100929026,
            "time_in_weekday": 0.1137241615251865,
            "requires_power": 0.007456410819649831,
            "time_in_business_day": 0.007359179287996323,
            "time_in_week_of_year": 0.12236387147990596,
            "time_in_week_of_month": 0.06363976807486418,
            "nominal_length_NOM20": 0.008480597049604133,
            "nominal_length_NOM40": 0.008613962366967237,
            "nominal_length_NOM45": 8.975708148963322e-06,
            "freight_kind_FCL": 0.024279644792906424,
            "freight_kind_MTY": 0.023945607444185255,
            "category_EXPRT": 0.08834500314518857,
            "category_IMPRT": 0.147349191382706,
            "category_STRGE": 0.0101796634326897,
            "category_THRGH": 0.004067354305380612,
            "category_TRSHP": 0.03297257373072272
        },
        "elapsed_time_minutes": 0.4549102703730265,
        "cv_scores": [
            0.8290307071636113,
            0.8294678971957733,
            0.8303353993122694,
            0.8265309321989611,
            0.8294156380321289
        ],
        "test_accuracy": 0.7642822787516033
    },
    "dataset_name": "subset_base.csv"
}