{
    "model_type": "RandomForest",
    "bins": [
        0,
        3,
        10,
        21
    ],
    "scaled": false,
    "tuned": false,
    "stratified_split_testing": true,
    "best_params": {},
    "metrics": {
        "accuracy": 0.7914172723386063,
        "precision": 0.7522778288950459,
        "recall": 0.7073737342581311,
        "f1_score": 0.7244431035541522,
        "matthews_corrcoef": 0.6096420655181896,
        "cohen_kappa_score": 0.607306174024205,
        "roc_auc_score": 0.8963268994996545,
        "log_loss": 0.8549200750364534,
        "confusion_matrix": [
            [
                24443,
                4796,
                184
            ],
            [
                8268,
                33056,
                654
            ],
            [
                439,
                1271,
                1737
            ]
        ],
        "classification_report": "              precision    recall  f1-score   support\n\n     00 - 02       0.74      0.83      0.78     29423\n     03 - 09       0.84      0.79      0.82     41978\n     10 - 20       0.67      0.50      0.58      3447\n\n    accuracy                           0.79     74848\n   macro avg       0.75      0.71      0.72     74848\nweighted avg       0.79      0.79      0.79     74848\n",
        "feature_importances": {
            "time_in_month": 0.05162512635017247,
            "time_in_hour": 0.2103382117064329,
            "time_in_weekday": 0.0870885978947488,
            "requires_power": 0.00808608669844099,
            "time_in_business_day": 0.00764374565213495,
            "time_in_week_of_year": 0.0944399287713616,
            "time_in_week_of_month": 0.046173100977056486,
            "nominal_length_NOM20": 0.006518541170966414,
            "nominal_length_NOM40": 0.006388594526388828,
            "nominal_length_NOM45": 1.9586580421596743e-05,
            "freight_kind_FCL": 0.031096497703763222,
            "freight_kind_MTY": 0.030164414748415698,
            "category_EXPRT": 0.19032561207397075,
            "category_IMPRT": 0.19276214972267836,
            "category_STRGE": 0.009201816975974298,
            "category_THRGH": 0.007469243231096196,
            "category_TRSHP": 0.0206587452159765
        },
        "elapsed_time_minutes": 0.24150726397832234,
        "cv_scores": [
            0.7883195831524099,
            0.7903069574802097,
            0.7881024750325663,
            0.7879820298278137,
            0.7861950331512935
        ],
        "test_accuracy": 0.7914172723386063
    },
    "dataset_name": "subset_base.csv"
}