{
    "model_type": "RandomForest",
    "bins": [
        0,
        6,
        9,
        21
    ],
    "scaled": true,
    "tuned": false,
    "stratified_split_testing": true,
    "best_params": {},
    "metrics": {
        "accuracy": 0.7906557289439932,
        "precision": 0.6439849587538028,
        "recall": 0.744968498416703,
        "f1_score": 0.6792221360469344,
        "matthews_corrcoef": 0.5550827776662315,
        "cohen_kappa_score": 0.5440769454220169,
        "roc_auc_score": 0.8806421975590014,
        "log_loss": 0.8339775972932963,
        "confusion_matrix": [
            [
                45774,
                6042,
                4270
            ],
            [
                2497,
                9510,
                1165
            ],
            [
                1007,
                688,
                3895
            ]
        ],
        "classification_report": "              precision    recall  f1-score   support\n\n     00 - 05       0.93      0.82      0.87     56086\n     06 - 08       0.59      0.72      0.65     13172\n     09 - 20       0.42      0.70      0.52      5590\n\n    accuracy                           0.79     74848\n   macro avg       0.64      0.74      0.68     74848\nweighted avg       0.83      0.79      0.80     74848\n",
        "feature_importances": {
            "time_in_month": 0.08608659000527766,
            "time_in_hour": 0.3115587743550619,
            "time_in_weekday": 0.11924182913658779,
            "requires_power": 0.007655906389779305,
            "time_in_business_day": 0.00689264570624586,
            "time_in_week_of_year": 0.13636789752311324,
            "time_in_week_of_month": 0.07314032540834521,
            "nominal_length_NOM20": 0.010007195583080962,
            "nominal_length_NOM40": 0.010608987998913376,
            "nominal_length_NOM45": 1.485426378637369e-05,
            "freight_kind_FCL": 0.01678503887791914,
            "freight_kind_MTY": 0.01755805242979352,
            "category_EXPRT": 0.06078019237254261,
            "category_IMPRT": 0.10622455073731206,
            "category_STRGE": 0.009809220535743422,
            "category_THRGH": 0.0017842890644425154,
            "category_TRSHP": 0.02548364961205509
        },
        "elapsed_time_minutes": 0.7449868361155192,
        "cv_scores": [
            0.8739959317604787,
            0.872325577942421,
            0.8746566494929549,
            0.8746714970824486,
            0.8751605407532238
        ],
        "test_accuracy": 0.7906557289439932
    },
    "dataset_name": "subset_base.csv"
}