{
    "model_type": "RandomForest",
    "bins": [
        0,
        5,
        11,
        21
    ],
    "scaled": false,
    "tuned": false,
    "stratified_split_testing": false,
    "best_params": {},
    "metrics": {
        "accuracy": 0.8510447840957674,
        "precision": 0.7765265754649754,
        "recall": 0.7169477712422158,
        "f1_score": 0.7425165027355383,
        "matthews_corrcoef": 0.6742009411021005,
        "cohen_kappa_score": 0.6723750636628127,
        "roc_auc_score": 0.9105304952221491,
        "log_loss": 0.9094086775873232,
        "confusion_matrix": [
            [
                45574,
                3541,
                279
            ],
            [
                5714,
                16921,
                376
            ],
            [
                680,
                559,
                1204
            ]
        ],
        "classification_report": "              precision    recall  f1-score   support\n\n     00 - 04       0.88      0.92      0.90     49394\n     05 - 10       0.80      0.74      0.77     23011\n     11 - 20       0.65      0.49      0.56      2443\n\n    accuracy                           0.85     74848\n   macro avg       0.78      0.72      0.74     74848\nweighted avg       0.85      0.85      0.85     74848\n",
        "feature_importances": {
            "time_in_month": 0.06256638567825239,
            "time_in_hour": 0.25669969678452315,
            "time_in_weekday": 0.09265681789361152,
            "requires_power": 0.0072263574347527755,
            "time_in_business_day": 0.005542001999735254,
            "time_in_week_of_year": 0.11904648202608487,
            "time_in_week_of_month": 0.058309476990623034,
            "nominal_length_NOM20": 0.005814432266969341,
            "nominal_length_NOM40": 0.006163373703998288,
            "nominal_length_NOM45": 2.7288499786296736e-05,
            "freight_kind_FCL": 0.025737632288578415,
            "freight_kind_MTY": 0.027862932179467205,
            "category_EXPRT": 0.13849714277588365,
            "category_IMPRT": 0.16453837702737542,
            "category_STRGE": 0.005794402682693388,
            "category_THRGH": 0.0034759851505467977,
            "category_TRSHP": 0.02004121461711831
        },
        "elapsed_time_minutes": 0.23747883240381876,
        "cv_scores": [
            0.8496943785697585,
            0.8476903036173553,
            0.8483917298506964,
            0.8471366300916879,
            0.8498254755582277
        ],
        "test_accuracy": 0.8510447840957674
    },
    "dataset_name": "subset_base.csv"
}