{
    "model_type": "RandomForest",
    "bins": [
        0,
        6,
        10,
        21
    ],
    "scaled": true,
    "tuned": false,
    "stratified_split_testing": false,
    "best_params": {},
    "metrics": {
        "accuracy": 0.8380050235143224,
        "precision": 0.6878246636810653,
        "recall": 0.7527713149358893,
        "f1_score": 0.7147741217582526,
        "matthews_corrcoef": 0.6136491352632949,
        "cohen_kappa_score": 0.6115389538697525,
        "roc_auc_score": 0.9034311982062144,
        "log_loss": 1.0988731927396802,
        "confusion_matrix": [
            [
                49268,
                4953,
                1821
            ],
            [
                3382,
                11210,
                753
            ],
            [
                787,
                429,
                2245
            ]
        ],
        "classification_report": "              precision    recall  f1-score   support\n\n     00 - 05       0.92      0.88      0.90     56042\n     06 - 09       0.68      0.73      0.70     15345\n     10 - 20       0.47      0.65      0.54      3461\n\n    accuracy                           0.84     74848\n   macro avg       0.69      0.75      0.71     74848\nweighted avg       0.85      0.84      0.84     74848\n",
        "feature_importances": {
            "time_in_month": 0.0854358738290259,
            "time_in_hour": 0.28750604660844253,
            "time_in_weekday": 0.12016124872579727,
            "requires_power": 0.008110643115305724,
            "time_in_business_day": 0.007164958142333836,
            "time_in_week_of_year": 0.1362232882889401,
            "time_in_week_of_month": 0.07471040139449317,
            "nominal_length_NOM20": 0.010360034095594195,
            "nominal_length_NOM40": 0.010442152198953508,
            "nominal_length_NOM45": 7.530215177220939e-06,
            "freight_kind_FCL": 0.018304986421383777,
            "freight_kind_MTY": 0.01685680090440907,
            "category_EXPRT": 0.06727820464295584,
            "category_IMPRT": 0.10707116660927037,
            "category_STRGE": 0.017552715735307846,
            "category_THRGH": 0.001793841257069282,
            "category_TRSHP": 0.03102010781554028
        },
        "elapsed_time_minutes": 0.7332080483436585,
        "cv_scores": [
            0.8843975684522263,
            0.8860296300694733,
            0.8869648476931299,
            0.8856214001543852,
            0.8864972388813016
        ],
        "test_accuracy": 0.8380050235143224
    },
    "dataset_name": "subset_base.csv"
}