{
    "model_type": "RandomForest",
    "bins": [
        0,
        4,
        9,
        21
    ],
    "scaled": true,
    "tuned": false,
    "stratified_split_testing": false,
    "best_params": {},
    "metrics": {
        "accuracy": 0.8008497221034631,
        "precision": 0.7284359557656641,
        "recall": 0.7519338727691061,
        "f1_score": 0.7372025189608028,
        "matthews_corrcoef": 0.6430406637472715,
        "cohen_kappa_score": 0.6414723612041893,
        "roc_auc_score": 0.8967420063247545,
        "log_loss": 1.222903797139157,
        "confusion_matrix": [
            [
                35471,
                3773,
                1156
            ],
            [
                6078,
                20808,
                1988
            ],
            [
                774,
                1137,
                3663
            ]
        ],
        "classification_report": "              precision    recall  f1-score   support\n\n     00 - 03       0.84      0.88      0.86     40400\n     04 - 08       0.81      0.72      0.76     28874\n     09 - 20       0.54      0.66      0.59      5574\n\n    accuracy                           0.80     74848\n   macro avg       0.73      0.75      0.74     74848\nweighted avg       0.80      0.80      0.80     74848\n",
        "feature_importances": {
            "time_in_month": 0.0805021377472612,
            "time_in_hour": 0.29112142598190005,
            "time_in_weekday": 0.10916780907915805,
            "requires_power": 0.00790032930778202,
            "time_in_business_day": 0.0068585396513139935,
            "time_in_week_of_year": 0.1290797728617207,
            "time_in_week_of_month": 0.06732065193255318,
            "nominal_length_NOM20": 0.009663210608083703,
            "nominal_length_NOM40": 0.009642587687557417,
            "nominal_length_NOM45": 9.344763358834073e-06,
            "freight_kind_FCL": 0.021243171037268468,
            "freight_kind_MTY": 0.020690318264733724,
            "category_EXPRT": 0.07517439652495825,
            "category_IMPRT": 0.13032046436975075,
            "category_STRGE": 0.00860802804790345,
            "category_THRGH": 0.0027598745967990857,
            "category_TRSHP": 0.02993793753789698
        },
        "elapsed_time_minutes": 0.5539057334264119,
        "cv_scores": [
            0.8393025641025641,
            0.835948717948718,
            0.8387060380106462,
            0.8363880655186207,
            0.8369111478066442
        ],
        "test_accuracy": 0.8008497221034631
    },
    "dataset_name": "subset_base.csv"
}