{
    "model_type": "GradientBoosting",
    "bins": [
        0,
        4,
        12,
        21
    ],
    "scaled": false,
    "scoring": "f1_weighted",
    "tuned": true,
    "stratified_split_testing": false,
    "week": 2,
    "month": 3,
    "metrics": {
        "accuracy": 0.22581450505554862,
        "precision": 0.7429088032203982,
        "recall": 0.2258145050555486,
        "f1_score": 0.18400379954835536,
        "matthews_corrcoef": -0.039167577761741415,
        "cohen_kappa_score": -0.025075765705006026,
        "roc_auc_score": 0.7588095043543491,
        "log_loss": 3.622240438173765,
        "confusion_matrix": [
            [
                19,
                3014,
                1713
            ],
            [
                0,
                1776,
                1475
            ],
            [
                0,
                0,
                14
            ]
        ],
        "classification_report": "              precision    recall  f1-score   support\n\n     00 - 03       1.00      0.00      0.01      4746\n     04 - 11       0.37      0.55      0.44      3251\n     12 - 20       0.00      1.00      0.01        14\n\n    accuracy                           0.23      8011\n   macro avg       0.46      0.52      0.15      8011\nweighted avg       0.74      0.23      0.18      8011\n",
        "feature_importances": {
            "time_in_month": 0.030332439205100526,
            "time_in_hour": 0.029673396356230813,
            "time_in_weekday": 0.07389227709484737,
            "requires_power": 0.0018343938237717604,
            "time_in_business_day": 0.013975884038517869,
            "time_in_week_of_year": 0.07213135150042674,
            "time_in_week_of_month": 0.02424954109642045,
            "nominal_length_NOM20": 0.005456139777984728,
            "nominal_length_NOM40": 0.007416534025693837,
            "nominal_length_NOM45": 2.1265512571941072e-05,
            "freight_kind_FCL": 0.05292676406067458,
            "freight_kind_MTY": 0.0826173711749757,
            "category_EXPRT": 0.2306310815151358,
            "category_IMPRT": 0.31466840681248104,
            "category_STRGE": 0.01370848911925858,
            "category_THRGH": 0.008599667403362456,
            "category_TRSHP": 0.03786499748254584
        },
        "elapsed_time_minutes": null
    },
    "dataset_name": "subset_base.csv"
}