{
    "model_type": "KNN",
    "bins": [
        0,
        4,
        12,
        21
    ],
    "scaled": false,
    "scoring": "roc_auc_ovr_weighted",
    "tuned": true,
    "stratified_split_testing": false,
    "week": 1,
    "month": 1,
    "metrics": {
        "accuracy": 0.6697996918335901,
        "precision": 0.6902622698169223,
        "recall": 0.6697996918335901,
        "f1_score": 0.6690278634017593,
        "matthews_corrcoef": 0.3741432439478388,
        "cohen_kappa_score": 0.3624265479701698,
        "roc_auc_score": 0.7230300105368034,
        "log_loss": 1.6878481216432408,
        "confusion_matrix": [
            [
                2368,
                1404,
                25
            ],
            [
                586,
                1979,
                20
            ],
            [
                50,
                58,
                0
            ]
        ],
        "classification_report": "              precision    recall  f1-score   support\n\n     00 - 03       0.79      0.62      0.70      3797\n     04 - 11       0.58      0.77      0.66      2585\n     12 - 20       0.00      0.00      0.00       108\n\n    accuracy                           0.67      6490\n   macro avg       0.45      0.46      0.45      6490\nweighted avg       0.69      0.67      0.67      6490\n",
        "feature_importances": null,
        "elapsed_time_minutes": null
    },
    "dataset_name": "subset_base.csv"
}