{
    "model_type": "KNN",
    "bins": [
        0,
        4,
        12,
        21
    ],
    "scaled": false,
    "scoring": "f1_micro",
    "tuned": true,
    "stratified_split_testing": false,
    "week": 3,
    "month": 1,
    "metrics": {
        "accuracy": 0.6444966814159292,
        "precision": 0.6371570060549532,
        "recall": 0.6444966814159292,
        "f1_score": 0.6374757161103332,
        "matthews_corrcoef": 0.30430359914594385,
        "cohen_kappa_score": 0.3009950070137447,
        "roc_auc_score": 0.6634264941037719,
        "log_loss": 2.6184051880755352,
        "confusion_matrix": [
            [
                2060,
                1459,
                6
            ],
            [
                979,
                2601,
                1
            ],
            [
                27,
                99,
                0
            ]
        ],
        "classification_report": "              precision    recall  f1-score   support\n\n     00 - 03       0.67      0.58      0.63      3525\n     04 - 11       0.63      0.73      0.67      3581\n     12 - 20       0.00      0.00      0.00       126\n\n    accuracy                           0.64      7232\n   macro avg       0.43      0.44      0.43      7232\nweighted avg       0.64      0.64      0.64      7232\n",
        "feature_importances": null,
        "elapsed_time_minutes": null
    },
    "dataset_name": "subset_base.csv"
}