{
    "model_type": "KNN",
    "bins": [
        0,
        4,
        12,
        21
    ],
    "scaled": false,
    "scoring": "roc_auc_ovr_weighted",
    "tuned": true,
    "stratified_split_testing": false,
    "week": 4,
    "month": 1,
    "metrics": {
        "accuracy": 0.6750312469954812,
        "precision": 0.6549324425578327,
        "recall": 0.6750312469954812,
        "f1_score": 0.6627824414353042,
        "matthews_corrcoef": 0.3674443191930592,
        "cohen_kappa_score": 0.364433263556435,
        "roc_auc_score": 0.7281768625907402,
        "log_loss": 1.7571317624010283,
        "confusion_matrix": [
            [
                4061,
                1224,
                0
            ],
            [
                1845,
                2960,
                0
            ],
            [
                116,
                195,
                0
            ]
        ],
        "classification_report": "              precision    recall  f1-score   support\n\n     00 - 03       0.67      0.77      0.72      5285\n     04 - 11       0.68      0.62      0.64      4805\n     12 - 20       0.00      0.00      0.00       311\n\n    accuracy                           0.68     10401\n   macro avg       0.45      0.46      0.45     10401\nweighted avg       0.65      0.68      0.66     10401\n",
        "feature_importances": null,
        "elapsed_time_minutes": null
    },
    "dataset_name": "subset_base.csv"
}