{
    "model_type": "KNN",
    "bins": [
        0,
        4,
        12,
        21
    ],
    "scaled": false,
    "scoring": "f1_weighted",
    "tuned": true,
    "stratified_split_testing": false,
    "week": 1,
    "month": 3,
    "metrics": {
        "accuracy": 0.7189668904312209,
        "precision": 0.7454091027396957,
        "recall": 0.7189668904312209,
        "f1_score": 0.7297186847433533,
        "matthews_corrcoef": 0.45933816951229844,
        "cohen_kappa_score": 0.4560537799622214,
        "roc_auc_score": 0.7466958298464084,
        "log_loss": 2.7138281166140086,
        "confusion_matrix": [
            [
                3742,
                1169,
                323
            ],
            [
                846,
                2559,
                32
            ],
            [
                68,
                32,
                18
            ]
        ],
        "classification_report": "              precision    recall  f1-score   support\n\n     00 - 03       0.80      0.71      0.76      5234\n     04 - 11       0.68      0.74      0.71      3437\n     12 - 20       0.05      0.15      0.07       118\n\n    accuracy                           0.72      8789\n   macro avg       0.51      0.54      0.51      8789\nweighted avg       0.75      0.72      0.73      8789\n",
        "feature_importances": null,
        "elapsed_time_minutes": null
    },
    "dataset_name": "subset_base.csv"
}