{
    "model_type": "KNN",
    "bins": [
        0,
        4,
        12,
        21
    ],
    "scaled": false,
    "scoring": "f1_micro",
    "tuned": true,
    "stratified_split_testing": false,
    "week": 3,
    "month": 2,
    "metrics": {
        "accuracy": 0.6785576552256074,
        "precision": 0.7013926619902512,
        "recall": 0.6785576552256074,
        "f1_score": 0.6800808749164479,
        "matthews_corrcoef": 0.37172297708876756,
        "cohen_kappa_score": 0.3615433863422075,
        "roc_auc_score": 0.7204914170509599,
        "log_loss": 2.0567634271059068,
        "confusion_matrix": [
            [
                4321,
                2171,
                9
            ],
            [
                993,
                2715,
                4
            ],
            [
                53,
                104,
                2
            ]
        ],
        "classification_report": "              precision    recall  f1-score   support\n\n     00 - 03       0.81      0.66      0.73      6501\n     04 - 11       0.54      0.73      0.62      3712\n     12 - 20       0.13      0.01      0.02       159\n\n    accuracy                           0.68     10372\n   macro avg       0.49      0.47      0.46     10372\nweighted avg       0.70      0.68      0.68     10372\n",
        "feature_importances": null,
        "elapsed_time_minutes": null
    },
    "dataset_name": "subset_base.csv"
}