{
    "model_type": "KNN",
    "bins": [
        0,
        4,
        12,
        21
    ],
    "scaled": false,
    "scoring": "f1_micro",
    "tuned": true,
    "stratified_split_testing": false,
    "week": 1,
    "month": 3,
    "metrics": {
        "accuracy": 0.7040618955512572,
        "precision": 0.7414770278748274,
        "recall": 0.7040618955512572,
        "f1_score": 0.7191277501600014,
        "matthews_corrcoef": 0.4416147691348086,
        "cohen_kappa_score": 0.4366357198390418,
        "roc_auc_score": 0.7468166748493132,
        "log_loss": 2.5908398567147906,
        "confusion_matrix": [
            [
                3601,
                1192,
                441
            ],
            [
                835,
                2569,
                33
            ],
            [
                68,
                32,
                18
            ]
        ],
        "classification_report": "              precision    recall  f1-score   support\n\n     00 - 03       0.80      0.69      0.74      5234\n     04 - 11       0.68      0.75      0.71      3437\n     12 - 20       0.04      0.15      0.06       118\n\n    accuracy                           0.70      8789\n   macro avg       0.50      0.53      0.50      8789\nweighted avg       0.74      0.70      0.72      8789\n",
        "feature_importances": null,
        "elapsed_time_minutes": null
    },
    "dataset_name": "subset_base.csv"
}