{
    "model_type": "KNN",
    "bins": [
        0,
        4,
        12,
        21
    ],
    "scaled": false,
    "scoring": "f1_weighted",
    "tuned": true,
    "stratified_split_testing": false,
    "week": 4,
    "month": 2,
    "metrics": {
        "accuracy": 0.7749905695963787,
        "precision": 0.7564063635218087,
        "recall": 0.7749905695963787,
        "f1_score": 0.7651895628079798,
        "matthews_corrcoef": 0.5384590498846746,
        "cohen_kappa_score": 0.5370964470831396,
        "roc_auc_score": 0.7146319640721509,
        "log_loss": 2.0351943238817216,
        "confusion_matrix": [
            [
                5324,
                920,
                0
            ],
            [
                1235,
                2894,
                0
            ],
            [
                62,
                169,
                0
            ]
        ],
        "classification_report": "              precision    recall  f1-score   support\n\n     00 - 03       0.80      0.85      0.83      6244\n     04 - 11       0.73      0.70      0.71      4129\n     12 - 20       0.00      0.00      0.00       231\n\n    accuracy                           0.77     10604\n   macro avg       0.51      0.52      0.51     10604\nweighted avg       0.76      0.77      0.77     10604\n",
        "feature_importances": null,
        "elapsed_time_minutes": null
    },
    "dataset_name": "subset_base.csv"
}