{
    "model_type": "KNN",
    "bins": [
        0,
        4,
        12,
        21
    ],
    "scaled": false,
    "scoring": "roc_auc_ovr_weighted",
    "tuned": true,
    "stratified_split_testing": false,
    "week": 3,
    "month": 2,
    "metrics": {
        "accuracy": 0.7222329348245276,
        "precision": 0.7316647718552095,
        "recall": 0.7222329348245276,
        "f1_score": 0.722067455098111,
        "matthews_corrcoef": 0.44464952152373133,
        "cohen_kappa_score": 0.43845332550069993,
        "roc_auc_score": 0.7359773403901535,
        "log_loss": 1.5429342183586718,
        "confusion_matrix": [
            [
                4724,
                1762,
                15
            ],
            [
                935,
                2767,
                10
            ],
            [
                61,
                98,
                0
            ]
        ],
        "classification_report": "              precision    recall  f1-score   support\n\n     00 - 03       0.83      0.73      0.77      6501\n     04 - 11       0.60      0.75      0.66      3712\n     12 - 20       0.00      0.00      0.00       159\n\n    accuracy                           0.72     10372\n   macro avg       0.47      0.49      0.48     10372\nweighted avg       0.73      0.72      0.72     10372\n",
        "feature_importances": null,
        "elapsed_time_minutes": null
    },
    "dataset_name": "subset_base.csv"
}