{
    "model_type": "KNN",
    "bins": [
        0,
        4,
        12,
        21
    ],
    "scaled": false,
    "scoring": "roc_auc_ovr_weighted",
    "tuned": true,
    "stratified_split_testing": false,
    "week": 2,
    "month": 3,
    "metrics": {
        "accuracy": 0.6685807015353888,
        "precision": 0.7527152649955006,
        "recall": 0.6685807015353888,
        "f1_score": 0.6917527038319657,
        "matthews_corrcoef": 0.4098789328353422,
        "cohen_kappa_score": 0.3896621431298354,
        "roc_auc_score": 0.7951355026784084,
        "log_loss": 4.462711694187922,
        "confusion_matrix": [
            [
                2828,
                1686,
                232
            ],
            [
                451,
                2528,
                272
            ],
            [
                9,
                5,
                0
            ]
        ],
        "classification_report": "              precision    recall  f1-score   support\n\n     00 - 03       0.86      0.60      0.70      4746\n     04 - 11       0.60      0.78      0.68      3251\n     12 - 20       0.00      0.00      0.00        14\n\n    accuracy                           0.67      8011\n   macro avg       0.49      0.46      0.46      8011\nweighted avg       0.75      0.67      0.69      8011\n",
        "feature_importances": null,
        "elapsed_time_minutes": null
    },
    "dataset_name": "subset_base.csv"
}