{
    "model_type": "KNN",
    "bins": [
        0,
        4,
        12,
        21
    ],
    "scaled": false,
    "scoring": "f1_weighted",
    "tuned": true,
    "stratified_split_testing": false,
    "week": 2,
    "month": 2,
    "metrics": {
        "accuracy": 0.713490099009901,
        "precision": 0.5275189785738897,
        "recall": 0.5384712901079629,
        "f1_score": 0.5292004852110133,
        "matthews_corrcoef": 0.45825775560946963,
        "cohen_kappa_score": 0.4529982069998024,
        "roc_auc_score": 0.7763606684789911,
        "log_loss": 1.9011150070203569,
        "confusion_matrix": [
            [
                3706,
                1545,
                118
            ],
            [
                850,
                3182,
                102
            ],
            [
                37,
                126,
                30
            ]
        ],
        "classification_report": "              precision    recall  f1-score   support\n\n     00 - 03       0.81      0.69      0.74      5369\n     04 - 11       0.66      0.77      0.71      4134\n     12 - 20       0.12      0.16      0.14       193\n\n    accuracy                           0.71      9696\n   macro avg       0.53      0.54      0.53      9696\nweighted avg       0.73      0.71      0.72      9696\n",
        "feature_importances": null,
        "elapsed_time_minutes": null
    },
    "dataset_name": "subset_base.csv"
}