{
    "model_type": "KNN",
    "bins": [
        0,
        4,
        12,
        21
    ],
    "scaled": false,
    "scoring": "balanced_accuracy",
    "tuned": true,
    "stratified_split_testing": false,
    "week": 4,
    "month": 1,
    "metrics": {
        "accuracy": 0.6726276319584655,
        "precision": 0.6532063761072268,
        "recall": 0.6726276319584655,
        "f1_score": 0.6599754480267306,
        "matthews_corrcoef": 0.3630194327534713,
        "cohen_kappa_score": 0.3591929277855329,
        "roc_auc_score": 0.700877908404311,
        "log_loss": 2.7053596305343715,
        "confusion_matrix": [
            [
                4088,
                1197,
                0
            ],
            [
                1897,
                2908,
                0
            ],
            [
                134,
                177,
                0
            ]
        ],
        "classification_report": "              precision    recall  f1-score   support\n\n     00 - 03       0.67      0.77      0.72      5285\n     04 - 11       0.68      0.61      0.64      4805\n     12 - 20       0.00      0.00      0.00       311\n\n    accuracy                           0.67     10401\n   macro avg       0.45      0.46      0.45     10401\nweighted avg       0.65      0.67      0.66     10401\n",
        "feature_importances": null,
        "elapsed_time_minutes": null
    },
    "dataset_name": "subset_base.csv"
}