{
    "model_type": "GradientBoosting",
    "bins": [
        0,
        5,
        12,
        21
    ],
    "scaled": true,
    "tuned": false,
    "stratified_split_testing": true,
    "week": 3,
    "month": 1,
    "metrics": {
        "accuracy": 0.10301438053097345,
        "precision": 0.5874943683725932,
        "recall": 0.40162137954370114,
        "f1_score": 0.13818688531589807,
        "matthews_corrcoef": 0.15376903717286708,
        "cohen_kappa_score": 0.050650410120214984,
        "roc_auc_score": 0.6755249753535703,
        "log_loss": 2.0689174022253636,
        "confusion_matrix": [
            [
                4,
                208,
                4426
            ],
            [
                0,
                621,
                1847
            ],
            [
                0,
                6,
                120
            ]
        ],
        "classification_report": "              precision    recall  f1-score   support\n\n     00 - 04       1.00      0.00      0.00      4638\n     05 - 11       0.74      0.25      0.38      2468\n     12 - 20       0.02      0.95      0.04       126\n\n    accuracy                           0.10      7232\n   macro avg       0.59      0.40      0.14      7232\nweighted avg       0.90      0.10      0.13      7232\n",
        "feature_importances": {
            "time_in_month": 0.05438995175917053,
            "time_in_hour": 0.05844409602442864,
            "time_in_weekday": 0.0682302651742511,
            "requires_power": 0.00047632599014118794,
            "time_in_business_day": 0.0007425771269355761,
            "time_in_week_of_year": 0.10087093425414846,
            "time_in_week_of_month": 0.021552683915028945,
            "nominal_length_NOM20": 0.005759710069142139,
            "nominal_length_NOM40": 0.002033135714215421,
            "nominal_length_NOM45": 0.0,
            "freight_kind_FCL": 0.005692302646277957,
            "freight_kind_MTY": 0.009041824315567128,
            "category_EXPRT": 0.1605164874074905,
            "category_IMPRT": 0.32176375954453346,
            "category_STRGE": 0.10550574013686222,
            "category_THRGH": 0.00738765861101663,
            "category_TRSHP": 0.07759254731078996
        },
        "elapsed_time_minutes": null
    },
    "dataset_name": "subset_base.csv"
}