{
    "model_type": "GradientBoosting",
    "bins": [
        0,
        6,
        10,
        21
    ],
    "scaled": true,
    "tuned": false,
    "stratified_split_testing": true,
    "week": 2,
    "month": 2,
    "metrics": {
        "accuracy": 0.041976072607260724,
        "precision": 0.34725947321367173,
        "recall": 0.3334227228032538,
        "f1_score": 0.026914051338575624,
        "matthews_corrcoef": 0.004546110589825137,
        "cohen_kappa_score": 5.86867556116033e-05,
        "roc_auc_score": 0.5958660181856431,
        "log_loss": 3.596479514095586,
        "confusion_matrix": [
            [
                2,
                0,
                7456
            ],
            [
                0,
                0,
                1833
            ],
            [
                0,
                0,
                405
            ]
        ],
        "classification_report": "              precision    recall  f1-score   support\n\n     00 - 05       1.00      0.00      0.00      7458\n     06 - 09       0.00      0.00      0.00      1833\n     10 - 20       0.04      1.00      0.08       405\n\n    accuracy                           0.04      9696\n   macro avg       0.35      0.33      0.03      9696\nweighted avg       0.77      0.04      0.00      9696\n",
        "feature_importances": {
            "time_in_month": 0.0620476592988916,
            "time_in_hour": 0.054264674004389314,
            "time_in_weekday": 0.07167292555139104,
            "requires_power": 9.777894455596798e-05,
            "time_in_business_day": 0.00133031922153806,
            "time_in_week_of_year": 0.075723354458155,
            "time_in_week_of_month": 0.02597074945725202,
            "nominal_length_NOM20": 0.0013631012625701662,
            "nominal_length_NOM40": 0.005561916023363525,
            "nominal_length_NOM45": 0.0,
            "freight_kind_FCL": 0.005095503507882928,
            "freight_kind_MTY": 0.0038460801303748767,
            "category_EXPRT": 0.23028484776589542,
            "category_IMPRT": 0.3965936494502884,
            "category_STRGE": 0.02312960948808367,
            "category_THRGH": 0.009389576644138819,
            "category_TRSHP": 0.03362825479122923
        },
        "elapsed_time_minutes": null
    },
    "dataset_name": "subset_base.csv"
}