{
    "model_type": "GradientBoosting",
    "bins": [
        0,
        5,
        9,
        21
    ],
    "scaled": true,
    "tuned": false,
    "stratified_split_testing": false,
    "week": 4,
    "month": 1,
    "metrics": {
        "accuracy": 0.22901644072685318,
        "precision": 0.6016970110892915,
        "recall": 0.4734968665601893,
        "f1_score": 0.2618749632702195,
        "matthews_corrcoef": 0.24444575790624587,
        "cohen_kappa_score": 0.11879782834431662,
        "roc_auc_score": 0.7083071599645098,
        "log_loss": 1.90871889300552,
        "confusion_matrix": [
            [
                91,
                535,
                5930
            ],
            [
                0,
                1657,
                1464
            ],
            [
                0,
                90,
                634
            ]
        ],
        "classification_report": "              precision    recall  f1-score   support\n\n     00 - 04       1.00      0.01      0.03      6556\n     05 - 08       0.73      0.53      0.61      3121\n     09 - 20       0.08      0.88      0.14       724\n\n    accuracy                           0.23     10401\n   macro avg       0.60      0.47      0.26     10401\nweighted avg       0.85      0.23      0.21     10401\n",
        "feature_importances": {
            "time_in_month": 0.03768314355571656,
            "time_in_hour": 0.048926206113682306,
            "time_in_weekday": 0.08669640496187575,
            "requires_power": 0.00021037040775379512,
            "time_in_business_day": 0.0015086917542271804,
            "time_in_week_of_year": 0.06805483239510651,
            "time_in_week_of_month": 0.017709606179846304,
            "nominal_length_NOM20": 0.004714345925669661,
            "nominal_length_NOM40": 0.0028914651760550505,
            "nominal_length_NOM45": 0.0,
            "freight_kind_FCL": 0.003236132517871028,
            "freight_kind_MTY": 0.0048579431047078535,
            "category_EXPRT": 0.16246452630628952,
            "category_IMPRT": 0.5353929159053425,
            "category_STRGE": 0.0018895347216301667,
            "category_THRGH": 0.013036742642067778,
            "category_TRSHP": 0.010727138332157892
        },
        "elapsed_time_minutes": null
    },
    "dataset_name": "subset_base.csv"
}