{
    "model_type": "GradientBoosting",
    "bins": [
        0,
        3,
        10,
        21
    ],
    "scaled": true,
    "tuned": false,
    "stratified_split_testing": true,
    "week": 1,
    "month": 1,
    "metrics": {
        "accuracy": 0.023112480739599383,
        "precision": 0.3408366738616508,
        "recall": 0.3338391502276176,
        "f1_score": 0.01568641785770857,
        "matthews_corrcoef": 0.015183407219186682,
        "cohen_kappa_score": 0.0003887023657397348,
        "roc_auc_score": 0.5938838563063585,
        "log_loss": 3.7875247632000812,
        "confusion_matrix": [
            [
                4,
                0,
                2632
            ],
            [
                0,
                0,
                3708
            ],
            [
                0,
                0,
                146
            ]
        ],
        "classification_report": "              precision    recall  f1-score   support\n\n     00 - 02       1.00      0.00      0.00      2636\n     03 - 09       0.00      0.00      0.00      3708\n     10 - 20       0.02      1.00      0.04       146\n\n    accuracy                           0.02      6490\n   macro avg       0.34      0.33      0.02      6490\nweighted avg       0.41      0.02      0.00      6490\n",
        "feature_importances": {
            "time_in_month": 0.03384836661125987,
            "time_in_hour": 0.07606774571548644,
            "time_in_weekday": 0.08119724977829852,
            "requires_power": 4.5705592651975486e-05,
            "time_in_business_day": 0.00023769645586191378,
            "time_in_week_of_year": 0.060663810194598655,
            "time_in_week_of_month": 0.01529710179197828,
            "nominal_length_NOM20": 0.002611862938064553,
            "nominal_length_NOM40": 0.0011089802963480748,
            "nominal_length_NOM45": 0.0,
            "freight_kind_FCL": 0.0049473969009654,
            "freight_kind_MTY": 0.003267658722419825,
            "category_EXPRT": 0.14819702983384864,
            "category_IMPRT": 0.5455818897051148,
            "category_STRGE": 0.003570530575916121,
            "category_THRGH": 0.019302020485184684,
            "category_TRSHP": 0.0040549544020022634
        },
        "elapsed_time_minutes": null
    },
    "dataset_name": "subset_base.csv"
}