{
    "model_type": "GradientBoosting",
    "bins": [
        0,
        4,
        11,
        21
    ],
    "scaled": true,
    "tuned": false,
    "stratified_split_testing": false,
    "week": 3,
    "month": 1,
    "metrics": {
        "accuracy": 0.1388274336283186,
        "precision": 0.5389403518121155,
        "recall": 0.384250163935377,
        "f1_score": 0.1462064173543412,
        "matthews_corrcoef": 0.12589089411022905,
        "cohen_kappa_score": 0.05044335022726287,
        "roc_auc_score": 0.6785079354959951,
        "log_loss": 1.5110945045436306,
        "confusion_matrix": [
            [
                102,
                176,
                3247
            ],
            [
                25,
                723,
                2764
            ],
            [
                1,
                15,
                179
            ]
        ],
        "classification_report": "              precision    recall  f1-score   support\n\n     00 - 03       0.80      0.03      0.06      3525\n     04 - 10       0.79      0.21      0.33      3512\n     11 - 20       0.03      0.92      0.06       195\n\n    accuracy                           0.14      7232\n   macro avg       0.54      0.38      0.15      7232\nweighted avg       0.77      0.14      0.19      7232\n",
        "feature_importances": {
            "time_in_month": 0.0510429406927555,
            "time_in_hour": 0.06791909459815507,
            "time_in_weekday": 0.07359569372942494,
            "requires_power": 6.0223283989774015e-05,
            "time_in_business_day": 0.00019565934877362138,
            "time_in_week_of_year": 0.08046546223639639,
            "time_in_week_of_month": 0.020529641587918316,
            "nominal_length_NOM20": 0.004336137081611606,
            "nominal_length_NOM40": 0.0024709699791104723,
            "nominal_length_NOM45": 0.0,
            "freight_kind_FCL": 0.011272505326200605,
            "freight_kind_MTY": 0.005440599764860737,
            "category_EXPRT": 0.21327256534424469,
            "category_IMPRT": 0.44308668476286484,
            "category_STRGE": 0.004742963988299268,
            "category_THRGH": 0.013241170547608053,
            "category_TRSHP": 0.008327687727786009
        },
        "elapsed_time_minutes": null
    },
    "dataset_name": "subset_base.csv"
}