{
    "model_type": "GradientBoosting",
    "bins": [
        0,
        6,
        12,
        21
    ],
    "scaled": true,
    "tuned": false,
    "stratified_split_testing": true,
    "week": 2,
    "month": 2,
    "metrics": {
        "accuracy": 0.024133663366336634,
        "precision": 0.3320607298233153,
        "recall": 0.33516581746670243,
        "f1_score": 0.016711029868092933,
        "matthews_corrcoef": 0.01755398143386794,
        "cohen_kappa_score": 0.0010062071764960212,
        "roc_auc_score": 0.6955475395137963,
        "log_loss": 2.801550382229755,
        "confusion_matrix": [
            [
                41,
                0,
                7417
            ],
            [
                1,
                0,
                2044
            ],
            [
                0,
                0,
                193
            ]
        ],
        "classification_report": "              precision    recall  f1-score   support\n\n     00 - 05       0.98      0.01      0.01      7458\n     06 - 11       0.00      0.00      0.00      2045\n     12 - 20       0.02      1.00      0.04       193\n\n    accuracy                           0.02      9696\n   macro avg       0.33      0.34      0.02      9696\nweighted avg       0.75      0.02      0.01      9696\n",
        "feature_importances": {
            "time_in_month": 0.054358608907560106,
            "time_in_hour": 0.05686320110058892,
            "time_in_weekday": 0.07665585337590296,
            "requires_power": 0.0003501361287635996,
            "time_in_business_day": 0.0014571405414456706,
            "time_in_week_of_year": 0.10344304816284756,
            "time_in_week_of_month": 0.021767944235418602,
            "nominal_length_NOM20": 0.004429473004961825,
            "nominal_length_NOM40": 0.005167475544064158,
            "nominal_length_NOM45": 0.0,
            "freight_kind_FCL": 0.005999214254053307,
            "freight_kind_MTY": 0.00826273612416198,
            "category_EXPRT": 0.1618287435328536,
            "category_IMPRT": 0.30771799571956,
            "category_STRGE": 0.10781563682013694,
            "category_THRGH": 0.00637860824716366,
            "category_TRSHP": 0.0775041843005172
        },
        "elapsed_time_minutes": null
    },
    "dataset_name": "subset_base.csv"
}