{
    "model_type": "GradientBoosting",
    "bins": [
        0,
        4,
        11,
        21
    ],
    "scaled": true,
    "tuned": false,
    "stratified_split_testing": false,
    "week": 2,
    "month": 3,
    "metrics": {
        "accuracy": 0.2275621021095993,
        "precision": 0.51931680230254,
        "recall": 0.5085086990798177,
        "f1_score": 0.21194153963537446,
        "matthews_corrcoef": 0.14257249149179121,
        "cohen_kappa_score": 0.08257119932294099,
        "roc_auc_score": 0.7623671382995365,
        "log_loss": 1.7171036089914087,
        "confusion_matrix": [
            [
                257,
                1175,
                3314
            ],
            [
                4,
                1515,
                1695
            ],
            [
                0,
                0,
                51
            ]
        ],
        "classification_report": "              precision    recall  f1-score   support\n\n     00 - 03       0.98      0.05      0.10      4746\n     04 - 10       0.56      0.47      0.51      3214\n     11 - 20       0.01      1.00      0.02        51\n\n    accuracy                           0.23      8011\n   macro avg       0.52      0.51      0.21      8011\nweighted avg       0.81      0.23      0.27      8011\n",
        "feature_importances": {
            "time_in_month": 0.0510429406927555,
            "time_in_hour": 0.06791909459815507,
            "time_in_weekday": 0.07359569372942494,
            "requires_power": 6.0223283989774015e-05,
            "time_in_business_day": 0.00019565934877362138,
            "time_in_week_of_year": 0.08046546223639639,
            "time_in_week_of_month": 0.020529641587918316,
            "nominal_length_NOM20": 0.004336137081611606,
            "nominal_length_NOM40": 0.0024709699791104723,
            "nominal_length_NOM45": 0.0,
            "freight_kind_FCL": 0.011272505326200605,
            "freight_kind_MTY": 0.005440599764860737,
            "category_EXPRT": 0.21327256534424469,
            "category_IMPRT": 0.44308668476286484,
            "category_STRGE": 0.004742963988299268,
            "category_THRGH": 0.013241170547608053,
            "category_TRSHP": 0.008327687727786009
        },
        "elapsed_time_minutes": null
    },
    "dataset_name": "subset_base.csv"
}