{
    "model_type": "GradientBoosting",
    "bins": [
        0,
        5,
        10,
        21
    ],
    "scaled": true,
    "tuned": false,
    "stratified_split_testing": false,
    "week": 4,
    "month": 2,
    "metrics": {
        "accuracy": 0.09166352319879291,
        "precision": 0.529158431866395,
        "recall": 0.3601259727342172,
        "f1_score": 0.11071926792036461,
        "matthews_corrcoef": 0.0885235131280498,
        "cohen_kappa_score": 0.024151143566668476,
        "roc_auc_score": 0.6813465913548411,
        "log_loss": 1.9455304593557037,
        "confusion_matrix": [
            [
                204,
                238,
                6858
            ],
            [
                2,
                331,
                2504
            ],
            [
                0,
                30,
                437
            ]
        ],
        "classification_report": "              precision    recall  f1-score   support\n\n     00 - 04       0.99      0.03      0.05      7300\n     05 - 09       0.55      0.12      0.19      2837\n     10 - 20       0.04      0.94      0.09       467\n\n    accuracy                           0.09     10604\n   macro avg       0.53      0.36      0.11     10604\nweighted avg       0.83      0.09      0.09     10604\n",
        "feature_importances": {
            "time_in_month": 0.048211944781229664,
            "time_in_hour": 0.05498126108849742,
            "time_in_weekday": 0.0719789404198081,
            "requires_power": 4.28453122810629e-05,
            "time_in_business_day": 0.0011445215116206817,
            "time_in_week_of_year": 0.07311240882824013,
            "time_in_week_of_month": 0.02088656446993788,
            "nominal_length_NOM20": 0.005531918401885149,
            "nominal_length_NOM40": 0.0024444686440287873,
            "nominal_length_NOM45": 1.4115448112200408e-05,
            "freight_kind_FCL": 0.004734837188451981,
            "freight_kind_MTY": 0.005872085869370942,
            "category_EXPRT": 0.23233872940865893,
            "category_IMPRT": 0.45238586001811576,
            "category_STRGE": 0.005389070257774405,
            "category_THRGH": 0.011972858249699972,
            "category_TRSHP": 0.008957570102287017
        },
        "elapsed_time_minutes": null
    },
    "dataset_name": "subset_base.csv"
}