{
    "model_type": "GradientBoosting",
    "bins": [
        0,
        6,
        10,
        21
    ],
    "scaled": true,
    "tuned": false,
    "stratified_split_testing": true,
    "week": 2,
    "month": 1,
    "metrics": {
        "accuracy": 0.01981579681830868,
        "precision": 0.3397561202643582,
        "recall": 0.3335512932287126,
        "f1_score": 0.01303837466394942,
        "matthews_corrcoef": 0.005482756437679164,
        "cohen_kappa_score": 9.429452439124741e-05,
        "roc_auc_score": 0.6788170145753215,
        "log_loss": 3.7926156076283566,
        "confusion_matrix": [
            [
                6,
                0,
                9170
            ],
            [
                0,
                0,
                1366
            ],
            [
                0,
                0,
                207
            ]
        ],
        "classification_report": "              precision    recall  f1-score   support\n\n     00 - 05       1.00      0.00      0.00      9176\n     06 - 09       0.00      0.00      0.00      1366\n     10 - 20       0.02      1.00      0.04       207\n\n    accuracy                           0.02     10749\n   macro avg       0.34      0.33      0.01     10749\nweighted avg       0.85      0.02      0.00     10749\n",
        "feature_importances": {
            "time_in_month": 0.0620476592988916,
            "time_in_hour": 0.054264674004389314,
            "time_in_weekday": 0.07167292555139104,
            "requires_power": 9.777894455596798e-05,
            "time_in_business_day": 0.00133031922153806,
            "time_in_week_of_year": 0.075723354458155,
            "time_in_week_of_month": 0.02597074945725202,
            "nominal_length_NOM20": 0.0013631012625701662,
            "nominal_length_NOM40": 0.005561916023363525,
            "nominal_length_NOM45": 0.0,
            "freight_kind_FCL": 0.005095503507882928,
            "freight_kind_MTY": 0.0038460801303748767,
            "category_EXPRT": 0.23028484776589542,
            "category_IMPRT": 0.3965936494502884,
            "category_STRGE": 0.02312960948808367,
            "category_THRGH": 0.009389576644138819,
            "category_TRSHP": 0.03362825479122923
        },
        "elapsed_time_minutes": null
    },
    "dataset_name": "subset_base.csv"
}