{
    "model_type": "GradientBoosting",
    "bins": [
        0,
        3,
        9,
        21
    ],
    "scaled": false,
    "tuned": false,
    "stratified_split_testing": false,
    "week": 4,
    "month": 2,
    "metrics": {
        "accuracy": 0.08213881554130517,
        "precision": 0.5999480043846018,
        "recall": 0.3309739055098244,
        "f1_score": 0.0674512628508163,
        "matthews_corrcoef": 0.03673671747473277,
        "cohen_kappa_score": 0.0068364862099461465,
        "roc_auc_score": 0.45981822039695763,
        "log_loss": 3.6795480755253065,
        "confusion_matrix": [
            [
                26,
                34,
                4854
            ],
            [
                0,
                193,
                4810
            ],
            [
                0,
                35,
                652
            ]
        ],
        "classification_report": "              precision    recall  f1-score   support\n\n     00 - 02       1.00      0.01      0.01      4914\n     03 - 08       0.74      0.04      0.07      5003\n     09 - 20       0.06      0.95      0.12       687\n\n    accuracy                           0.08     10604\n   macro avg       0.60      0.33      0.07     10604\nweighted avg       0.82      0.08      0.05     10604\n",
        "feature_importances": {
            "time_in_month": 0.0036372670663257613,
            "time_in_hour": 0.005718648463113328,
            "time_in_weekday": 0.09460984812605776,
            "requires_power": 8.353728526738958e-05,
            "time_in_business_day": 0.0013763453154926758,
            "time_in_week_of_year": 0.04057402461955901,
            "time_in_week_of_month": 0.004434296031936772,
            "nominal_length_NOM20": 0.0029532716039548314,
            "nominal_length_NOM40": 0.00026468205694608416,
            "nominal_length_NOM45": 0.0,
            "freight_kind_FCL": 0.004250006107980733,
            "freight_kind_MTY": 0.004118180739369046,
            "category_EXPRT": 0.2933021148080737,
            "category_IMPRT": 0.4896700748918526,
            "category_STRGE": 0.002055521039406679,
            "category_THRGH": 0.023974517674214886,
            "category_TRSHP": 0.028977664170448773
        },
        "elapsed_time_minutes": null
    },
    "dataset_name": "subset_base.csv"
}