{
    "model_type": "GradientBoosting",
    "bins": [
        0,
        5,
        12,
        21
    ],
    "scaled": true,
    "tuned": false,
    "stratified_split_testing": true,
    "week": 1,
    "month": 2,
    "metrics": {
        "accuracy": 0.014676113360323886,
        "precision": 0.3144142918678728,
        "recall": 0.3368815009234957,
        "f1_score": 0.011877783875368668,
        "matthews_corrcoef": 0.023985714152196847,
        "cohen_kappa_score": 0.0019915385242113004,
        "roc_auc_score": 0.682927197446677,
        "log_loss": 2.9096852027167484,
        "confusion_matrix": [
            [
                73,
                0,
                6785
            ],
            [
                5,
                0,
                2945
            ],
            [
                0,
                0,
                72
            ]
        ],
        "classification_report": "              precision    recall  f1-score   support\n\n     00 - 04       0.94      0.01      0.02      6858\n     05 - 11       0.00      0.00      0.00      2950\n     12 - 20       0.01      1.00      0.01        72\n\n    accuracy                           0.01      9880\n   macro avg       0.31      0.34      0.01      9880\nweighted avg       0.65      0.01      0.01      9880\n",
        "feature_importances": {
            "time_in_month": 0.05438995175917053,
            "time_in_hour": 0.05844409602442864,
            "time_in_weekday": 0.0682302651742511,
            "requires_power": 0.00047632599014118794,
            "time_in_business_day": 0.0007425771269355761,
            "time_in_week_of_year": 0.10087093425414846,
            "time_in_week_of_month": 0.021552683915028945,
            "nominal_length_NOM20": 0.005759710069142139,
            "nominal_length_NOM40": 0.002033135714215421,
            "nominal_length_NOM45": 0.0,
            "freight_kind_FCL": 0.005692302646277957,
            "freight_kind_MTY": 0.009041824315567128,
            "category_EXPRT": 0.1605164874074905,
            "category_IMPRT": 0.32176375954453346,
            "category_STRGE": 0.10550574013686222,
            "category_THRGH": 0.00738765861101663,
            "category_TRSHP": 0.07759254731078996
        },
        "elapsed_time_minutes": null
    },
    "dataset_name": "subset_base.csv"
}