{
    "model_type": "GradientBoosting",
    "bins": [
        0,
        3,
        11,
        21
    ],
    "scaled": false,
    "tuned": false,
    "stratified_split_testing": false,
    "week": 1,
    "month": 2,
    "metrics": {
        "accuracy": 0.011842105263157895,
        "precision": 0.21283749363219562,
        "recall": 0.33700716845878137,
        "f1_score": 0.012343990268920224,
        "matthews_corrcoef": 0.021779403930694104,
        "cohen_kappa_score": 0.0017409274003674646,
        "roc_auc_score": 0.5921859783413262,
        "log_loss": 3.4633105981176655,
        "confusion_matrix": [
            [
                41,
                0,
                3679
            ],
            [
                24,
                0,
                6060
            ],
            [
                0,
                0,
                76
            ]
        ],
        "classification_report": "              precision    recall  f1-score   support\n\n     00 - 02       0.63      0.01      0.02      3720\n     03 - 10       0.00      0.00      0.00      6084\n     11 - 20       0.01      1.00      0.02        76\n\n    accuracy                           0.01      9880\n   macro avg       0.21      0.34      0.01      9880\nweighted avg       0.24      0.01      0.01      9880\n",
        "feature_importances": {
            "time_in_month": 0.0026131654492139184,
            "time_in_hour": 0.0030506861216237,
            "time_in_weekday": 0.08658136419713432,
            "requires_power": 0.00016075803636792093,
            "time_in_business_day": 0.0007592187220095152,
            "time_in_week_of_year": 0.03911468014158619,
            "time_in_week_of_month": 0.0022969537764012528,
            "nominal_length_NOM20": 0.002865802394429116,
            "nominal_length_NOM40": 0.0008929294781666217,
            "nominal_length_NOM45": 0.0,
            "freight_kind_FCL": 0.0036685090185021047,
            "freight_kind_MTY": 0.003415130967835296,
            "category_EXPRT": 0.12623776020813376,
            "category_IMPRT": 0.6756613853141928,
            "category_STRGE": 0.008066957413305494,
            "category_THRGH": 0.022560094813438243,
            "category_TRSHP": 0.022054603947659717
        },
        "elapsed_time_minutes": null
    },
    "dataset_name": "subset_base.csv"
}