{
    "model_type": "GradientBoosting",
    "bins": [
        0,
        5,
        10,
        21
    ],
    "scaled": true,
    "tuned": false,
    "stratified_split_testing": false,
    "week": 3,
    "month": 2,
    "metrics": {
        "accuracy": 0.06633243347473969,
        "precision": 0.5639216898188534,
        "recall": 0.35530307518810234,
        "f1_score": 0.08748874116906945,
        "matthews_corrcoef": 0.09200527546582721,
        "cohen_kappa_score": 0.019146470029922646,
        "roc_auc_score": 0.6967762679817845,
        "log_loss": 1.9467062574364513,
        "confusion_matrix": [
            [
                94,
                121,
                7155
            ],
            [
                0,
                264,
                2392
            ],
            [
                0,
                16,
                330
            ]
        ],
        "classification_report": "              precision    recall  f1-score   support\n\n     00 - 04       1.00      0.01      0.03      7370\n     05 - 09       0.66      0.10      0.17      2656\n     10 - 20       0.03      0.95      0.06       346\n\n    accuracy                           0.07     10372\n   macro avg       0.56      0.36      0.09     10372\nweighted avg       0.88      0.07      0.06     10372\n",
        "feature_importances": {
            "time_in_month": 0.048211944781229664,
            "time_in_hour": 0.05498126108849742,
            "time_in_weekday": 0.0719789404198081,
            "requires_power": 4.28453122810629e-05,
            "time_in_business_day": 0.0011445215116206817,
            "time_in_week_of_year": 0.07311240882824013,
            "time_in_week_of_month": 0.02088656446993788,
            "nominal_length_NOM20": 0.005531918401885149,
            "nominal_length_NOM40": 0.0024444686440287873,
            "nominal_length_NOM45": 1.4115448112200408e-05,
            "freight_kind_FCL": 0.004734837188451981,
            "freight_kind_MTY": 0.005872085869370942,
            "category_EXPRT": 0.23233872940865893,
            "category_IMPRT": 0.45238586001811576,
            "category_STRGE": 0.005389070257774405,
            "category_THRGH": 0.011972858249699972,
            "category_TRSHP": 0.008957570102287017
        },
        "elapsed_time_minutes": null
    },
    "dataset_name": "subset_base.csv"
}