{
    "model_type": "GradientBoosting",
    "bins": [
        0,
        5,
        11,
        21
    ],
    "scaled": true,
    "tuned": false,
    "stratified_split_testing": true,
    "week": 1,
    "month": 3,
    "metrics": {
        "accuracy": 0.030378882694276937,
        "precision": 0.3364005066902113,
        "recall": 0.33768300445576066,
        "f1_score": 0.022457643378960886,
        "matthews_corrcoef": 0.03137235471710629,
        "cohen_kappa_score": 0.0028553935620735382,
        "roc_auc_score": 0.6726694240870618,
        "log_loss": 3.1569186168320877,
        "confusion_matrix": [
            [
                82,
                0,
                6202
            ],
            [
                1,
                0,
                2319
            ],
            [
                0,
                0,
                185
            ]
        ],
        "classification_report": "              precision    recall  f1-score   support\n\n     00 - 04       0.99      0.01      0.03      6284\n     05 - 10       0.00      0.00      0.00      2320\n     11 - 20       0.02      1.00      0.04       185\n\n    accuracy                           0.03      8789\n   macro avg       0.34      0.34      0.02      8789\nweighted avg       0.71      0.03      0.02      8789\n",
        "feature_importances": {
            "time_in_month": 0.057086555668761745,
            "time_in_hour": 0.05863984527764604,
            "time_in_weekday": 0.06898412906604633,
            "requires_power": 4.4756095740632615e-05,
            "time_in_business_day": 0.0008704045507557882,
            "time_in_week_of_year": 0.08088224143589512,
            "time_in_week_of_month": 0.020968428136103178,
            "nominal_length_NOM20": 0.007441855759989108,
            "nominal_length_NOM40": 0.002368192178527904,
            "nominal_length_NOM45": 0.0,
            "freight_kind_FCL": 0.0034410953836536548,
            "freight_kind_MTY": 0.008577172408161682,
            "category_EXPRT": 0.17510799594227186,
            "category_IMPRT": 0.33509331486668353,
            "category_STRGE": 0.08728718224323374,
            "category_THRGH": 0.008064795441058552,
            "category_TRSHP": 0.08514203554547108
        },
        "elapsed_time_minutes": null
    },
    "dataset_name": "subset_base.csv"
}