{
    "model_type": "GradientBoosting",
    "bins": [
        0,
        5,
        12,
        21
    ],
    "scaled": true,
    "tuned": false,
    "stratified_split_testing": false,
    "week": 1,
    "month": 1,
    "metrics": {
        "accuracy": 0.05362095531587057,
        "precision": 0.3283480274105694,
        "recall": 0.3507246376811594,
        "f1_score": 0.04434188300719836,
        "matthews_corrcoef": 0.05979899114219179,
        "cohen_kappa_score": 0.01100563689556,
        "roc_auc_score": 0.8342045064363002,
        "log_loss": 1.8078654286811924,
        "confusion_matrix": [
            [
                240,
                0,
                4360
            ],
            [
                8,
                0,
                1774
            ],
            [
                0,
                0,
                108
            ]
        ],
        "classification_report": "              precision    recall  f1-score   support\n\n     00 - 04       0.97      0.05      0.10      4600\n     05 - 11       0.00      0.00      0.00      1782\n     12 - 20       0.02      1.00      0.03       108\n\n    accuracy                           0.05      6490\n   macro avg       0.33      0.35      0.04      6490\nweighted avg       0.69      0.05      0.07      6490\n",
        "feature_importances": {
            "time_in_month": 0.052244096856693886,
            "time_in_hour": 0.06168039731900947,
            "time_in_weekday": 0.06150841212252279,
            "requires_power": 0.00027484243716728953,
            "time_in_business_day": 0.001030040555730576,
            "time_in_week_of_year": 0.10075469154794077,
            "time_in_week_of_month": 0.02112705810977828,
            "nominal_length_NOM20": 0.005456232788842417,
            "nominal_length_NOM40": 0.0017119611741830605,
            "nominal_length_NOM45": 0.0,
            "freight_kind_FCL": 0.007819671155271653,
            "freight_kind_MTY": 0.008033785732905458,
            "category_EXPRT": 0.1612804872008253,
            "category_IMPRT": 0.3201436942746035,
            "category_STRGE": 0.10735954283229501,
            "category_THRGH": 0.007467145795369406,
            "category_TRSHP": 0.08210794009686113
        },
        "elapsed_time_minutes": null
    },
    "dataset_name": "subset_base.csv"
}