{
    "model_type": "GradientBoosting",
    "bins": [
        0,
        4,
        9,
        21
    ],
    "scaled": true,
    "tuned": false,
    "stratified_split_testing": true,
    "week": 2,
    "month": 3,
    "metrics": {
        "accuracy": 0.029209836474847085,
        "precision": 0.3425034387895461,
        "recall": 0.33431661750245817,
        "f1_score": 0.019809958789405988,
        "matthews_corrcoef": 0.018133326307082462,
        "cohen_kappa_score": 0.0007825138138386478,
        "roc_auc_score": 0.6116468453034917,
        "log_loss": 2.9379036817176702,
        "confusion_matrix": [
            [
                14,
                0,
                4732
            ],
            [
                0,
                0,
                3045
            ],
            [
                0,
                0,
                220
            ]
        ],
        "classification_report": "              precision    recall  f1-score   support\n\n     00 - 03       1.00      0.00      0.01      4746\n     04 - 08       0.00      0.00      0.00      3045\n     09 - 20       0.03      1.00      0.05       220\n\n    accuracy                           0.03      8011\n   macro avg       0.34      0.33      0.02      8011\nweighted avg       0.59      0.03      0.00      8011\n",
        "feature_importances": {
            "time_in_month": 0.03222623279417251,
            "time_in_hour": 0.05452769438303159,
            "time_in_weekday": 0.08300098438971919,
            "requires_power": 0.00023003298025554364,
            "time_in_business_day": 0.0003741689329753013,
            "time_in_week_of_year": 0.056297304567935066,
            "time_in_week_of_month": 0.019233534551520035,
            "nominal_length_NOM20": 0.004869557641034569,
            "nominal_length_NOM40": 0.0015993452043174064,
            "nominal_length_NOM45": 0.0,
            "freight_kind_FCL": 0.0057862516062896704,
            "freight_kind_MTY": 0.003927208040054408,
            "category_EXPRT": 0.13236153386723198,
            "category_IMPRT": 0.5783850095696051,
            "category_STRGE": 0.0022493194911283503,
            "category_THRGH": 0.01609503327833749,
            "category_TRSHP": 0.008836788702391761
        },
        "elapsed_time_minutes": null
    },
    "dataset_name": "subset_base.csv"
}