{
    "model_type": "GradientBoosting",
    "bins": [
        0,
        4,
        12,
        21
    ],
    "scaled": true,
    "tuned": false,
    "stratified_split_testing": false,
    "week": 1,
    "month": 3,
    "metrics": {
        "accuracy": 0.03322334736602572,
        "precision": 0.3215103454318946,
        "recall": 0.3444147242389504,
        "f1_score": 0.030431337191932695,
        "matthews_corrcoef": 0.05419036480882602,
        "cohen_kappa_score": 0.007878741317077886,
        "roc_auc_score": 0.7775399066881432,
        "log_loss": 2.2408056107125724,
        "confusion_matrix": [
            [
                174,
                0,
                5060
            ],
            [
                9,
                0,
                3428
            ],
            [
                0,
                0,
                118
            ]
        ],
        "classification_report": "              precision    recall  f1-score   support\n\n     00 - 03       0.95      0.03      0.06      5234\n     04 - 11       0.00      0.00      0.00      3437\n     12 - 20       0.01      1.00      0.03       118\n\n    accuracy                           0.03      8789\n   macro avg       0.32      0.34      0.03      8789\nweighted avg       0.57      0.03      0.04      8789\n",
        "feature_importances": {
            "time_in_month": 0.058470947437290276,
            "time_in_hour": 0.07459474457976867,
            "time_in_weekday": 0.06630386373136479,
            "requires_power": 0.0001326605473966129,
            "time_in_business_day": 0.00027617305054343733,
            "time_in_week_of_year": 0.08842584809723818,
            "time_in_week_of_month": 0.020273658750056985,
            "nominal_length_NOM20": 0.004926678747217259,
            "nominal_length_NOM40": 0.002138948167918811,
            "nominal_length_NOM45": 0.0,
            "freight_kind_FCL": 0.00889369809915933,
            "freight_kind_MTY": 0.009770188723215783,
            "category_EXPRT": 0.20779231182591504,
            "category_IMPRT": 0.4093065952578732,
            "category_STRGE": 0.020527260079956897,
            "category_THRGH": 0.011739314987068556,
            "category_TRSHP": 0.01642710791801626
        },
        "elapsed_time_minutes": null
    },
    "dataset_name": "subset_base.csv"
}