{
    "model_type": "GradientBoosting",
    "bins": [
        0,
        4,
        9,
        21
    ],
    "scaled": false,
    "tuned": false,
    "stratified_split_testing": true,
    "week": 3,
    "month": 1,
    "metrics": {
        "accuracy": 0.07411504424778761,
        "precision": 0.26147117235942446,
        "recall": 0.324829088427876,
        "f1_score": 0.06626438631854925,
        "matthews_corrcoef": 0.037047447426568035,
        "cohen_kappa_score": 0.007625216701391047,
        "roc_auc_score": 0.49496424793510435,
        "log_loss": 3.369441055357095,
        "confusion_matrix": [
            [
                0,
                36,
                3489
            ],
            [
                0,
                185,
                3140
            ],
            [
                0,
                31,
                351
            ]
        ],
        "classification_report": "              precision    recall  f1-score   support\n\n     00 - 03       0.00      0.00      0.00      3525\n     04 - 08       0.73      0.06      0.10      3325\n     09 - 20       0.05      0.92      0.10       382\n\n    accuracy                           0.07      7232\n   macro avg       0.26      0.32      0.07      7232\nweighted avg       0.34      0.07      0.05      7232\n",
        "feature_importances": {
            "time_in_month": 0.004004891475285635,
            "time_in_hour": 0.00699844386248051,
            "time_in_weekday": 0.07717806385179611,
            "requires_power": 9.926035231289152e-05,
            "time_in_business_day": 0.0006128301151417343,
            "time_in_week_of_year": 0.052108999002077445,
            "time_in_week_of_month": 0.00956681191139824,
            "nominal_length_NOM20": 0.0025680633727371968,
            "nominal_length_NOM40": 0.0010301476356392382,
            "nominal_length_NOM45": 0.0,
            "freight_kind_FCL": 0.002666026012222043,
            "freight_kind_MTY": 0.005427635942847255,
            "category_EXPRT": 0.29840933352621796,
            "category_IMPRT": 0.4980562123193942,
            "category_STRGE": 0.0018846647423013422,
            "category_THRGH": 0.01831662180507393,
            "category_TRSHP": 0.02107199407307435
        },
        "elapsed_time_minutes": null
    },
    "dataset_name": "subset_base.csv"
}