{
    "model_type": "GradientBoosting",
    "bins": [
        0,
        6,
        9,
        21
    ],
    "scaled": false,
    "tuned": false,
    "stratified_split_testing": true,
    "week": 2,
    "month": 3,
    "metrics": {
        "accuracy": 0.06678317313693671,
        "precision": 0.3633221292252002,
        "recall": 0.3756338082277602,
        "f1_score": 0.06721807436082727,
        "matthews_corrcoef": -0.014332494844449994,
        "cohen_kappa_score": -0.004917043577588487,
        "roc_auc_score": 0.6122457163748001,
        "log_loss": 2.514315947455846,
        "confusion_matrix": [
            [
                221,
                1663,
                4911
            ],
            [
                0,
                94,
                902
            ],
            [
                0,
                0,
                220
            ]
        ],
        "classification_report": "              precision    recall  f1-score   support\n\n     00 - 05       1.00      0.03      0.06      6795\n     06 - 08       0.05      0.09      0.07       996\n     09 - 20       0.04      1.00      0.07       220\n\n    accuracy                           0.07      8011\n   macro avg       0.36      0.38      0.07      8011\nweighted avg       0.86      0.07      0.06      8011\n",
        "feature_importances": {
            "time_in_month": 0.010807062965729463,
            "time_in_hour": 0.020544593730520196,
            "time_in_weekday": 0.07825400314104596,
            "requires_power": 0.0,
            "time_in_business_day": 0.0014733644092480296,
            "time_in_week_of_year": 0.08460195439766144,
            "time_in_week_of_month": 0.009927923054011467,
            "nominal_length_NOM20": 0.0005340112183989543,
            "nominal_length_NOM40": 0.008115355966571041,
            "nominal_length_NOM45": 0.0,
            "freight_kind_FCL": 0.008435693734070132,
            "freight_kind_MTY": 0.011243777253030376,
            "category_EXPRT": 0.16773493540041268,
            "category_IMPRT": 0.5701564316322075,
            "category_STRGE": 0.003719027342066322,
            "category_THRGH": 0.01143114668607397,
            "category_TRSHP": 0.013020719068952462
        },
        "elapsed_time_minutes": null
    },
    "dataset_name": "subset_base.csv"
}