{
    "model_type": "GradientBoosting",
    "bins": [
        0,
        3,
        11,
        21
    ],
    "scaled": false,
    "tuned": false,
    "stratified_split_testing": false,
    "week": 1,
    "month": 3,
    "metrics": {
        "accuracy": 0.025941517806348846,
        "precision": 0.2459534629141686,
        "recall": 0.33689264133763763,
        "f1_score": 0.02085002332321151,
        "matthews_corrcoef": 0.02275947327040201,
        "cohen_kappa_score": 0.001955258384543024,
        "roc_auc_score": 0.5894319590939158,
        "log_loss": 3.5202672419378374,
        "confusion_matrix": [
            [
                43,
                0,
                3984
            ],
            [
                17,
                0,
                4560
            ],
            [
                0,
                0,
                185
            ]
        ],
        "classification_report": "              precision    recall  f1-score   support\n\n     00 - 02       0.72      0.01      0.02      4027\n     03 - 10       0.00      0.00      0.00      4577\n     11 - 20       0.02      1.00      0.04       185\n\n    accuracy                           0.03      8789\n   macro avg       0.25      0.34      0.02      8789\nweighted avg       0.33      0.03      0.01      8789\n",
        "feature_importances": {
            "time_in_month": 0.0026131654492139184,
            "time_in_hour": 0.0030506861216237,
            "time_in_weekday": 0.08658136419713432,
            "requires_power": 0.00016075803636792093,
            "time_in_business_day": 0.0007592187220095152,
            "time_in_week_of_year": 0.03911468014158619,
            "time_in_week_of_month": 0.0022969537764012528,
            "nominal_length_NOM20": 0.002865802394429116,
            "nominal_length_NOM40": 0.0008929294781666217,
            "nominal_length_NOM45": 0.0,
            "freight_kind_FCL": 0.0036685090185021047,
            "freight_kind_MTY": 0.003415130967835296,
            "category_EXPRT": 0.12623776020813376,
            "category_IMPRT": 0.6756613853141928,
            "category_STRGE": 0.008066957413305494,
            "category_THRGH": 0.022560094813438243,
            "category_TRSHP": 0.022054603947659717
        },
        "elapsed_time_minutes": null
    },
    "dataset_name": "subset_base.csv"
}