{
    "model_type": "GradientBoosting",
    "bins": [
        0,
        4,
        10,
        21
    ],
    "scaled": false,
    "tuned": false,
    "stratified_split_testing": true,
    "week": 4,
    "month": 1,
    "metrics": {
        "accuracy": 0.05489856744543794,
        "precision": 0.3497743391360413,
        "recall": 0.3371807000946074,
        "f1_score": 0.03894333906281337,
        "matthews_corrcoef": 0.03985619794404355,
        "cohen_kappa_score": 0.0033453813566690638,
        "roc_auc_score": 0.6116395225919978,
        "log_loss": 3.230868995331035,
        "confusion_matrix": [
            [
                61,
                0,
                5224
            ],
            [
                0,
                0,
                4606
            ],
            [
                0,
                0,
                510
            ]
        ],
        "classification_report": "              precision    recall  f1-score   support\n\n     00 - 03       1.00      0.01      0.02      5285\n     04 - 09       0.00      0.00      0.00      4606\n     10 - 20       0.05      1.00      0.09       510\n\n    accuracy                           0.05     10401\n   macro avg       0.35      0.34      0.04     10401\nweighted avg       0.51      0.05      0.02     10401\n",
        "feature_importances": {
            "time_in_month": 0.004356135316063774,
            "time_in_hour": 0.004212068152075438,
            "time_in_weekday": 0.06777579348134675,
            "requires_power": 8.853742969643662e-05,
            "time_in_business_day": 0.0012594912660003233,
            "time_in_week_of_year": 0.050742832567302526,
            "time_in_week_of_month": 0.005286117237342439,
            "nominal_length_NOM20": 0.0022967913747459017,
            "nominal_length_NOM40": 0.0013223022168056132,
            "nominal_length_NOM45": 0.0,
            "freight_kind_FCL": 0.004181216463825024,
            "freight_kind_MTY": 0.004022252694852673,
            "category_EXPRT": 0.2217398619641787,
            "category_IMPRT": 0.5868980870594872,
            "category_STRGE": 0.0053794520764035335,
            "category_THRGH": 0.016754297477789143,
            "category_TRSHP": 0.023684763222084616
        },
        "elapsed_time_minutes": null
    },
    "dataset_name": "subset_base.csv"
}