{
    "model_type": "GradientBoosting",
    "bins": [
        0,
        3,
        10,
        21
    ],
    "scaled": false,
    "tuned": false,
    "stratified_split_testing": true,
    "week": 3,
    "month": 2,
    "metrics": {
        "accuracy": 0.0696104897801774,
        "precision": 0.6351962960018553,
        "recall": 0.35862481111929023,
        "f1_score": 0.06965355754244784,
        "matthews_corrcoef": 0.0878239884470041,
        "cohen_kappa_score": 0.018983150136965277,
        "roc_auc_score": 0.5225156818541407,
        "log_loss": 3.2462181682638973,
        "confusion_matrix": [
            [
                39,
                50,
                4996
            ],
            [
                0,
                337,
                4604
            ],
            [
                0,
                0,
                346
            ]
        ],
        "classification_report": "              precision    recall  f1-score   support\n\n     00 - 02       1.00      0.01      0.02      5085\n     03 - 09       0.87      0.07      0.13      4941\n     10 - 20       0.03      1.00      0.07       346\n\n    accuracy                           0.07     10372\n   macro avg       0.64      0.36      0.07     10372\nweighted avg       0.91      0.07      0.07     10372\n",
        "feature_importances": {
            "time_in_month": 0.0035014285476591745,
            "time_in_hour": 0.0040185000667937445,
            "time_in_weekday": 0.08927876282755536,
            "requires_power": 0.00010140134274725572,
            "time_in_business_day": 0.0013073520352379357,
            "time_in_week_of_year": 0.03818345730973455,
            "time_in_week_of_month": 0.002624401021248906,
            "nominal_length_NOM20": 0.0030501914312125534,
            "nominal_length_NOM40": 0.0009617767183728812,
            "nominal_length_NOM45": 0.0,
            "freight_kind_FCL": 0.002777874464691963,
            "freight_kind_MTY": 0.0034826873280376738,
            "category_EXPRT": 0.3408653827160811,
            "category_IMPRT": 0.44610349131715954,
            "category_STRGE": 0.0030637424696891426,
            "category_THRGH": 0.022714186765479972,
            "category_TRSHP": 0.03796536363829844
        },
        "elapsed_time_minutes": null
    },
    "dataset_name": "subset_base.csv"
}