{
    "model_type": "GradientBoosting",
    "bins": [
        0,
        6,
        12,
        21
    ],
    "scaled": true,
    "tuned": false,
    "stratified_split_testing": false,
    "week": 3,
    "month": 1,
    "metrics": {
        "accuracy": 0.17588495575221239,
        "precision": 0.49323260525876483,
        "recall": 0.4081469172718964,
        "f1_score": 0.18700683555236997,
        "matthews_corrcoef": 0.15441524267928042,
        "cohen_kappa_score": 0.0760036571653967,
        "roc_auc_score": 0.7243851970821421,
        "log_loss": 1.4971892733500602,
        "confusion_matrix": [
            [
                12,
                1323,
                3811
            ],
            [
                0,
                1182,
                778
            ],
            [
                0,
                48,
                78
            ]
        ],
        "classification_report": "              precision    recall  f1-score   support\n\n     00 - 05       1.00      0.00      0.00      5146\n     06 - 11       0.46      0.60      0.52      1960\n     12 - 20       0.02      0.62      0.03       126\n\n    accuracy                           0.18      7232\n   macro avg       0.49      0.41      0.19      7232\nweighted avg       0.84      0.18      0.15      7232\n",
        "feature_importances": {
            "time_in_month": 0.054746093641678345,
            "time_in_hour": 0.06154538700242823,
            "time_in_weekday": 0.06440682676146454,
            "requires_power": 0.00046340613160630694,
            "time_in_business_day": 0.0017544586647393267,
            "time_in_week_of_year": 0.10305876168568114,
            "time_in_week_of_month": 0.023656759258086562,
            "nominal_length_NOM20": 0.0029312246392909354,
            "nominal_length_NOM40": 0.006065534721331171,
            "nominal_length_NOM45": 0.0,
            "freight_kind_FCL": 0.011291290816112859,
            "freight_kind_MTY": 0.004994965289103455,
            "category_EXPRT": 0.16092834238731119,
            "category_IMPRT": 0.3090393170954475,
            "category_STRGE": 0.10915366324240824,
            "category_THRGH": 0.006502210452925497,
            "category_TRSHP": 0.07946175821038468
        },
        "elapsed_time_minutes": null
    },
    "dataset_name": "subset_base.csv"
}