{
    "model_type": "GradientBoosting",
    "bins": [
        0,
        4,
        9,
        21
    ],
    "scaled": true,
    "tuned": false,
    "stratified_split_testing": false,
    "week": 3,
    "month": 2,
    "metrics": {
        "accuracy": 0.10354801388353259,
        "precision": 0.6046758671295119,
        "recall": 0.315157333612385,
        "f1_score": 0.1310508926372048,
        "matthews_corrcoef": 0.10104529997226101,
        "cohen_kappa_score": 0.03007351866437169,
        "roc_auc_score": 0.6400705443221568,
        "log_loss": 2.0709013429023004,
        "confusion_matrix": [
            [
                72,
                46,
                6383
            ],
            [
                0,
                598,
                2738
            ],
            [
                0,
                131,
                404
            ]
        ],
        "classification_report": "              precision    recall  f1-score   support\n\n     00 - 03       1.00      0.01      0.02      6501\n     04 - 08       0.77      0.18      0.29      3336\n     09 - 20       0.04      0.76      0.08       535\n\n    accuracy                           0.10     10372\n   macro avg       0.60      0.32      0.13     10372\nweighted avg       0.88      0.10      0.11     10372\n",
        "feature_importances": {
            "time_in_month": 0.03265059174623597,
            "time_in_hour": 0.05170871189852351,
            "time_in_weekday": 0.07876541017041334,
            "requires_power": 0.00033554979317545184,
            "time_in_business_day": 0.0004994952727772751,
            "time_in_week_of_year": 0.057467288339117115,
            "time_in_week_of_month": 0.018072347514060755,
            "nominal_length_NOM20": 0.004011312071524638,
            "nominal_length_NOM40": 0.002298538648754909,
            "nominal_length_NOM45": 0.0,
            "freight_kind_FCL": 0.004826370985655661,
            "freight_kind_MTY": 0.00503946919440791,
            "category_EXPRT": 0.1327914937907045,
            "category_IMPRT": 0.5858994813244599,
            "category_STRGE": 0.0016951473528243374,
            "category_THRGH": 0.01637828008451469,
            "category_TRSHP": 0.007560511812850122
        },
        "elapsed_time_minutes": null
    },
    "dataset_name": "subset_base.csv"
}