{
    "model_type": "GradientBoosting",
    "bins": [
        0,
        3,
        11,
        21
    ],
    "scaled": false,
    "tuned": false,
    "stratified_split_testing": false,
    "week": 4,
    "month": 2,
    "metrics": {
        "accuracy": 0.03960769520935496,
        "precision": 0.451201826945339,
        "recall": 0.33523988706378643,
        "f1_score": 0.02753657787857677,
        "matthews_corrcoef": 0.012379787121928715,
        "cohen_kappa_score": 0.0008750092704205015,
        "roc_auc_score": 0.5124661714642779,
        "log_loss": 3.2928066461614605,
        "confusion_matrix": [
            [
                4,
                14,
                4896
            ],
            [
                2,
                26,
                5272
            ],
            [
                0,
                0,
                390
            ]
        ],
        "classification_report": "              precision    recall  f1-score   support\n\n     00 - 02       0.67      0.00      0.00      4914\n     03 - 10       0.65      0.00      0.01      5300\n     11 - 20       0.04      1.00      0.07       390\n\n    accuracy                           0.04     10604\n   macro avg       0.45      0.34      0.03     10604\nweighted avg       0.64      0.04      0.01     10604\n",
        "feature_importances": {
            "time_in_month": 0.0026131654492139184,
            "time_in_hour": 0.0030506861216237,
            "time_in_weekday": 0.08658136419713432,
            "requires_power": 0.00016075803636792093,
            "time_in_business_day": 0.0007592187220095152,
            "time_in_week_of_year": 0.03911468014158619,
            "time_in_week_of_month": 0.0022969537764012528,
            "nominal_length_NOM20": 0.002865802394429116,
            "nominal_length_NOM40": 0.0008929294781666217,
            "nominal_length_NOM45": 0.0,
            "freight_kind_FCL": 0.0036685090185021047,
            "freight_kind_MTY": 0.003415130967835296,
            "category_EXPRT": 0.12623776020813376,
            "category_IMPRT": 0.6756613853141928,
            "category_STRGE": 0.008066957413305494,
            "category_THRGH": 0.022560094813438243,
            "category_TRSHP": 0.022054603947659717
        },
        "elapsed_time_minutes": null
    },
    "dataset_name": "subset_base.csv"
}