{
    "model_type": "GradientBoosting",
    "bins": [
        0,
        3,
        11,
        21
    ],
    "scaled": true,
    "tuned": false,
    "stratified_split_testing": false,
    "week": 2,
    "month": 3,
    "metrics": {
        "accuracy": 0.2695044314068156,
        "precision": 0.4627432289148204,
        "recall": 0.4884423491425578,
        "f1_score": 0.20138949457083363,
        "matthews_corrcoef": 0.15124209195136112,
        "cohen_kappa_score": 0.08934773942179819,
        "roc_auc_score": 0.750823574146926,
        "log_loss": 1.6350831797978613,
        "confusion_matrix": [
            [
                14,
                626,
                2780
            ],
            [
                9,
                2094,
                2437
            ],
            [
                0,
                0,
                51
            ]
        ],
        "classification_report": "              precision    recall  f1-score   support\n\n     00 - 02       0.61      0.00      0.01      3420\n     03 - 10       0.77      0.46      0.58      4540\n     11 - 20       0.01      1.00      0.02        51\n\n    accuracy                           0.27      8011\n   macro avg       0.46      0.49      0.20      8011\nweighted avg       0.70      0.27      0.33      8011\n",
        "feature_importances": {
            "time_in_month": 0.04461140253242872,
            "time_in_hour": 0.07769621623935602,
            "time_in_weekday": 0.0674623107648225,
            "requires_power": 7.729875375968663e-05,
            "time_in_business_day": 0.00013819217593065574,
            "time_in_week_of_year": 0.07237680404116706,
            "time_in_week_of_month": 0.016211084557263684,
            "nominal_length_NOM20": 0.0036939781680100283,
            "nominal_length_NOM40": 0.0018251726736642868,
            "nominal_length_NOM45": 0.0,
            "freight_kind_FCL": 0.006745273754225292,
            "freight_kind_MTY": 0.007890980157574952,
            "category_EXPRT": 0.16972339178405862,
            "category_IMPRT": 0.5005118275185365,
            "category_STRGE": 0.006405558030191843,
            "category_THRGH": 0.018714284510585516,
            "category_TRSHP": 0.005916224338424665
        },
        "elapsed_time_minutes": null
    },
    "dataset_name": "subset_base.csv"
}