{
    "model_type": "GradientBoosting",
    "bins": [
        0,
        4,
        12,
        21
    ],
    "scaled": true,
    "tuned": false,
    "stratified_split_testing": false,
    "week": 4,
    "month": 1,
    "metrics": {
        "accuracy": 0.23526583982309393,
        "precision": 0.4960723320898855,
        "recall": 0.45949838867007653,
        "f1_score": 0.23507605018369204,
        "matthews_corrcoef": 0.16256906810502258,
        "cohen_kappa_score": 0.09270274419363356,
        "roc_auc_score": 0.7629832384754657,
        "log_loss": 1.4071053226640344,
        "confusion_matrix": [
            [
                471,
                653,
                4161
            ],
            [
                167,
                1684,
                2954
            ],
            [
                5,
                14,
                292
            ]
        ],
        "classification_report": "              precision    recall  f1-score   support\n\n     00 - 03       0.73      0.09      0.16      5285\n     04 - 11       0.72      0.35      0.47      4805\n     12 - 20       0.04      0.94      0.08       311\n\n    accuracy                           0.24     10401\n   macro avg       0.50      0.46      0.24     10401\nweighted avg       0.70      0.24      0.30     10401\n",
        "feature_importances": {
            "time_in_month": 0.058470947437290276,
            "time_in_hour": 0.07459474457976867,
            "time_in_weekday": 0.06630386373136479,
            "requires_power": 0.0001326605473966129,
            "time_in_business_day": 0.00027617305054343733,
            "time_in_week_of_year": 0.08842584809723818,
            "time_in_week_of_month": 0.020273658750056985,
            "nominal_length_NOM20": 0.004926678747217259,
            "nominal_length_NOM40": 0.002138948167918811,
            "nominal_length_NOM45": 0.0,
            "freight_kind_FCL": 0.00889369809915933,
            "freight_kind_MTY": 0.009770188723215783,
            "category_EXPRT": 0.20779231182591504,
            "category_IMPRT": 0.4093065952578732,
            "category_STRGE": 0.020527260079956897,
            "category_THRGH": 0.011739314987068556,
            "category_TRSHP": 0.01642710791801626
        },
        "elapsed_time_minutes": null
    },
    "dataset_name": "subset_base.csv"
}