{
    "model_type": "GradientBoosting",
    "bins": [
        0,
        4,
        11,
        21
    ],
    "scaled": true,
    "tuned": false,
    "stratified_split_testing": false,
    "week": 1,
    "month": 1,
    "metrics": {
        "accuracy": 0.05778120184899846,
        "precision": 0.6324449024420742,
        "recall": 0.35847916405503283,
        "f1_score": 0.06216938942133366,
        "matthews_corrcoef": 0.0899640825401218,
        "cohen_kappa_score": 0.01846249191344229,
        "roc_auc_score": 0.6896803787062881,
        "log_loss": 2.3852663569881116,
        "confusion_matrix": [
            [
                153,
                6,
                3638
            ],
            [
                10,
                90,
                2461
            ],
            [
                0,
                0,
                132
            ]
        ],
        "classification_report": "              precision    recall  f1-score   support\n\n     00 - 03       0.94      0.04      0.08      3797\n     04 - 10       0.94      0.04      0.07      2561\n     11 - 20       0.02      1.00      0.04       132\n\n    accuracy                           0.06      6490\n   macro avg       0.63      0.36      0.06      6490\nweighted avg       0.92      0.06      0.07      6490\n",
        "feature_importances": {
            "time_in_month": 0.0510429406927555,
            "time_in_hour": 0.06791909459815507,
            "time_in_weekday": 0.07359569372942494,
            "requires_power": 6.0223283989774015e-05,
            "time_in_business_day": 0.00019565934877362138,
            "time_in_week_of_year": 0.08046546223639639,
            "time_in_week_of_month": 0.020529641587918316,
            "nominal_length_NOM20": 0.004336137081611606,
            "nominal_length_NOM40": 0.0024709699791104723,
            "nominal_length_NOM45": 0.0,
            "freight_kind_FCL": 0.011272505326200605,
            "freight_kind_MTY": 0.005440599764860737,
            "category_EXPRT": 0.21327256534424469,
            "category_IMPRT": 0.44308668476286484,
            "category_STRGE": 0.004742963988299268,
            "category_THRGH": 0.013241170547608053,
            "category_TRSHP": 0.008327687727786009
        },
        "elapsed_time_minutes": null
    },
    "dataset_name": "subset_base.csv"
}