{
    "model_type": "GradientBoosting",
    "bins": [
        0,
        6,
        11,
        21
    ],
    "scaled": false,
    "tuned": false,
    "stratified_split_testing": true,
    "week": 4,
    "month": 2,
    "metrics": {
        "accuracy": 0.042719728404375705,
        "precision": 0.34045896584440233,
        "recall": 0.3358986888183077,
        "f1_score": 0.02887864925559344,
        "matthews_corrcoef": 0.02269091096622588,
        "cohen_kappa_score": 0.0015685698043429452,
        "roc_auc_score": 0.6459820498084468,
        "log_loss": 3.5108786317643728,
        "confusion_matrix": [
            [
                63,
                0,
                8123
            ],
            [
                1,
                0,
                2027
            ],
            [
                0,
                0,
                390
            ]
        ],
        "classification_report": "              precision    recall  f1-score   support\n\n     00 - 05       0.98      0.01      0.02      8186\n     06 - 10       0.00      0.00      0.00      2028\n     11 - 20       0.04      1.00      0.07       390\n\n    accuracy                           0.04     10604\n   macro avg       0.34      0.34      0.03     10604\nweighted avg       0.76      0.04      0.01     10604\n",
        "feature_importances": {
            "time_in_month": 0.0032953670894196626,
            "time_in_hour": 0.016070454918967022,
            "time_in_weekday": 0.06732412801707767,
            "requires_power": 9.115046943556412e-05,
            "time_in_business_day": 0.0016582280736105607,
            "time_in_week_of_year": 0.07695743113539498,
            "time_in_week_of_month": 0.007388052756079564,
            "nominal_length_NOM20": 0.0007713730048510203,
            "nominal_length_NOM40": 0.007649432301391726,
            "nominal_length_NOM45": 0.0,
            "freight_kind_FCL": 0.010211384893692749,
            "freight_kind_MTY": 0.00845006268067878,
            "category_EXPRT": 0.04688229600522637,
            "category_IMPRT": 0.7092937533754644,
            "category_STRGE": 0.0158887437378859,
            "category_THRGH": 0.00913186327226888,
            "category_TRSHP": 0.018936278268555054
        },
        "elapsed_time_minutes": null
    },
    "dataset_name": "subset_base.csv"
}