{
    "model_type": "GradientBoosting",
    "bins": [
        0,
        3,
        10,
        21
    ],
    "scaled": true,
    "tuned": false,
    "stratified_split_testing": false,
    "week": 2,
    "month": 1,
    "metrics": {
        "accuracy": 0.024839519955344683,
        "precision": 0.3397885676864066,
        "recall": 0.33763996554694226,
        "f1_score": 0.021168599598429677,
        "matthews_corrcoef": 0.04348104938169561,
        "cohen_kappa_score": 0.003350029877999261,
        "roc_auc_score": 0.771033160783468,
        "log_loss": 2.355873382389652,
        "confusion_matrix": [
            [
                60,
                0,
                4584
            ],
            [
                0,
                0,
                5898
            ],
            [
                0,
                0,
                207
            ]
        ],
        "classification_report": "              precision    recall  f1-score   support\n\n     00 - 02       1.00      0.01      0.03      4644\n     03 - 09       0.00      0.00      0.00      5898\n     10 - 20       0.02      1.00      0.04       207\n\n    accuracy                           0.02     10749\n   macro avg       0.34      0.34      0.02     10749\nweighted avg       0.43      0.02      0.01     10749\n",
        "feature_importances": {
            "time_in_month": 0.032147319505357354,
            "time_in_hour": 0.08210823157890369,
            "time_in_weekday": 0.07454672985498915,
            "requires_power": 4.985185426278369e-06,
            "time_in_business_day": 0.0001908373413220426,
            "time_in_week_of_year": 0.056868988095044544,
            "time_in_week_of_month": 0.016711461455364746,
            "nominal_length_NOM20": 0.002620063037881955,
            "nominal_length_NOM40": 0.001821730534940788,
            "nominal_length_NOM45": 0.0,
            "freight_kind_FCL": 0.005035138072102805,
            "freight_kind_MTY": 0.005440871884128771,
            "category_EXPRT": 0.15176385969626915,
            "category_IMPRT": 0.543751709217008,
            "category_STRGE": 0.0038243981772513682,
            "category_THRGH": 0.020026122269179315,
            "category_TRSHP": 0.0031375540948300664
        },
        "elapsed_time_minutes": null
    },
    "dataset_name": "subset_base.csv"
}