{
    "model_type": "GradientBoosting",
    "bins": [
        0,
        5,
        9,
        21
    ],
    "scaled": true,
    "tuned": false,
    "stratified_split_testing": false,
    "week": 2,
    "month": 3,
    "metrics": {
        "accuracy": 0.04443889651728873,
        "precision": 0.39478315959916993,
        "recall": 0.3445300823036778,
        "f1_score": 0.03981585056562662,
        "matthews_corrcoef": 0.01937935387594064,
        "cohen_kappa_score": 0.0032808535140628203,
        "roc_auc_score": 0.7171990128261361,
        "log_loss": 2.055459642822925,
        "confusion_matrix": [
            [
                106,
                126,
                5621
            ],
            [
                4,
                30,
                1904
            ],
            [
                0,
                0,
                220
            ]
        ],
        "classification_report": "              precision    recall  f1-score   support\n\n     00 - 04       0.96      0.02      0.04      5853\n     05 - 08       0.19      0.02      0.03      1938\n     09 - 20       0.03      1.00      0.06       220\n\n    accuracy                           0.04      8011\n   macro avg       0.39      0.34      0.04      8011\nweighted avg       0.75      0.04      0.03      8011\n",
        "feature_importances": {
            "time_in_month": 0.03768314355571656,
            "time_in_hour": 0.048926206113682306,
            "time_in_weekday": 0.08669640496187575,
            "requires_power": 0.00021037040775379512,
            "time_in_business_day": 0.0015086917542271804,
            "time_in_week_of_year": 0.06805483239510651,
            "time_in_week_of_month": 0.017709606179846304,
            "nominal_length_NOM20": 0.004714345925669661,
            "nominal_length_NOM40": 0.0028914651760550505,
            "nominal_length_NOM45": 0.0,
            "freight_kind_FCL": 0.003236132517871028,
            "freight_kind_MTY": 0.0048579431047078535,
            "category_EXPRT": 0.16246452630628952,
            "category_IMPRT": 0.5353929159053425,
            "category_STRGE": 0.0018895347216301667,
            "category_THRGH": 0.013036742642067778,
            "category_TRSHP": 0.010727138332157892
        },
        "elapsed_time_minutes": null
    },
    "dataset_name": "subset_base.csv"
}