{
    "model_type": "GradientBoosting",
    "bins": [
        0,
        4,
        11,
        21
    ],
    "scaled": false,
    "tuned": false,
    "stratified_split_testing": false,
    "week": 2,
    "month": 2,
    "metrics": {
        "accuracy": 0.03620049504950495,
        "precision": 0.3165297764893996,
        "recall": 0.33538213199230144,
        "f1_score": 0.025319177679430496,
        "matthews_corrcoef": 0.02271287204449996,
        "cohen_kappa_score": 0.0014815486467406602,
        "roc_auc_score": 0.5961456545678043,
        "log_loss": 3.766818786112399,
        "confusion_matrix": [
            [
                33,
                1,
                5335
            ],
            [
                3,
                0,
                4006
            ],
            [
                0,
                0,
                318
            ]
        ],
        "classification_report": "              precision    recall  f1-score   support\n\n     00 - 03       0.92      0.01      0.01      5369\n     04 - 10       0.00      0.00      0.00      4009\n     11 - 20       0.03      1.00      0.06       318\n\n    accuracy                           0.04      9696\n   macro avg       0.32      0.34      0.03      9696\nweighted avg       0.51      0.04      0.01      9696\n",
        "feature_importances": {
            "time_in_month": 0.002587870292030343,
            "time_in_hour": 0.00409083110896038,
            "time_in_weekday": 0.06390876059675109,
            "requires_power": 0.00010729470466504065,
            "time_in_business_day": 0.0005345338443696653,
            "time_in_week_of_year": 0.0508193109402023,
            "time_in_week_of_month": 0.004530719487068679,
            "nominal_length_NOM20": 0.0022959442467844933,
            "nominal_length_NOM40": 0.0015888658053727935,
            "nominal_length_NOM45": 0.0,
            "freight_kind_FCL": 0.004002141649265323,
            "freight_kind_MTY": 0.004583657000088224,
            "category_EXPRT": 0.11941460321019612,
            "category_IMPRT": 0.698784852458939,
            "category_STRGE": 0.007882995444790285,
            "category_THRGH": 0.01622415701494005,
            "category_TRSHP": 0.018643462195576145
        },
        "elapsed_time_minutes": null
    },
    "dataset_name": "subset_base.csv"
}