{
    "model_type": "GradientBoosting",
    "bins": [
        0,
        4,
        9,
        21
    ],
    "scaled": false,
    "tuned": false,
    "stratified_split_testing": false,
    "week": 3,
    "month": 1,
    "metrics": {
        "accuracy": 0.14601769911504425,
        "precision": 0.2739408953666799,
        "recall": 0.32907373144904145,
        "f1_score": 0.14761058189950518,
        "matthews_corrcoef": 0.10435790060987249,
        "cohen_kappa_score": 0.042114542085600615,
        "roc_auc_score": 0.47444865675325243,
        "log_loss": 3.4665669648107524,
        "confusion_matrix": [
            [
                0,
                129,
                3396
            ],
            [
                0,
                767,
                2558
            ],
            [
                0,
                93,
                289
            ]
        ],
        "classification_report": "              precision    recall  f1-score   support\n\n     00 - 03       0.00      0.00      0.00      3525\n     04 - 08       0.78      0.23      0.36      3325\n     09 - 20       0.05      0.76      0.09       382\n\n    accuracy                           0.15      7232\n   macro avg       0.27      0.33      0.15      7232\nweighted avg       0.36      0.15      0.17      7232\n",
        "feature_importances": {
            "time_in_month": 0.002936809346868353,
            "time_in_hour": 0.006136512688471347,
            "time_in_weekday": 0.0755113040683991,
            "requires_power": 0.00011689552175699194,
            "time_in_business_day": 0.0005628662083325434,
            "time_in_week_of_year": 0.05302612907729967,
            "time_in_week_of_month": 0.009673700678470454,
            "nominal_length_NOM20": 0.002482839144046312,
            "nominal_length_NOM40": 0.0011365874511634687,
            "nominal_length_NOM45": 0.0,
            "freight_kind_FCL": 0.003033402449654099,
            "freight_kind_MTY": 0.006179644305570201,
            "category_EXPRT": 0.2392794883080422,
            "category_IMPRT": 0.5574191496220272,
            "category_STRGE": 0.0023454593081308635,
            "category_THRGH": 0.01752699450063793,
            "category_TRSHP": 0.022632217321129355
        },
        "elapsed_time_minutes": null
    },
    "dataset_name": "subset_base.csv"
}