{
    "model_type": "GradientBoosting",
    "bins": [
        0,
        3,
        11,
        21
    ],
    "scaled": false,
    "tuned": false,
    "stratified_split_testing": true,
    "week": 2,
    "month": 1,
    "metrics": {
        "accuracy": 0.0166527118801749,
        "precision": 0.24157244478950154,
        "recall": 0.33527131782945735,
        "f1_score": 0.01317281185322764,
        "matthews_corrcoef": 0.017318816432774338,
        "cohen_kappa_score": 0.00105091193406881,
        "roc_auc_score": 0.6727699270444288,
        "log_loss": 3.1507288784366847,
        "confusion_matrix": [
            [
                27,
                0,
                4617
            ],
            [
                11,
                0,
                5942
            ],
            [
                0,
                0,
                152
            ]
        ],
        "classification_report": "              precision    recall  f1-score   support\n\n     00 - 02       0.71      0.01      0.01      4644\n     03 - 10       0.00      0.00      0.00      5953\n     11 - 20       0.01      1.00      0.03       152\n\n    accuracy                           0.02     10749\n   macro avg       0.24      0.34      0.01     10749\nweighted avg       0.31      0.02      0.01     10749\n",
        "feature_importances": {
            "time_in_month": 0.0026742343323944606,
            "time_in_hour": 0.0034951962026757107,
            "time_in_weekday": 0.08628100822346715,
            "requires_power": 0.000253469556785652,
            "time_in_business_day": 0.0016143452887094668,
            "time_in_week_of_year": 0.03875567412849784,
            "time_in_week_of_month": 0.002544033543554945,
            "nominal_length_NOM20": 0.0028810652735227838,
            "nominal_length_NOM40": 0.0010358970975616968,
            "nominal_length_NOM45": 0.0,
            "freight_kind_FCL": 0.002526317124528823,
            "freight_kind_MTY": 0.003591437214073687,
            "category_EXPRT": 0.12829319346906892,
            "category_IMPRT": 0.6735192751716207,
            "category_STRGE": 0.007833110963991849,
            "category_THRGH": 0.022699144659488652,
            "category_TRSHP": 0.02200259775005763
        },
        "elapsed_time_minutes": null
    },
    "dataset_name": "subset_base.csv"
}