{
    "model_type": "GradientBoosting",
    "bins": [
        0,
        5,
        12,
        21
    ],
    "scaled": true,
    "tuned": false,
    "stratified_split_testing": false,
    "week": 2,
    "month": 1,
    "metrics": {
        "accuracy": 0.022327658386826682,
        "precision": 0.3316186983600677,
        "recall": 0.33833417381072445,
        "f1_score": 0.017355975203058538,
        "matthews_corrcoef": 0.03092900375248724,
        "cohen_kappa_score": 0.002948049689042165,
        "roc_auc_score": 0.8189080069691483,
        "log_loss": 1.994804702180117,
        "confusion_matrix": [
            [
                119,
                0,
                7813
            ],
            [
                2,
                0,
                2694
            ],
            [
                0,
                0,
                121
            ]
        ],
        "classification_report": "              precision    recall  f1-score   support\n\n     00 - 04       0.98      0.02      0.03      7932\n     05 - 11       0.00      0.00      0.00      2696\n     12 - 20       0.01      1.00      0.02       121\n\n    accuracy                           0.02     10749\n   macro avg       0.33      0.34      0.02     10749\nweighted avg       0.73      0.02      0.02     10749\n",
        "feature_importances": {
            "time_in_month": 0.052244096856693886,
            "time_in_hour": 0.06168039731900947,
            "time_in_weekday": 0.06150841212252279,
            "requires_power": 0.00027484243716728953,
            "time_in_business_day": 0.001030040555730576,
            "time_in_week_of_year": 0.10075469154794077,
            "time_in_week_of_month": 0.02112705810977828,
            "nominal_length_NOM20": 0.005456232788842417,
            "nominal_length_NOM40": 0.0017119611741830605,
            "nominal_length_NOM45": 0.0,
            "freight_kind_FCL": 0.007819671155271653,
            "freight_kind_MTY": 0.008033785732905458,
            "category_EXPRT": 0.1612804872008253,
            "category_IMPRT": 0.3201436942746035,
            "category_STRGE": 0.10735954283229501,
            "category_THRGH": 0.007467145795369406,
            "category_TRSHP": 0.08210794009686113
        },
        "elapsed_time_minutes": null
    },
    "dataset_name": "subset_base.csv"
}