{
    "model_type": "GradientBoosting",
    "bins": [
        0,
        4,
        12,
        21
    ],
    "scaled": false,
    "tuned": false,
    "stratified_split_testing": false,
    "week": 1,
    "month": 2,
    "metrics": {
        "accuracy": 0.013157894736842105,
        "precision": 0.29988113431822044,
        "recall": 0.33692222015964357,
        "f1_score": 0.011947058498623092,
        "matthews_corrcoef": 0.028767014040944682,
        "cohen_kappa_score": 0.002356780641682432,
        "roc_auc_score": 0.6278618055578717,
        "log_loss": 3.32556961581157,
        "confusion_matrix": [
            [
                58,
                0,
                5329
            ],
            [
                7,
                0,
                4414
            ],
            [
                0,
                0,
                72
            ]
        ],
        "classification_report": "              precision    recall  f1-score   support\n\n     00 - 03       0.89      0.01      0.02      5387\n     04 - 11       0.00      0.00      0.00      4421\n     12 - 20       0.01      1.00      0.01        72\n\n    accuracy                           0.01      9880\n   macro avg       0.30      0.34      0.01      9880\nweighted avg       0.49      0.01      0.01      9880\n",
        "feature_importances": {
            "time_in_month": 0.0020194595696830116,
            "time_in_hour": 0.00356895523109576,
            "time_in_weekday": 0.06281936175852045,
            "requires_power": 0.00013349954606112075,
            "time_in_business_day": 0.0003777754458767064,
            "time_in_week_of_year": 0.04941491635577389,
            "time_in_week_of_month": 0.005389622735972494,
            "nominal_length_NOM20": 0.002412263694423434,
            "nominal_length_NOM40": 0.0015487406301983625,
            "nominal_length_NOM45": 0.0,
            "freight_kind_FCL": 0.004058588953404435,
            "freight_kind_MTY": 0.004411212262506056,
            "category_EXPRT": 0.08311577880699836,
            "category_IMPRT": 0.7418304373275068,
            "category_STRGE": 0.007653286237957204,
            "category_THRGH": 0.016571986698427285,
            "category_TRSHP": 0.014674114745594678
        },
        "elapsed_time_minutes": null
    },
    "dataset_name": "subset_base.csv"
}