{
    "model_type": "GradientBoosting",
    "bins": [
        0,
        5,
        10,
        21
    ],
    "scaled": true,
    "tuned": false,
    "stratified_split_testing": true,
    "week": 2,
    "month": 3,
    "metrics": {
        "accuracy": 0.017101485457495944,
        "precision": 0.403013615207273,
        "recall": 0.33721405972896606,
        "f1_score": 0.01614188812460669,
        "matthews_corrcoef": -0.0007849825029734314,
        "cohen_kappa_score": -8.360108908767039e-05,
        "roc_auc_score": 0.6757555150411371,
        "log_loss": 3.0548805906920515,
        "confusion_matrix": [
            [
                14,
                78,
                5761
            ],
            [
                0,
                19,
                2035
            ],
            [
                0,
                0,
                104
            ]
        ],
        "classification_report": "              precision    recall  f1-score   support\n\n     00 - 04       1.00      0.00      0.00      5853\n     05 - 09       0.20      0.01      0.02      2054\n     10 - 20       0.01      1.00      0.03       104\n\n    accuracy                           0.02      8011\n   macro avg       0.40      0.34      0.02      8011\nweighted avg       0.78      0.02      0.01      8011\n",
        "feature_importances": {
            "time_in_month": 0.05067463486877446,
            "time_in_hour": 0.05342881034773191,
            "time_in_weekday": 0.07982710740525403,
            "requires_power": 0.0,
            "time_in_business_day": 0.001392363884411594,
            "time_in_week_of_year": 0.06690931967939069,
            "time_in_week_of_month": 0.018147583361474075,
            "nominal_length_NOM20": 0.005416198429296747,
            "nominal_length_NOM40": 0.0026865780337337365,
            "nominal_length_NOM45": 0.0,
            "freight_kind_FCL": 0.0063242743579567055,
            "freight_kind_MTY": 0.004630947031566047,
            "category_EXPRT": 0.23124080207942058,
            "category_IMPRT": 0.4527481788732062,
            "category_STRGE": 0.005571287779551505,
            "category_THRGH": 0.011881266954412986,
            "category_TRSHP": 0.009120646913818774
        },
        "elapsed_time_minutes": null
    },
    "dataset_name": "subset_base.csv"
}