{
    "model_type": "GradientBoosting",
    "bins": [
        0,
        4,
        12,
        21
    ],
    "scaled": true,
    "tuned": false,
    "stratified_split_testing": false,
    "week": 2,
    "month": 3,
    "metrics": {
        "accuracy": 0.2082137061540382,
        "precision": 0.5609587067931655,
        "recall": 0.48522288991525137,
        "f1_score": 0.2224052969285328,
        "matthews_corrcoef": 0.18772968458164796,
        "cohen_kappa_score": 0.09672469603292133,
        "roc_auc_score": 0.8136132560635797,
        "log_loss": 1.6967551129348655,
        "confusion_matrix": [
            [
                548,
                498,
                3700
            ],
            [
                5,
                1106,
                2140
            ],
            [
                0,
                0,
                14
            ]
        ],
        "classification_report": "              precision    recall  f1-score   support\n\n     00 - 03       0.99      0.12      0.21      4746\n     04 - 11       0.69      0.34      0.46      3251\n     12 - 20       0.00      1.00      0.00        14\n\n    accuracy                           0.21      8011\n   macro avg       0.56      0.49      0.22      8011\nweighted avg       0.87      0.21      0.31      8011\n",
        "feature_importances": {
            "time_in_month": 0.058470947437290276,
            "time_in_hour": 0.07459474457976867,
            "time_in_weekday": 0.06630386373136479,
            "requires_power": 0.0001326605473966129,
            "time_in_business_day": 0.00027617305054343733,
            "time_in_week_of_year": 0.08842584809723818,
            "time_in_week_of_month": 0.020273658750056985,
            "nominal_length_NOM20": 0.004926678747217259,
            "nominal_length_NOM40": 0.002138948167918811,
            "nominal_length_NOM45": 0.0,
            "freight_kind_FCL": 0.00889369809915933,
            "freight_kind_MTY": 0.009770188723215783,
            "category_EXPRT": 0.20779231182591504,
            "category_IMPRT": 0.4093065952578732,
            "category_STRGE": 0.020527260079956897,
            "category_THRGH": 0.011739314987068556,
            "category_TRSHP": 0.01642710791801626
        },
        "elapsed_time_minutes": null
    },
    "dataset_name": "subset_base.csv"
}