{
    "model_type": "GradientBoosting",
    "bins": [
        0,
        6,
        11,
        21
    ],
    "scaled": true,
    "tuned": false,
    "stratified_split_testing": false,
    "week": 2,
    "month": 1,
    "metrics": {
        "accuracy": 0.03023537073216113,
        "precision": 0.3324435956080239,
        "recall": 0.33961784365010167,
        "f1_score": 0.021780807349669626,
        "matthews_corrcoef": 0.025985599517396384,
        "cohen_kappa_score": 0.0024159151303873028,
        "roc_auc_score": 0.7915556196440976,
        "log_loss": 2.1467519254726173,
        "confusion_matrix": [
            [
                173,
                0,
                9003
            ],
            [
                3,
                0,
                1418
            ],
            [
                0,
                0,
                152
            ]
        ],
        "classification_report": "              precision    recall  f1-score   support\n\n     00 - 05       0.98      0.02      0.04      9176\n     06 - 10       0.00      0.00      0.00      1421\n     11 - 20       0.01      1.00      0.03       152\n\n    accuracy                           0.03     10749\n   macro avg       0.33      0.34      0.02     10749\nweighted avg       0.84      0.03      0.03     10749\n",
        "feature_importances": {
            "time_in_month": 0.05987725788549527,
            "time_in_hour": 0.06439832321791968,
            "time_in_weekday": 0.06858188386907246,
            "requires_power": 7.780314133635112e-05,
            "time_in_business_day": 0.0019409867147431245,
            "time_in_week_of_year": 0.08436919817734685,
            "time_in_week_of_month": 0.01985247011823058,
            "nominal_length_NOM20": 0.002319122534613141,
            "nominal_length_NOM40": 0.005455272314835598,
            "nominal_length_NOM45": 0.0,
            "freight_kind_FCL": 0.00764559365472246,
            "freight_kind_MTY": 0.00639114533910251,
            "category_EXPRT": 0.17273635674702195,
            "category_IMPRT": 0.3201223783298499,
            "category_STRGE": 0.09056910988051083,
            "category_THRGH": 0.006963788961715726,
            "category_TRSHP": 0.08869930911348355
        },
        "elapsed_time_minutes": null
    },
    "dataset_name": "subset_base.csv"
}