{
    "model_type": "GradientBoosting",
    "bins": [
        0,
        6,
        10,
        21
    ],
    "scaled": false,
    "tuned": false,
    "stratified_split_testing": true,
    "week": 2,
    "month": 2,
    "metrics": {
        "accuracy": 0.04176980198019802,
        "precision": 0.013923267326732673,
        "recall": 0.3333333333333333,
        "f1_score": 0.026730026730026734,
        "matthews_corrcoef": 0.0,
        "cohen_kappa_score": 0.0,
        "roc_auc_score": 0.5349721130587096,
        "log_loss": 4.201823090083234,
        "confusion_matrix": [
            [
                0,
                0,
                7458
            ],
            [
                0,
                0,
                1833
            ],
            [
                0,
                0,
                405
            ]
        ],
        "classification_report": "              precision    recall  f1-score   support\n\n     00 - 05       0.00      0.00      0.00      7458\n     06 - 09       0.00      0.00      0.00      1833\n     10 - 20       0.04      1.00      0.08       405\n\n    accuracy                           0.04      9696\n   macro avg       0.01      0.33      0.03      9696\nweighted avg       0.00      0.04      0.00      9696\n",
        "feature_importances": {
            "time_in_month": 0.009707783742049359,
            "time_in_hour": 0.017844782349887213,
            "time_in_weekday": 0.0738591799867521,
            "requires_power": 2.4887395491174956e-05,
            "time_in_business_day": 0.0007810313600828628,
            "time_in_week_of_year": 0.07746020851221644,
            "time_in_week_of_month": 0.008225054906488768,
            "nominal_length_NOM20": 0.0008353845335623266,
            "nominal_length_NOM40": 0.007279586333021613,
            "nominal_length_NOM45": 0.0,
            "freight_kind_FCL": 0.012484130652007805,
            "freight_kind_MTY": 0.008685656690863172,
            "category_EXPRT": 0.1217051145318846,
            "category_IMPRT": 0.6048707975655988,
            "category_STRGE": 0.01810382744668548,
            "category_THRGH": 0.00787780100949989,
            "category_TRSHP": 0.030254772983908416
        },
        "elapsed_time_minutes": null
    },
    "dataset_name": "subset_base.csv"
}