{
    "model_type": "GradientBoosting",
    "bins": [
        0,
        5,
        10,
        21
    ],
    "scaled": true,
    "tuned": false,
    "stratified_split_testing": true,
    "week": 2,
    "month": 1,
    "metrics": {
        "accuracy": 0.02065308400781468,
        "precision": 0.33976150549655304,
        "recall": 0.33396369137670195,
        "f1_score": 0.013871443142185224,
        "matthews_corrcoef": 0.011815276260426026,
        "cohen_kappa_score": 0.000400706419976693,
        "roc_auc_score": 0.6240749522374431,
        "log_loss": 3.8294450684309163,
        "confusion_matrix": [
            [
                15,
                0,
                7917
            ],
            [
                0,
                0,
                2610
            ],
            [
                0,
                0,
                207
            ]
        ],
        "classification_report": "              precision    recall  f1-score   support\n\n     00 - 04       1.00      0.00      0.00      7932\n     05 - 09       0.00      0.00      0.00      2610\n     10 - 20       0.02      1.00      0.04       207\n\n    accuracy                           0.02     10749\n   macro avg       0.34      0.33      0.01     10749\nweighted avg       0.74      0.02      0.00     10749\n",
        "feature_importances": {
            "time_in_month": 0.05067463486877446,
            "time_in_hour": 0.05342881034773191,
            "time_in_weekday": 0.07982710740525403,
            "requires_power": 0.0,
            "time_in_business_day": 0.001392363884411594,
            "time_in_week_of_year": 0.06690931967939069,
            "time_in_week_of_month": 0.018147583361474075,
            "nominal_length_NOM20": 0.005416198429296747,
            "nominal_length_NOM40": 0.0026865780337337365,
            "nominal_length_NOM45": 0.0,
            "freight_kind_FCL": 0.0063242743579567055,
            "freight_kind_MTY": 0.004630947031566047,
            "category_EXPRT": 0.23124080207942058,
            "category_IMPRT": 0.4527481788732062,
            "category_STRGE": 0.005571287779551505,
            "category_THRGH": 0.011881266954412986,
            "category_TRSHP": 0.009120646913818774
        },
        "elapsed_time_minutes": null
    },
    "dataset_name": "subset_base.csv"
}