{
    "model_type": "GradientBoosting",
    "bins": [
        0,
        3,
        10,
        21
    ],
    "scaled": true,
    "tuned": false,
    "stratified_split_testing": false,
    "week": 2,
    "month": 3,
    "metrics": {
        "accuracy": 0.018973910872550244,
        "precision": 0.6224112116262511,
        "recall": 0.33724684826992074,
        "f1_score": 0.01637333912047201,
        "matthews_corrcoef": 0.03354829947162459,
        "cohen_kappa_score": 0.0027511188319900848,
        "roc_auc_score": 0.7341687391941741,
        "log_loss": 1.9905198450622326,
        "confusion_matrix": [
            [
                15,
                3,
                3402
            ],
            [
                1,
                33,
                4453
            ],
            [
                0,
                0,
                104
            ]
        ],
        "classification_report": "              precision    recall  f1-score   support\n\n     00 - 02       0.94      0.00      0.01      3420\n     03 - 09       0.92      0.01      0.01      4487\n     10 - 20       0.01      1.00      0.03       104\n\n    accuracy                           0.02      8011\n   macro avg       0.62      0.34      0.02      8011\nweighted avg       0.91      0.02      0.01      8011\n",
        "feature_importances": {
            "time_in_month": 0.032147319505357354,
            "time_in_hour": 0.08210823157890369,
            "time_in_weekday": 0.07454672985498915,
            "requires_power": 4.985185426278369e-06,
            "time_in_business_day": 0.0001908373413220426,
            "time_in_week_of_year": 0.056868988095044544,
            "time_in_week_of_month": 0.016711461455364746,
            "nominal_length_NOM20": 0.002620063037881955,
            "nominal_length_NOM40": 0.001821730534940788,
            "nominal_length_NOM45": 0.0,
            "freight_kind_FCL": 0.005035138072102805,
            "freight_kind_MTY": 0.005440871884128771,
            "category_EXPRT": 0.15176385969626915,
            "category_IMPRT": 0.543751709217008,
            "category_STRGE": 0.0038243981772513682,
            "category_THRGH": 0.020026122269179315,
            "category_TRSHP": 0.0031375540948300664
        },
        "elapsed_time_minutes": null
    },
    "dataset_name": "subset_base.csv"
}