{
    "model_type": "GradientBoosting",
    "bins": [
        0,
        5,
        10,
        21
    ],
    "scaled": true,
    "tuned": false,
    "stratified_split_testing": false,
    "week": 1,
    "month": 3,
    "metrics": {
        "accuracy": 0.050403913983388324,
        "precision": 0.34663905824609836,
        "recall": 0.3384256312327605,
        "f1_score": 0.035621318463857375,
        "matthews_corrcoef": 0.03690258039009495,
        "cohen_kappa_score": 0.003718646634935374,
        "roc_auc_score": 0.7072494923138682,
        "log_loss": 2.843090828637732,
        "confusion_matrix": [
            [
                96,
                0,
                6188
            ],
            [
                0,
                0,
                2158
            ],
            [
                0,
                0,
                347
            ]
        ],
        "classification_report": "              precision    recall  f1-score   support\n\n     00 - 04       1.00      0.02      0.03      6284\n     05 - 09       0.00      0.00      0.00      2158\n     10 - 20       0.04      1.00      0.08       347\n\n    accuracy                           0.05      8789\n   macro avg       0.35      0.34      0.04      8789\nweighted avg       0.72      0.05      0.02      8789\n",
        "feature_importances": {
            "time_in_month": 0.048211944781229664,
            "time_in_hour": 0.05498126108849742,
            "time_in_weekday": 0.0719789404198081,
            "requires_power": 4.28453122810629e-05,
            "time_in_business_day": 0.0011445215116206817,
            "time_in_week_of_year": 0.07311240882824013,
            "time_in_week_of_month": 0.02088656446993788,
            "nominal_length_NOM20": 0.005531918401885149,
            "nominal_length_NOM40": 0.0024444686440287873,
            "nominal_length_NOM45": 1.4115448112200408e-05,
            "freight_kind_FCL": 0.004734837188451981,
            "freight_kind_MTY": 0.005872085869370942,
            "category_EXPRT": 0.23233872940865893,
            "category_IMPRT": 0.45238586001811576,
            "category_STRGE": 0.005389070257774405,
            "category_THRGH": 0.011972858249699972,
            "category_TRSHP": 0.008957570102287017
        },
        "elapsed_time_minutes": null
    },
    "dataset_name": "subset_base.csv"
}