{
    "model_type": "GradientBoosting",
    "bins": [
        0,
        4,
        10,
        21
    ],
    "scaled": false,
    "tuned": false,
    "stratified_split_testing": false,
    "week": 4,
    "month": 2,
    "metrics": {
        "accuracy": 0.056393813655224445,
        "precision": 0.3481969508895891,
        "recall": 0.3403267136450993,
        "f1_score": 0.04215760356549689,
        "matthews_corrcoef": 0.050088162898643575,
        "cohen_kappa_score": 0.005924310739095606,
        "roc_auc_score": 0.5437336484052729,
        "log_loss": 3.563073073564575,
        "confusion_matrix": [
            [
                131,
                0,
                6113
            ],
            [
                0,
                0,
                3893
            ],
            [
                0,
                0,
                467
            ]
        ],
        "classification_report": "              precision    recall  f1-score   support\n\n     00 - 03       1.00      0.02      0.04      6244\n     04 - 09       0.00      0.00      0.00      3893\n     10 - 20       0.04      1.00      0.09       467\n\n    accuracy                           0.06     10604\n   macro avg       0.35      0.34      0.04     10604\nweighted avg       0.59      0.06      0.03     10604\n",
        "feature_importances": {
            "time_in_month": 0.0027459452029099667,
            "time_in_hour": 0.0038932549200353652,
            "time_in_weekday": 0.06646289897285024,
            "requires_power": 0.00010545714575483568,
            "time_in_business_day": 0.0006925259495001848,
            "time_in_week_of_year": 0.05042064491339207,
            "time_in_week_of_month": 0.005949385958473524,
            "nominal_length_NOM20": 0.0022390227630773776,
            "nominal_length_NOM40": 0.0015119635530605727,
            "nominal_length_NOM45": 0.0,
            "freight_kind_FCL": 0.004409377709358463,
            "freight_kind_MTY": 0.004684931937941493,
            "category_EXPRT": 0.2204099168582763,
            "category_IMPRT": 0.5899169428161367,
            "category_STRGE": 0.005060391203976799,
            "category_THRGH": 0.016412188575674124,
            "category_TRSHP": 0.02508515151958197
        },
        "elapsed_time_minutes": null
    },
    "dataset_name": "subset_base.csv"
}