{
    "model_type": "GradientBoosting",
    "bins": [
        0,
        3,
        12,
        21
    ],
    "scaled": false,
    "tuned": false,
    "stratified_split_testing": false,
    "week": 4,
    "month": 1,
    "metrics": {
        "accuracy": 0.18440534563984232,
        "precision": 0.4237205342894704,
        "recall": 0.39649118808048023,
        "f1_score": 0.14972243858354586,
        "matthews_corrcoef": 0.045451288876865586,
        "cohen_kappa_score": 0.022937248419861,
        "roc_auc_score": 0.7305464291886109,
        "log_loss": 1.6690393747649146,
        "confusion_matrix": [
            [
                28,
                750,
                2896
            ],
            [
                22,
                1600,
                4794
            ],
            [
                0,
                21,
                290
            ]
        ],
        "classification_report": "              precision    recall  f1-score   support\n\n     00 - 02       0.56      0.01      0.02      3674\n     03 - 11       0.67      0.25      0.36      6416\n     12 - 20       0.04      0.93      0.07       311\n\n    accuracy                           0.18     10401\n   macro avg       0.42      0.40      0.15     10401\nweighted avg       0.62      0.18      0.23     10401\n",
        "feature_importances": {
            "time_in_month": 0.002254203700061602,
            "time_in_hour": 0.003481385523449977,
            "time_in_weekday": 0.08846930984429957,
            "requires_power": 0.00012112539854454138,
            "time_in_business_day": 0.0005152189273493878,
            "time_in_week_of_year": 0.03789923045709505,
            "time_in_week_of_month": 0.0024995874976415596,
            "nominal_length_NOM20": 0.003716973405947455,
            "nominal_length_NOM40": 0.0005861460725178869,
            "nominal_length_NOM45": 0.0,
            "freight_kind_FCL": 0.0015819190418720533,
            "freight_kind_MTY": 0.0027025042659332456,
            "category_EXPRT": 0.0905480692056551,
            "category_IMPRT": 0.7176119303792426,
            "category_STRGE": 0.007671565855080861,
            "category_THRGH": 0.022935425702603582,
            "category_TRSHP": 0.017405404722705596
        },
        "elapsed_time_minutes": null
    },
    "dataset_name": "subset_base.csv"
}