{
    "model_type": "GradientBoosting",
    "bins": [
        0,
        4,
        12,
        21
    ],
    "scaled": false,
    "tuned": false,
    "stratified_split_testing": false,
    "week": 3,
    "month": 2,
    "metrics": {
        "accuracy": 0.015329733898958735,
        "precision": 0.005109911299652912,
        "recall": 0.3333333333333333,
        "f1_score": 0.010065520843224766,
        "matthews_corrcoef": 0.0,
        "cohen_kappa_score": 0.0,
        "roc_auc_score": 0.6684520535774231,
        "log_loss": 3.196955071295272,
        "confusion_matrix": [
            [
                0,
                0,
                6501
            ],
            [
                0,
                0,
                3712
            ],
            [
                0,
                0,
                159
            ]
        ],
        "classification_report": "              precision    recall  f1-score   support\n\n     00 - 03       0.00      0.00      0.00      6501\n     04 - 11       0.00      0.00      0.00      3712\n     12 - 20       0.02      1.00      0.03       159\n\n    accuracy                           0.02     10372\n   macro avg       0.01      0.33      0.01     10372\nweighted avg       0.00      0.02      0.00     10372\n",
        "feature_importances": {
            "time_in_month": 0.0020194595696830116,
            "time_in_hour": 0.00356895523109576,
            "time_in_weekday": 0.06281936175852045,
            "requires_power": 0.00013349954606112075,
            "time_in_business_day": 0.0003777754458767064,
            "time_in_week_of_year": 0.04941491635577389,
            "time_in_week_of_month": 0.005389622735972494,
            "nominal_length_NOM20": 0.002412263694423434,
            "nominal_length_NOM40": 0.0015487406301983625,
            "nominal_length_NOM45": 0.0,
            "freight_kind_FCL": 0.004058588953404435,
            "freight_kind_MTY": 0.004411212262506056,
            "category_EXPRT": 0.08311577880699836,
            "category_IMPRT": 0.7418304373275068,
            "category_STRGE": 0.007653286237957204,
            "category_THRGH": 0.016571986698427285,
            "category_TRSHP": 0.014674114745594678
        },
        "elapsed_time_minutes": null
    },
    "dataset_name": "subset_base.csv"
}