{
    "model_type": "GradientBoosting",
    "bins": [
        0,
        4,
        9,
        21
    ],
    "scaled": false,
    "tuned": false,
    "stratified_split_testing": false,
    "week": 2,
    "month": 2,
    "metrics": {
        "accuracy": 0.06445957095709572,
        "precision": 0.02148652365236524,
        "recall": 0.3333333333333333,
        "f1_score": 0.04037076510674031,
        "matthews_corrcoef": 0.0,
        "cohen_kappa_score": 0.0,
        "roc_auc_score": 0.48699053132354003,
        "log_loss": 4.064336513964338,
        "confusion_matrix": [
            [
                0,
                0,
                5369
            ],
            [
                0,
                0,
                3702
            ],
            [
                0,
                0,
                625
            ]
        ],
        "classification_report": "              precision    recall  f1-score   support\n\n     00 - 03       0.00      0.00      0.00      5369\n     04 - 08       0.00      0.00      0.00      3702\n     09 - 20       0.06      1.00      0.12       625\n\n    accuracy                           0.06      9696\n   macro avg       0.02      0.33      0.04      9696\nweighted avg       0.00      0.06      0.01      9696\n",
        "feature_importances": {
            "time_in_month": 0.002936809346868353,
            "time_in_hour": 0.006136512688471347,
            "time_in_weekday": 0.0755113040683991,
            "requires_power": 0.00011689552175699194,
            "time_in_business_day": 0.0005628662083325434,
            "time_in_week_of_year": 0.05302612907729967,
            "time_in_week_of_month": 0.009673700678470454,
            "nominal_length_NOM20": 0.002482839144046312,
            "nominal_length_NOM40": 0.0011365874511634687,
            "nominal_length_NOM45": 0.0,
            "freight_kind_FCL": 0.003033402449654099,
            "freight_kind_MTY": 0.006179644305570201,
            "category_EXPRT": 0.2392794883080422,
            "category_IMPRT": 0.5574191496220272,
            "category_STRGE": 0.0023454593081308635,
            "category_THRGH": 0.01752699450063793,
            "category_TRSHP": 0.022632217321129355
        },
        "elapsed_time_minutes": null
    },
    "dataset_name": "subset_base.csv"
}