{
    "model_type": "GradientBoosting",
    "bins": [
        0,
        5,
        11,
        21
    ],
    "scaled": true,
    "tuned": false,
    "stratified_split_testing": false,
    "week": 1,
    "month": 2,
    "metrics": {
        "accuracy": 0.04251012145748988,
        "precision": 0.3117387159674804,
        "recall": 0.3500534655390299,
        "f1_score": 0.037010111541163765,
        "matthews_corrcoef": 0.05133331130901477,
        "cohen_kappa_score": 0.009354767791264429,
        "roc_auc_score": 0.7019066626467945,
        "log_loss": 2.05851866414453,
        "confusion_matrix": [
            [
                344,
                0,
                6514
            ],
            [
                27,
                0,
                2919
            ],
            [
                0,
                0,
                76
            ]
        ],
        "classification_report": "              precision    recall  f1-score   support\n\n     00 - 04       0.93      0.05      0.10      6858\n     05 - 10       0.00      0.00      0.00      2946\n     11 - 20       0.01      1.00      0.02        76\n\n    accuracy                           0.04      9880\n   macro avg       0.31      0.35      0.04      9880\nweighted avg       0.64      0.04      0.07      9880\n",
        "feature_importances": {
            "time_in_month": 0.05819398388227511,
            "time_in_hour": 0.06813884110324916,
            "time_in_weekday": 0.06355281035574815,
            "requires_power": 0.00015632030613850286,
            "time_in_business_day": 0.0008960942677884484,
            "time_in_week_of_year": 0.08089279713597188,
            "time_in_week_of_month": 0.016642257104577306,
            "nominal_length_NOM20": 0.005732660380751078,
            "nominal_length_NOM40": 0.0022509749943574278,
            "nominal_length_NOM45": 0.0,
            "freight_kind_FCL": 0.005900459097373556,
            "freight_kind_MTY": 0.007230289241642987,
            "category_EXPRT": 0.1742184589499774,
            "category_IMPRT": 0.33592279288501153,
            "category_STRGE": 0.08657691963133708,
            "category_THRGH": 0.008112374324584884,
            "category_TRSHP": 0.08558196633921554
        },
        "elapsed_time_minutes": null
    },
    "dataset_name": "subset_base.csv"
}