{
    "model_type": "GradientBoosting",
    "bins": [
        0,
        6,
        9,
        21
    ],
    "scaled": false,
    "tuned": false,
    "stratified_split_testing": true,
    "week": 2,
    "month": 1,
    "metrics": {
        "accuracy": 0.023723137036003348,
        "precision": 0.00790771234533445,
        "recall": 0.3333333333333333,
        "f1_score": 0.015448927662668121,
        "matthews_corrcoef": 0.0,
        "cohen_kappa_score": 0.0,
        "roc_auc_score": 0.5564703862759759,
        "log_loss": 4.186816770134336,
        "confusion_matrix": [
            [
                0,
                0,
                9176
            ],
            [
                0,
                0,
                1318
            ],
            [
                0,
                0,
                255
            ]
        ],
        "classification_report": "              precision    recall  f1-score   support\n\n     00 - 05       0.00      0.00      0.00      9176\n     06 - 08       0.00      0.00      0.00      1318\n     09 - 20       0.02      1.00      0.05       255\n\n    accuracy                           0.02     10749\n   macro avg       0.01      0.33      0.02     10749\nweighted avg       0.00      0.02      0.00     10749\n",
        "feature_importances": {
            "time_in_month": 0.010807062965729463,
            "time_in_hour": 0.020544593730520196,
            "time_in_weekday": 0.07825400314104596,
            "requires_power": 0.0,
            "time_in_business_day": 0.0014733644092480296,
            "time_in_week_of_year": 0.08460195439766144,
            "time_in_week_of_month": 0.009927923054011467,
            "nominal_length_NOM20": 0.0005340112183989543,
            "nominal_length_NOM40": 0.008115355966571041,
            "nominal_length_NOM45": 0.0,
            "freight_kind_FCL": 0.008435693734070132,
            "freight_kind_MTY": 0.011243777253030376,
            "category_EXPRT": 0.16773493540041268,
            "category_IMPRT": 0.5701564316322075,
            "category_STRGE": 0.003719027342066322,
            "category_THRGH": 0.01143114668607397,
            "category_TRSHP": 0.013020719068952462
        },
        "elapsed_time_minutes": null
    },
    "dataset_name": "subset_base.csv"
}