{
    "model_type": "GradientBoosting",
    "bins": [
        0,
        4,
        11,
        21
    ],
    "scaled": true,
    "tuned": false,
    "stratified_split_testing": false,
    "week": 4,
    "month": 2,
    "metrics": {
        "accuracy": 0.17380233874009807,
        "precision": 0.5757470710259797,
        "recall": 0.40358406219855886,
        "f1_score": 0.2003008905254922,
        "matthews_corrcoef": 0.17730124332558875,
        "cohen_kappa_score": 0.0779530180812893,
        "roc_auc_score": 0.6713814286388146,
        "log_loss": 1.5434239090262547,
        "confusion_matrix": [
            [
                306,
                310,
                5628
            ],
            [
                26,
                1202,
                2742
            ],
            [
                0,
                55,
                335
            ]
        ],
        "classification_report": "              precision    recall  f1-score   support\n\n     00 - 03       0.92      0.05      0.09      6244\n     04 - 10       0.77      0.30      0.43      3970\n     11 - 20       0.04      0.86      0.07       390\n\n    accuracy                           0.17     10604\n   macro avg       0.58      0.40      0.20     10604\nweighted avg       0.83      0.17      0.22     10604\n",
        "feature_importances": {
            "time_in_month": 0.0510429406927555,
            "time_in_hour": 0.06791909459815507,
            "time_in_weekday": 0.07359569372942494,
            "requires_power": 6.0223283989774015e-05,
            "time_in_business_day": 0.00019565934877362138,
            "time_in_week_of_year": 0.08046546223639639,
            "time_in_week_of_month": 0.020529641587918316,
            "nominal_length_NOM20": 0.004336137081611606,
            "nominal_length_NOM40": 0.0024709699791104723,
            "nominal_length_NOM45": 0.0,
            "freight_kind_FCL": 0.011272505326200605,
            "freight_kind_MTY": 0.005440599764860737,
            "category_EXPRT": 0.21327256534424469,
            "category_IMPRT": 0.44308668476286484,
            "category_STRGE": 0.004742963988299268,
            "category_THRGH": 0.013241170547608053,
            "category_TRSHP": 0.008327687727786009
        },
        "elapsed_time_minutes": null
    },
    "dataset_name": "subset_base.csv"
}