{
    "model_type": "GradientBoosting",
    "bins": [
        0,
        6,
        11,
        21
    ],
    "scaled": true,
    "tuned": false,
    "stratified_split_testing": false,
    "week": 4,
    "month": 2,
    "metrics": {
        "accuracy": 0.0937382119954734,
        "precision": 0.46864188227456277,
        "recall": 0.3853571619607441,
        "f1_score": 0.12208094962662942,
        "matthews_corrcoef": 0.0868666932329866,
        "cohen_kappa_score": 0.025203336211488736,
        "roc_auc_score": 0.7155683391021572,
        "log_loss": 1.8018470873088555,
        "confusion_matrix": [
            [
                304,
                522,
                7360
            ],
            [
                1,
                314,
                1713
            ],
            [
                0,
                14,
                376
            ]
        ],
        "classification_report": "              precision    recall  f1-score   support\n\n     00 - 05       1.00      0.04      0.07      8186\n     06 - 10       0.37      0.15      0.22      2028\n     11 - 20       0.04      0.96      0.08       390\n\n    accuracy                           0.09     10604\n   macro avg       0.47      0.39      0.12     10604\nweighted avg       0.84      0.09      0.10     10604\n",
        "feature_importances": {
            "time_in_month": 0.05987725788549527,
            "time_in_hour": 0.06439832321791968,
            "time_in_weekday": 0.06858188386907246,
            "requires_power": 7.780314133635112e-05,
            "time_in_business_day": 0.0019409867147431245,
            "time_in_week_of_year": 0.08436919817734685,
            "time_in_week_of_month": 0.01985247011823058,
            "nominal_length_NOM20": 0.002319122534613141,
            "nominal_length_NOM40": 0.005455272314835598,
            "nominal_length_NOM45": 0.0,
            "freight_kind_FCL": 0.00764559365472246,
            "freight_kind_MTY": 0.00639114533910251,
            "category_EXPRT": 0.17273635674702195,
            "category_IMPRT": 0.3201223783298499,
            "category_STRGE": 0.09056910988051083,
            "category_THRGH": 0.006963788961715726,
            "category_TRSHP": 0.08869930911348355
        },
        "elapsed_time_minutes": null
    },
    "dataset_name": "subset_base.csv"
}