{
    "model_type": "GradientBoosting",
    "bins": [
        0,
        4,
        10,
        21
    ],
    "scaled": true,
    "tuned": false,
    "stratified_split_testing": false,
    "week": 3,
    "month": 2,
    "metrics": {
        "accuracy": 0.22204010798303123,
        "precision": 0.5733314682317033,
        "recall": 0.36810040034773106,
        "f1_score": 0.24012867421138376,
        "matthews_corrcoef": 0.22732231306987666,
        "cohen_kappa_score": 0.11519995913233516,
        "roc_auc_score": 0.6728668248746082,
        "log_loss": 1.570414662328101,
        "confusion_matrix": [
            [
                100,
                563,
                5838
            ],
            [
                4,
                2025,
                1496
            ],
            [
                0,
                168,
                178
            ]
        ],
        "classification_report": "              precision    recall  f1-score   support\n\n     00 - 03       0.96      0.02      0.03      6501\n     04 - 09       0.73      0.57      0.64      3525\n     10 - 20       0.02      0.51      0.05       346\n\n    accuracy                           0.22     10372\n   macro avg       0.57      0.37      0.24     10372\nweighted avg       0.85      0.22      0.24     10372\n",
        "feature_importances": {
            "time_in_month": 0.041101309364452394,
            "time_in_hour": 0.07306470400401892,
            "time_in_weekday": 0.0716680221484963,
            "requires_power": 8.860432952789563e-05,
            "time_in_business_day": 0.0,
            "time_in_week_of_year": 0.06479283221995881,
            "time_in_week_of_month": 0.023904918769201224,
            "nominal_length_NOM20": 0.004075331354420414,
            "nominal_length_NOM40": 0.0021089485146816435,
            "nominal_length_NOM45": 0.0,
            "freight_kind_FCL": 0.005294605267029649,
            "freight_kind_MTY": 0.004946497255364124,
            "category_EXPRT": 0.195154418911915,
            "category_IMPRT": 0.49024972396155936,
            "category_STRGE": 0.003614343984641829,
            "category_THRGH": 0.014872363003724985,
            "category_TRSHP": 0.005063376911007633
        },
        "elapsed_time_minutes": null
    },
    "dataset_name": "subset_base.csv"
}