{
    "model_type": "GradientBoosting",
    "bins": [
        0,
        6,
        10,
        21
    ],
    "scaled": true,
    "tuned": false,
    "stratified_split_testing": false,
    "week": 2,
    "month": 3,
    "metrics": {
        "accuracy": 0.0941205841967295,
        "precision": 0.3720149680791825,
        "recall": 0.3742448866513853,
        "f1_score": 0.08149519139015658,
        "matthews_corrcoef": 0.04827008996638285,
        "cohen_kappa_score": 0.012492341977284105,
        "roc_auc_score": 0.7239216613005667,
        "log_loss": 2.0925512614537674,
        "confusion_matrix": [
            [
                614,
                298,
                5883
            ],
            [
                4,
                36,
                1072
            ],
            [
                0,
                0,
                104
            ]
        ],
        "classification_report": "              precision    recall  f1-score   support\n\n     00 - 05       0.99      0.09      0.17      6795\n     06 - 09       0.11      0.03      0.05      1112\n     10 - 20       0.01      1.00      0.03       104\n\n    accuracy                           0.09      8011\n   macro avg       0.37      0.37      0.08      8011\nweighted avg       0.86      0.09      0.15      8011\n",
        "feature_importances": {
            "time_in_month": 0.05319708748369729,
            "time_in_hour": 0.06108212798724463,
            "time_in_weekday": 0.06780821522113477,
            "requires_power": 0.000111247631026911,
            "time_in_business_day": 0.0012160594338172562,
            "time_in_week_of_year": 0.07673782911598752,
            "time_in_week_of_month": 0.02604433527379508,
            "nominal_length_NOM20": 0.0014820566161847881,
            "nominal_length_NOM40": 0.006138362479434018,
            "nominal_length_NOM45": 0.0,
            "freight_kind_FCL": 0.003435973795476957,
            "freight_kind_MTY": 0.0054798115219054835,
            "category_EXPRT": 0.23566589984507363,
            "category_IMPRT": 0.3976211180047193,
            "category_STRGE": 0.022957597780032507,
            "category_THRGH": 0.009409259392617357,
            "category_TRSHP": 0.031613018417852475
        },
        "elapsed_time_minutes": null
    },
    "dataset_name": "subset_base.csv"
}