{
    "model_type": "GradientBoosting",
    "bins": [
        0,
        5,
        10,
        21
    ],
    "scaled": false,
    "tuned": false,
    "stratified_split_testing": false,
    "week": 1,
    "month": 1,
    "metrics": {
        "accuracy": 0.022496147919876735,
        "precision": 0.007498715973292245,
        "recall": 0.3333333333333333,
        "f1_score": 0.014667470363672898,
        "matthews_corrcoef": 0.0,
        "cohen_kappa_score": 0.0,
        "roc_auc_score": 0.5909787796376105,
        "log_loss": 4.625777149750045,
        "confusion_matrix": [
            [
                0,
                0,
                4600
            ],
            [
                0,
                0,
                1744
            ],
            [
                0,
                0,
                146
            ]
        ],
        "classification_report": "              precision    recall  f1-score   support\n\n     00 - 04       0.00      0.00      0.00      4600\n     05 - 09       0.00      0.00      0.00      1744\n     10 - 20       0.02      1.00      0.04       146\n\n    accuracy                           0.02      6490\n   macro avg       0.01      0.33      0.01      6490\nweighted avg       0.00      0.02      0.00      6490\n",
        "feature_importances": {
            "time_in_month": 0.005997241240749162,
            "time_in_hour": 0.008389563760570871,
            "time_in_weekday": 0.0688271918800366,
            "requires_power": 1.0697339473111528e-05,
            "time_in_business_day": 0.0010761861189775587,
            "time_in_week_of_year": 0.05543036432865049,
            "time_in_week_of_month": 0.007122035260601182,
            "nominal_length_NOM20": 0.0018657347627696194,
            "nominal_length_NOM40": 0.004213586358485966,
            "nominal_length_NOM45": 2.4577603996061864e-05,
            "freight_kind_FCL": 0.004716552385939559,
            "freight_kind_MTY": 0.004482638590935861,
            "category_EXPRT": 0.08451985146443436,
            "category_IMPRT": 0.7131105618875464,
            "category_STRGE": 0.010759046043172864,
            "category_THRGH": 0.01070021656470539,
            "category_TRSHP": 0.01875395440895495
        },
        "elapsed_time_minutes": null
    },
    "dataset_name": "subset_base.csv"
}