{
    "model_type": "GradientBoosting",
    "bins": [
        0,
        5,
        12,
        21
    ],
    "scaled": false,
    "tuned": false,
    "stratified_split_testing": false,
    "week": 4,
    "month": 2,
    "metrics": {
        "accuracy": 0.02187853640135798,
        "precision": 0.34059542896664463,
        "recall": 0.33337899543378996,
        "f1_score": 0.014305821568777527,
        "matthews_corrcoef": 0.0034448068537131105,
        "cohen_kappa_score": 3.213980464067401e-05,
        "roc_auc_score": 0.5750799965826147,
        "log_loss": 3.649792379302121,
        "confusion_matrix": [
            [
                1,
                0,
                7299
            ],
            [
                0,
                0,
                3073
            ],
            [
                0,
                0,
                231
            ]
        ],
        "classification_report": "              precision    recall  f1-score   support\n\n     00 - 04       1.00      0.00      0.00      7300\n     05 - 11       0.00      0.00      0.00      3073\n     12 - 20       0.02      1.00      0.04       231\n\n    accuracy                           0.02     10604\n   macro avg       0.34      0.33      0.01     10604\nweighted avg       0.69      0.02      0.00     10604\n",
        "feature_importances": {
            "time_in_month": 0.002583037022368427,
            "time_in_hour": 0.007382941661797119,
            "time_in_weekday": 0.0617237778943012,
            "requires_power": 1.718971226134181e-05,
            "time_in_business_day": 0.0015729995525532996,
            "time_in_week_of_year": 0.05454806299467021,
            "time_in_week_of_month": 0.005776115311268218,
            "nominal_length_NOM20": 0.0021109762885626673,
            "nominal_length_NOM40": 0.004198396397221639,
            "nominal_length_NOM45": 2.1007537428239065e-05,
            "freight_kind_FCL": 0.005696266451785747,
            "freight_kind_MTY": 0.004568922659813178,
            "category_EXPRT": 0.0385624703753886,
            "category_IMPRT": 0.7784788439043918,
            "category_STRGE": 0.00935015951311775,
            "category_THRGH": 0.011909160303506533,
            "category_TRSHP": 0.01149967241956393
        },
        "elapsed_time_minutes": null
    },
    "dataset_name": "subset_base.csv"
}