{
    "model_type": "GradientBoosting",
    "bins": [
        0,
        4,
        12,
        21
    ],
    "scaled": true,
    "tuned": false,
    "stratified_split_testing": false,
    "week": 4,
    "month": 2,
    "metrics": {
        "accuracy": 0.20435684647302904,
        "precision": 0.5395974739822034,
        "recall": 0.40035003183579315,
        "f1_score": 0.2224480601324745,
        "matthews_corrcoef": 0.17906761674856983,
        "cohen_kappa_score": 0.09125583973540963,
        "roc_auc_score": 0.7783526490244151,
        "log_loss": 1.4169470460031663,
        "confusion_matrix": [
            [
                475,
                562,
                5207
            ],
            [
                61,
                1517,
                2551
            ],
            [
                0,
                56,
                175
            ]
        ],
        "classification_report": "              precision    recall  f1-score   support\n\n     00 - 03       0.89      0.08      0.14      6244\n     04 - 11       0.71      0.37      0.48      4129\n     12 - 20       0.02      0.76      0.04       231\n\n    accuracy                           0.20     10604\n   macro avg       0.54      0.40      0.22     10604\nweighted avg       0.80      0.20      0.27     10604\n",
        "feature_importances": {
            "time_in_month": 0.058470947437290276,
            "time_in_hour": 0.07459474457976867,
            "time_in_weekday": 0.06630386373136479,
            "requires_power": 0.0001326605473966129,
            "time_in_business_day": 0.00027617305054343733,
            "time_in_week_of_year": 0.08842584809723818,
            "time_in_week_of_month": 0.020273658750056985,
            "nominal_length_NOM20": 0.004926678747217259,
            "nominal_length_NOM40": 0.002138948167918811,
            "nominal_length_NOM45": 0.0,
            "freight_kind_FCL": 0.00889369809915933,
            "freight_kind_MTY": 0.009770188723215783,
            "category_EXPRT": 0.20779231182591504,
            "category_IMPRT": 0.4093065952578732,
            "category_STRGE": 0.020527260079956897,
            "category_THRGH": 0.011739314987068556,
            "category_TRSHP": 0.01642710791801626
        },
        "elapsed_time_minutes": null
    },
    "dataset_name": "subset_base.csv"
}