{
    "model_type": "GradientBoosting",
    "bins": [
        0,
        6,
        9,
        21
    ],
    "scaled": true,
    "tuned": false,
    "stratified_split_testing": false,
    "week": 4,
    "month": 1,
    "metrics": {
        "accuracy": 0.15613883280453802,
        "precision": 0.5321108493372361,
        "recall": 0.4537630389928715,
        "f1_score": 0.20316478821282766,
        "matthews_corrcoef": 0.17041151301603832,
        "cohen_kappa_score": 0.06529943234057844,
        "roc_auc_score": 0.6659239254711838,
        "log_loss": 2.152751101517213,
        "confusion_matrix": [
            [
                91,
                759,
                6632
            ],
            [
                0,
                830,
                1365
            ],
            [
                0,
                21,
                703
            ]
        ],
        "classification_report": "              precision    recall  f1-score   support\n\n     00 - 05       1.00      0.01      0.02      7482\n     06 - 08       0.52      0.38      0.44      2195\n     09 - 20       0.08      0.97      0.15       724\n\n    accuracy                           0.16     10401\n   macro avg       0.53      0.45      0.20     10401\nweighted avg       0.83      0.16      0.12     10401\n",
        "feature_importances": {
            "time_in_month": 0.03585099780932721,
            "time_in_hour": 0.06572709637738824,
            "time_in_weekday": 0.08164480997827762,
            "requires_power": 0.00021137679940887852,
            "time_in_business_day": 0.0011712012816584344,
            "time_in_week_of_year": 0.07421121718869911,
            "time_in_week_of_month": 0.02247199536429937,
            "nominal_length_NOM20": 0.0006258047660192659,
            "nominal_length_NOM40": 0.0073540226795057815,
            "nominal_length_NOM45": 0.0,
            "freight_kind_FCL": 0.0039611207529045124,
            "freight_kind_MTY": 0.0046603549070803486,
            "category_EXPRT": 0.18514196871411917,
            "category_IMPRT": 0.49034857678210586,
            "category_STRGE": 0.0034566535270520267,
            "category_THRGH": 0.011264454264049619,
            "category_TRSHP": 0.011898348808104567
        },
        "elapsed_time_minutes": null
    },
    "dataset_name": "subset_base.csv"
}