{
    "model_type": "GradientBoosting",
    "bins": [
        0,
        3,
        10,
        21
    ],
    "scaled": true,
    "tuned": false,
    "stratified_split_testing": true,
    "week": 1,
    "month": 3,
    "metrics": {
        "accuracy": 0.04152918420753214,
        "precision": 0.3465207311975069,
        "recall": 0.33482327621885605,
        "f1_score": 0.028337686368704488,
        "matthews_corrcoef": 0.025429771305999976,
        "cohen_kappa_score": 0.0012405420505875453,
        "roc_auc_score": 0.5765606123907456,
        "log_loss": 3.8477984396990372,
        "confusion_matrix": [
            [
                18,
                0,
                4009
            ],
            [
                0,
                0,
                4415
            ],
            [
                0,
                0,
                347
            ]
        ],
        "classification_report": "              precision    recall  f1-score   support\n\n     00 - 02       1.00      0.00      0.01      4027\n     03 - 09       0.00      0.00      0.00      4415\n     10 - 20       0.04      1.00      0.08       347\n\n    accuracy                           0.04      8789\n   macro avg       0.35      0.33      0.03      8789\nweighted avg       0.46      0.04      0.01      8789\n",
        "feature_importances": {
            "time_in_month": 0.03384836661125987,
            "time_in_hour": 0.07606774571548644,
            "time_in_weekday": 0.08119724977829852,
            "requires_power": 4.5705592651975486e-05,
            "time_in_business_day": 0.00023769645586191378,
            "time_in_week_of_year": 0.060663810194598655,
            "time_in_week_of_month": 0.01529710179197828,
            "nominal_length_NOM20": 0.002611862938064553,
            "nominal_length_NOM40": 0.0011089802963480748,
            "nominal_length_NOM45": 0.0,
            "freight_kind_FCL": 0.0049473969009654,
            "freight_kind_MTY": 0.003267658722419825,
            "category_EXPRT": 0.14819702983384864,
            "category_IMPRT": 0.5455818897051148,
            "category_STRGE": 0.003570530575916121,
            "category_THRGH": 0.019302020485184684,
            "category_TRSHP": 0.0040549544020022634
        },
        "elapsed_time_minutes": null
    },
    "dataset_name": "subset_base.csv"
}