{
    "model_type": "GradientBoosting",
    "bins": [
        0,
        3,
        12,
        21
    ],
    "scaled": false,
    "tuned": false,
    "stratified_split_testing": false,
    "week": 4,
    "month": 2,
    "metrics": {
        "accuracy": 0.13608072425499812,
        "precision": 0.5151158056992441,
        "recall": 0.3852352905598311,
        "f1_score": 0.12163294754215827,
        "matthews_corrcoef": 0.010343790026489488,
        "cohen_kappa_score": 0.005055478800036983,
        "roc_auc_score": 0.612331017996644,
        "log_loss": 2.1078850142879273,
        "confusion_matrix": [
            [
                1,
                1120,
                3793
            ],
            [
                0,
                1227,
                4232
            ],
            [
                0,
                16,
                215
            ]
        ],
        "classification_report": "              precision    recall  f1-score   support\n\n     00 - 02       1.00      0.00      0.00      4914\n     03 - 11       0.52      0.22      0.31      5459\n     12 - 20       0.03      0.93      0.05       231\n\n    accuracy                           0.14     10604\n   macro avg       0.52      0.39      0.12     10604\nweighted avg       0.73      0.14      0.16     10604\n",
        "feature_importances": {
            "time_in_month": 0.002254203700061602,
            "time_in_hour": 0.003481385523449977,
            "time_in_weekday": 0.08846930984429957,
            "requires_power": 0.00012112539854454138,
            "time_in_business_day": 0.0005152189273493878,
            "time_in_week_of_year": 0.03789923045709505,
            "time_in_week_of_month": 0.0024995874976415596,
            "nominal_length_NOM20": 0.003716973405947455,
            "nominal_length_NOM40": 0.0005861460725178869,
            "nominal_length_NOM45": 0.0,
            "freight_kind_FCL": 0.0015819190418720533,
            "freight_kind_MTY": 0.0027025042659332456,
            "category_EXPRT": 0.0905480692056551,
            "category_IMPRT": 0.7176119303792426,
            "category_STRGE": 0.007671565855080861,
            "category_THRGH": 0.022935425702603582,
            "category_TRSHP": 0.017405404722705596
        },
        "elapsed_time_minutes": null
    },
    "dataset_name": "subset_base.csv"
}