{
    "model_type": "GradientBoosting",
    "bins": [
        0,
        6,
        10,
        21
    ],
    "scaled": true,
    "tuned": false,
    "stratified_split_testing": false,
    "week": 4,
    "month": 1,
    "metrics": {
        "accuracy": 0.14219786558984712,
        "precision": 0.520621433272339,
        "recall": 0.45217844700322224,
        "f1_score": 0.1867915776625603,
        "matthews_corrcoef": 0.15812663276367628,
        "cohen_kappa_score": 0.061535514451150464,
        "roc_auc_score": 0.7340518065780378,
        "log_loss": 2.1195251933764716,
        "confusion_matrix": [
            [
                91,
                865,
                6526
            ],
            [
                0,
                891,
                1518
            ],
            [
                0,
                13,
                497
            ]
        ],
        "classification_report": "              precision    recall  f1-score   support\n\n     00 - 05       1.00      0.01      0.02      7482\n     06 - 09       0.50      0.37      0.43      2409\n     10 - 20       0.06      0.97      0.11       510\n\n    accuracy                           0.14     10401\n   macro avg       0.52      0.45      0.19     10401\nweighted avg       0.84      0.14      0.12     10401\n",
        "feature_importances": {
            "time_in_month": 0.05319708748369729,
            "time_in_hour": 0.06108212798724463,
            "time_in_weekday": 0.06780821522113477,
            "requires_power": 0.000111247631026911,
            "time_in_business_day": 0.0012160594338172562,
            "time_in_week_of_year": 0.07673782911598752,
            "time_in_week_of_month": 0.02604433527379508,
            "nominal_length_NOM20": 0.0014820566161847881,
            "nominal_length_NOM40": 0.006138362479434018,
            "nominal_length_NOM45": 0.0,
            "freight_kind_FCL": 0.003435973795476957,
            "freight_kind_MTY": 0.0054798115219054835,
            "category_EXPRT": 0.23566589984507363,
            "category_IMPRT": 0.3976211180047193,
            "category_STRGE": 0.022957597780032507,
            "category_THRGH": 0.009409259392617357,
            "category_TRSHP": 0.031613018417852475
        },
        "elapsed_time_minutes": null
    },
    "dataset_name": "subset_base.csv"
}