{
    "model_type": "GradientBoosting",
    "bins": [
        0,
        4,
        9,
        21
    ],
    "scaled": false,
    "tuned": false,
    "stratified_split_testing": true,
    "week": 1,
    "month": 3,
    "metrics": {
        "accuracy": 0.06439868016839231,
        "precision": 0.021466226722797438,
        "recall": 0.3333333333333333,
        "f1_score": 0.04033493675396402,
        "matthews_corrcoef": 0.0,
        "cohen_kappa_score": 0.0,
        "roc_auc_score": 0.5674574218357529,
        "log_loss": 4.063226946137974,
        "confusion_matrix": [
            [
                0,
                0,
                5234
            ],
            [
                0,
                0,
                2989
            ],
            [
                0,
                0,
                566
            ]
        ],
        "classification_report": "              precision    recall  f1-score   support\n\n     00 - 03       0.00      0.00      0.00      5234\n     04 - 08       0.00      0.00      0.00      2989\n     09 - 20       0.06      1.00      0.12       566\n\n    accuracy                           0.06      8789\n   macro avg       0.02      0.33      0.04      8789\nweighted avg       0.00      0.06      0.01      8789\n",
        "feature_importances": {
            "time_in_month": 0.004004891475285635,
            "time_in_hour": 0.00699844386248051,
            "time_in_weekday": 0.07717806385179611,
            "requires_power": 9.926035231289152e-05,
            "time_in_business_day": 0.0006128301151417343,
            "time_in_week_of_year": 0.052108999002077445,
            "time_in_week_of_month": 0.00956681191139824,
            "nominal_length_NOM20": 0.0025680633727371968,
            "nominal_length_NOM40": 0.0010301476356392382,
            "nominal_length_NOM45": 0.0,
            "freight_kind_FCL": 0.002666026012222043,
            "freight_kind_MTY": 0.005427635942847255,
            "category_EXPRT": 0.29840933352621796,
            "category_IMPRT": 0.4980562123193942,
            "category_STRGE": 0.0018846647423013422,
            "category_THRGH": 0.01831662180507393,
            "category_TRSHP": 0.02107199407307435
        },
        "elapsed_time_minutes": null
    },
    "dataset_name": "subset_base.csv"
}