{
    "model_type": "GradientBoosting",
    "bins": [
        0,
        3,
        11,
        21
    ],
    "scaled": true,
    "tuned": false,
    "stratified_split_testing": false,
    "week": 3,
    "month": 1,
    "metrics": {
        "accuracy": 0.06512721238938053,
        "precision": 0.5566963695303723,
        "recall": 0.3575789158160055,
        "f1_score": 0.06776786647395433,
        "matthews_corrcoef": 0.07662283771088116,
        "cohen_kappa_score": 0.016631026186783027,
        "roc_auc_score": 0.7020459345466392,
        "log_loss": 1.618382874695084,
        "confusion_matrix": [
            [
                93,
                17,
                2372
            ],
            [
                34,
                184,
                4337
            ],
            [
                1,
                0,
                194
            ]
        ],
        "classification_report": "              precision    recall  f1-score   support\n\n     00 - 02       0.73      0.04      0.07      2482\n     03 - 10       0.92      0.04      0.08      4555\n     11 - 20       0.03      0.99      0.05       195\n\n    accuracy                           0.07      7232\n   macro avg       0.56      0.36      0.07      7232\nweighted avg       0.83      0.07      0.07      7232\n",
        "feature_importances": {
            "time_in_month": 0.04461140253242872,
            "time_in_hour": 0.07769621623935602,
            "time_in_weekday": 0.0674623107648225,
            "requires_power": 7.729875375968663e-05,
            "time_in_business_day": 0.00013819217593065574,
            "time_in_week_of_year": 0.07237680404116706,
            "time_in_week_of_month": 0.016211084557263684,
            "nominal_length_NOM20": 0.0036939781680100283,
            "nominal_length_NOM40": 0.0018251726736642868,
            "nominal_length_NOM45": 0.0,
            "freight_kind_FCL": 0.006745273754225292,
            "freight_kind_MTY": 0.007890980157574952,
            "category_EXPRT": 0.16972339178405862,
            "category_IMPRT": 0.5005118275185365,
            "category_STRGE": 0.006405558030191843,
            "category_THRGH": 0.018714284510585516,
            "category_TRSHP": 0.005916224338424665
        },
        "elapsed_time_minutes": null
    },
    "dataset_name": "subset_base.csv"
}