{
    "model_type": "GradientBoosting",
    "bins": [
        0,
        3,
        9,
        21
    ],
    "scaled": true,
    "tuned": false,
    "stratified_split_testing": true,
    "week": 1,
    "month": 1,
    "metrics": {
        "accuracy": 0.04576271186440678,
        "precision": 0.34804753820033957,
        "recall": 0.33472432979261507,
        "f1_score": 0.030954713778342923,
        "matthews_corrcoef": 0.025509369288832358,
        "cohen_kappa_score": 0.001131762898406441,
        "roc_auc_score": 0.5565652957986532,
        "log_loss": 3.4728152016848157,
        "confusion_matrix": [
            [
                11,
                0,
                2625
            ],
            [
                0,
                0,
                3568
            ],
            [
                0,
                0,
                286
            ]
        ],
        "classification_report": "              precision    recall  f1-score   support\n\n     00 - 02       1.00      0.00      0.01      2636\n     03 - 08       0.00      0.00      0.00      3568\n     09 - 20       0.04      1.00      0.08       286\n\n    accuracy                           0.05      6490\n   macro avg       0.35      0.33      0.03      6490\nweighted avg       0.41      0.05      0.01      6490\n",
        "feature_importances": {
            "time_in_month": 0.025390396114595534,
            "time_in_hour": 0.07135548432977586,
            "time_in_weekday": 0.08130230378486476,
            "requires_power": 0.00019531683557252145,
            "time_in_business_day": 3.7049937318440926e-05,
            "time_in_week_of_year": 0.04619872514833077,
            "time_in_week_of_month": 0.011780470231247404,
            "nominal_length_NOM20": 0.0044253960697349165,
            "nominal_length_NOM40": 0.0013901967158008476,
            "nominal_length_NOM45": 0.0,
            "freight_kind_FCL": 0.004457474519873808,
            "freight_kind_MTY": 0.005531924758534524,
            "category_EXPRT": 0.0979844592682418,
            "category_IMPRT": 0.6217125850429767,
            "category_STRGE": 0.003146186247658369,
            "category_THRGH": 0.020540757206070476,
            "category_TRSHP": 0.004551273789403409
        },
        "elapsed_time_minutes": null
    },
    "dataset_name": "subset_base.csv"
}