{
    "model_type": "GradientBoosting",
    "bins": [
        0,
        6,
        12,
        21
    ],
    "scaled": false,
    "tuned": false,
    "stratified_split_testing": true,
    "week": 1,
    "month": 2,
    "metrics": {
        "accuracy": 0.019433198380566803,
        "precision": 0.336528156632157,
        "recall": 0.3390646721389328,
        "f1_score": 0.016153954812515917,
        "matthews_corrcoef": -0.00028946941180499103,
        "cohen_kappa_score": -3.829124909127124e-05,
        "roc_auc_score": 0.6213315114775858,
        "log_loss": 3.4243258481395986,
        "confusion_matrix": [
            [
                115,
                135,
                7617
            ],
            [
                4,
                5,
                1932
            ],
            [
                0,
                0,
                72
            ]
        ],
        "classification_report": "              precision    recall  f1-score   support\n\n     00 - 05       0.97      0.01      0.03      7867\n     06 - 11       0.04      0.00      0.00      1941\n     12 - 20       0.01      1.00      0.01        72\n\n    accuracy                           0.02      9880\n   macro avg       0.34      0.34      0.02      9880\nweighted avg       0.78      0.02      0.02      9880\n",
        "feature_importances": {
            "time_in_month": 0.004818582209650549,
            "time_in_hour": 0.01697833950928632,
            "time_in_weekday": 0.06466916036002553,
            "requires_power": 5.9954646973051476e-05,
            "time_in_business_day": 0.0018266469928081854,
            "time_in_week_of_year": 0.07700035418862108,
            "time_in_week_of_month": 0.006489157279662753,
            "nominal_length_NOM20": 0.0007434114104984124,
            "nominal_length_NOM40": 0.007725931452048163,
            "nominal_length_NOM45": 0.0,
            "freight_kind_FCL": 0.009841730224990006,
            "freight_kind_MTY": 0.009874306867490835,
            "category_EXPRT": 0.0371236991465405,
            "category_IMPRT": 0.7250989501919132,
            "category_STRGE": 0.013095376782042338,
            "category_THRGH": 0.009807052654737681,
            "category_TRSHP": 0.014847346082711188
        },
        "elapsed_time_minutes": null
    },
    "dataset_name": "subset_base.csv"
}