{
    "model_type": "GradientBoosting",
    "bins": [
        0,
        6,
        11,
        21
    ],
    "scaled": false,
    "tuned": false,
    "stratified_split_testing": true,
    "week": 4,
    "month": 1,
    "metrics": {
        "accuracy": 0.04778386693587155,
        "precision": 0.30784813305991,
        "recall": 0.33778847010603225,
        "f1_score": 0.033547631318743325,
        "matthews_corrcoef": 0.023238194028560248,
        "cohen_kappa_score": 0.0023195417218191405,
        "roc_auc_score": 0.7018956293131046,
        "log_loss": 3.2758309753342725,
        "confusion_matrix": [
            [
                100,
                0,
                7382
            ],
            [
                13,
                0,
                2509
            ],
            [
                0,
                0,
                397
            ]
        ],
        "classification_report": "              precision    recall  f1-score   support\n\n     00 - 05       0.88      0.01      0.03      7482\n     06 - 10       0.00      0.00      0.00      2522\n     11 - 20       0.04      1.00      0.07       397\n\n    accuracy                           0.05     10401\n   macro avg       0.31      0.34      0.03     10401\nweighted avg       0.64      0.05      0.02     10401\n",
        "feature_importances": {
            "time_in_month": 0.0032953670894196626,
            "time_in_hour": 0.016070454918967022,
            "time_in_weekday": 0.06732412801707767,
            "requires_power": 9.115046943556412e-05,
            "time_in_business_day": 0.0016582280736105607,
            "time_in_week_of_year": 0.07695743113539498,
            "time_in_week_of_month": 0.007388052756079564,
            "nominal_length_NOM20": 0.0007713730048510203,
            "nominal_length_NOM40": 0.007649432301391726,
            "nominal_length_NOM45": 0.0,
            "freight_kind_FCL": 0.010211384893692749,
            "freight_kind_MTY": 0.00845006268067878,
            "category_EXPRT": 0.04688229600522637,
            "category_IMPRT": 0.7092937533754644,
            "category_STRGE": 0.0158887437378859,
            "category_THRGH": 0.00913186327226888,
            "category_TRSHP": 0.018936278268555054
        },
        "elapsed_time_minutes": null
    },
    "dataset_name": "subset_base.csv"
}