{
    "model_type": "GradientBoosting",
    "bins": [
        0,
        3,
        11,
        21
    ],
    "scaled": true,
    "tuned": false,
    "stratified_split_testing": false,
    "week": 1,
    "month": 3,
    "metrics": {
        "accuracy": 0.03504380475594493,
        "precision": 0.6737825986614355,
        "recall": 0.3426890338586835,
        "f1_score": 0.03236534082905633,
        "matthews_corrcoef": 0.060819492024123616,
        "cohen_kappa_score": 0.007494187265004171,
        "roc_auc_score": 0.6619288604657122,
        "log_loss": 2.4831583976850395,
        "confusion_matrix": [
            [
                40,
                0,
                3987
            ],
            [
                0,
                83,
                4494
            ],
            [
                0,
                0,
                185
            ]
        ],
        "classification_report": "              precision    recall  f1-score   support\n\n     00 - 02       1.00      0.01      0.02      4027\n     03 - 10       1.00      0.02      0.04      4577\n     11 - 20       0.02      1.00      0.04       185\n\n    accuracy                           0.04      8789\n   macro avg       0.67      0.34      0.03      8789\nweighted avg       0.98      0.04      0.03      8789\n",
        "feature_importances": {
            "time_in_month": 0.04461140253242872,
            "time_in_hour": 0.07769621623935602,
            "time_in_weekday": 0.0674623107648225,
            "requires_power": 7.729875375968663e-05,
            "time_in_business_day": 0.00013819217593065574,
            "time_in_week_of_year": 0.07237680404116706,
            "time_in_week_of_month": 0.016211084557263684,
            "nominal_length_NOM20": 0.0036939781680100283,
            "nominal_length_NOM40": 0.0018251726736642868,
            "nominal_length_NOM45": 0.0,
            "freight_kind_FCL": 0.006745273754225292,
            "freight_kind_MTY": 0.007890980157574952,
            "category_EXPRT": 0.16972339178405862,
            "category_IMPRT": 0.5005118275185365,
            "category_STRGE": 0.006405558030191843,
            "category_THRGH": 0.018714284510585516,
            "category_TRSHP": 0.005916224338424665
        },
        "elapsed_time_minutes": null
    },
    "dataset_name": "subset_base.csv"
}