{
    "model_type": "GradientBoosting",
    "bins": [
        0,
        3,
        9,
        21
    ],
    "scaled": false,
    "tuned": false,
    "stratified_split_testing": false,
    "week": 3,
    "month": 2,
    "metrics": {
        "accuracy": 0.07009255688391824,
        "precision": 0.6257786937492033,
        "recall": 0.3245059131644884,
        "f1_score": 0.061914545624036144,
        "matthews_corrcoef": 0.04615871448604031,
        "cohen_kappa_score": 0.0082424738066873,
        "roc_auc_score": 0.4638100081515484,
        "log_loss": 3.6677990927693886,
        "confusion_matrix": [
            [
                39,
                0,
                5046
            ],
            [
                0,
                193,
                4559
            ],
            [
                0,
                40,
                495
            ]
        ],
        "classification_report": "              precision    recall  f1-score   support\n\n     00 - 02       1.00      0.01      0.02      5085\n     03 - 08       0.83      0.04      0.08      4752\n     09 - 20       0.05      0.93      0.09       535\n\n    accuracy                           0.07     10372\n   macro avg       0.63      0.32      0.06     10372\nweighted avg       0.87      0.07      0.05     10372\n",
        "feature_importances": {
            "time_in_month": 0.0036372670663257613,
            "time_in_hour": 0.005718648463113328,
            "time_in_weekday": 0.09460984812605776,
            "requires_power": 8.353728526738958e-05,
            "time_in_business_day": 0.0013763453154926758,
            "time_in_week_of_year": 0.04057402461955901,
            "time_in_week_of_month": 0.004434296031936772,
            "nominal_length_NOM20": 0.0029532716039548314,
            "nominal_length_NOM40": 0.00026468205694608416,
            "nominal_length_NOM45": 0.0,
            "freight_kind_FCL": 0.004250006107980733,
            "freight_kind_MTY": 0.004118180739369046,
            "category_EXPRT": 0.2933021148080737,
            "category_IMPRT": 0.4896700748918526,
            "category_STRGE": 0.002055521039406679,
            "category_THRGH": 0.023974517674214886,
            "category_TRSHP": 0.028977664170448773
        },
        "elapsed_time_minutes": null
    },
    "dataset_name": "subset_base.csv"
}