{
    "model_type": "GradientBoosting",
    "bins": [
        0,
        3,
        11,
        21
    ],
    "scaled": true,
    "tuned": false,
    "stratified_split_testing": true,
    "week": 2,
    "month": 3,
    "metrics": {
        "accuracy": 0.06029209836474847,
        "precision": 0.6102194291517176,
        "recall": 0.3660612618182755,
        "f1_score": 0.06506038024811168,
        "matthews_corrcoef": 0.09755228627055636,
        "cohen_kappa_score": 0.023543402538587888,
        "roc_auc_score": 0.7064255323342645,
        "log_loss": 2.600494685920894,
        "confusion_matrix": [
            [
                42,
                21,
                3357
            ],
            [
                6,
                390,
                4144
            ],
            [
                0,
                0,
                51
            ]
        ],
        "classification_report": "              precision    recall  f1-score   support\n\n     00 - 02       0.88      0.01      0.02      3420\n     03 - 10       0.95      0.09      0.16      4540\n     11 - 20       0.01      1.00      0.01        51\n\n    accuracy                           0.06      8011\n   macro avg       0.61      0.37      0.07      8011\nweighted avg       0.91      0.06      0.10      8011\n",
        "feature_importances": {
            "time_in_month": 0.0447727786698009,
            "time_in_hour": 0.07477791424733007,
            "time_in_weekday": 0.06489422705820612,
            "requires_power": 0.0,
            "time_in_business_day": 7.255055834878854e-05,
            "time_in_week_of_year": 0.07562723119266014,
            "time_in_week_of_month": 0.017628267269412218,
            "nominal_length_NOM20": 0.005075378733273727,
            "nominal_length_NOM40": 0.00155920759819835,
            "nominal_length_NOM45": 0.0,
            "freight_kind_FCL": 0.008314943693448141,
            "freight_kind_MTY": 0.006841290025308237,
            "category_EXPRT": 0.16789422177779595,
            "category_IMPRT": 0.5026824944510113,
            "category_STRGE": 0.006015721076641609,
            "category_THRGH": 0.017777788063778256,
            "category_TRSHP": 0.006065985584786171
        },
        "elapsed_time_minutes": null
    },
    "dataset_name": "subset_base.csv"
}