{
    "model_type": "GradientBoosting",
    "bins": [
        0,
        6,
        11,
        21
    ],
    "scaled": true,
    "tuned": false,
    "stratified_split_testing": true,
    "week": 1,
    "month": 1,
    "metrics": {
        "accuracy": 0.03436055469953775,
        "precision": 0.3365872940366328,
        "recall": 0.3393280632411067,
        "f1_score": 0.0252516257185343,
        "matthews_corrcoef": 0.032856949353492836,
        "cohen_kappa_score": 0.0033622605258646354,
        "roc_auc_score": 0.7126743926098439,
        "log_loss": 2.7955825211978578,
        "confusion_matrix": [
            [
                91,
                0,
                4969
            ],
            [
                1,
                0,
                1297
            ],
            [
                0,
                0,
                132
            ]
        ],
        "classification_report": "              precision    recall  f1-score   support\n\n     00 - 05       0.99      0.02      0.04      5060\n     06 - 10       0.00      0.00      0.00      1298\n     11 - 20       0.02      1.00      0.04       132\n\n    accuracy                           0.03      6490\n   macro avg       0.34      0.34      0.03      6490\nweighted avg       0.77      0.03      0.03      6490\n",
        "feature_importances": {
            "time_in_month": 0.0652836230546024,
            "time_in_hour": 0.06101606249534834,
            "time_in_weekday": 0.06200343170065091,
            "requires_power": 0.0002279102005344719,
            "time_in_business_day": 0.0008650363361077164,
            "time_in_week_of_year": 0.08512599877782268,
            "time_in_week_of_month": 0.024138452204001345,
            "nominal_length_NOM20": 0.0038138261802280063,
            "nominal_length_NOM40": 0.005305284331342256,
            "nominal_length_NOM45": 0.0,
            "freight_kind_FCL": 0.007038463563833328,
            "freight_kind_MTY": 0.006556033513793944,
            "category_EXPRT": 0.17297525754007506,
            "category_IMPRT": 0.3195685029473346,
            "category_STRGE": 0.09179993029170254,
            "category_THRGH": 0.006913126977063233,
            "category_TRSHP": 0.08736905988555933
        },
        "elapsed_time_minutes": null
    },
    "dataset_name": "subset_base.csv"
}