{
    "model_type": "GradientBoosting",
    "bins": [
        0,
        3,
        12,
        21
    ],
    "scaled": true,
    "tuned": false,
    "stratified_split_testing": true,
    "week": 4,
    "month": 2,
    "metrics": {
        "accuracy": 0.03875895888344021,
        "precision": 0.5177452619123807,
        "recall": 0.3396837490688624,
        "f1_score": 0.03793349865134868,
        "matthews_corrcoef": 0.04650672941692968,
        "cohen_kappa_score": 0.00715347071400696,
        "roc_auc_score": 0.6309191286543129,
        "log_loss": 2.6677228460566575,
        "confusion_matrix": [
            [
                131,
                40,
                4743
            ],
            [
                2,
                53,
                5404
            ],
            [
                0,
                4,
                227
            ]
        ],
        "classification_report": "              precision    recall  f1-score   support\n\n     00 - 02       0.98      0.03      0.05      4914\n     03 - 11       0.55      0.01      0.02      5459\n     12 - 20       0.02      0.98      0.04       231\n\n    accuracy                           0.04     10604\n   macro avg       0.52      0.34      0.04     10604\nweighted avg       0.74      0.04      0.03     10604\n",
        "feature_importances": {
            "time_in_month": 0.04754444641888113,
            "time_in_hour": 0.07220032613525741,
            "time_in_weekday": 0.06868197936220073,
            "requires_power": 0.00015386889151131902,
            "time_in_business_day": 6.798384037277251e-05,
            "time_in_week_of_year": 0.08851708162263984,
            "time_in_week_of_month": 0.01356669966218065,
            "nominal_length_NOM20": 0.006529603967281458,
            "nominal_length_NOM40": 0.0014843196665384134,
            "nominal_length_NOM45": 0.0,
            "freight_kind_FCL": 0.010295732934586953,
            "freight_kind_MTY": 0.007414172893307192,
            "category_EXPRT": 0.1640647224755475,
            "category_IMPRT": 0.4827975092005772,
            "category_STRGE": 0.013217076784783715,
            "category_THRGH": 0.016369910725956262,
            "category_TRSHP": 0.007094565418377528
        },
        "elapsed_time_minutes": null
    },
    "dataset_name": "subset_base.csv"
}