{
    "model_type": "GradientBoosting",
    "bins": [
        0,
        4,
        12,
        21
    ],
    "scaled": true,
    "tuned": false,
    "stratified_split_testing": true,
    "week": 1,
    "month": 2,
    "metrics": {
        "accuracy": 0.013967611336032389,
        "precision": 0.30381709458298584,
        "recall": 0.3374172390322381,
        "f1_score": 0.012917399434253365,
        "matthews_corrcoef": 0.031514133070619746,
        "cohen_kappa_score": 0.002736205531479574,
        "roc_auc_score": 0.6364880726257661,
        "log_loss": 3.0433649130923968,
        "confusion_matrix": [
            [
                66,
                0,
                5321
            ],
            [
                7,
                0,
                4414
            ],
            [
                0,
                0,
                72
            ]
        ],
        "classification_report": "              precision    recall  f1-score   support\n\n     00 - 03       0.90      0.01      0.02      5387\n     04 - 11       0.00      0.00      0.00      4421\n     12 - 20       0.01      1.00      0.01        72\n\n    accuracy                           0.01      9880\n   macro avg       0.30      0.34      0.01      9880\nweighted avg       0.49      0.01      0.01      9880\n",
        "feature_importances": {
            "time_in_month": 0.06012177979783241,
            "time_in_hour": 0.068753361375238,
            "time_in_weekday": 0.07237263505471835,
            "requires_power": 0.00014105470412083506,
            "time_in_business_day": 0.00040206615203024177,
            "time_in_week_of_year": 0.09170309453052256,
            "time_in_week_of_month": 0.019267215887578893,
            "nominal_length_NOM20": 0.004850243155785317,
            "nominal_length_NOM40": 0.002081520805701947,
            "nominal_length_NOM45": 0.0,
            "freight_kind_FCL": 0.008206775169125099,
            "freight_kind_MTY": 0.009425946311638417,
            "category_EXPRT": 0.2071701458520825,
            "category_IMPRT": 0.42124143724875773,
            "category_STRGE": 0.010935757285894855,
            "category_THRGH": 0.012066755609943794,
            "category_TRSHP": 0.011260211059029161
        },
        "elapsed_time_minutes": null
    },
    "dataset_name": "subset_base.csv"
}