{
    "model_type": "GradientBoosting",
    "bins": [
        0,
        6,
        11,
        21
    ],
    "scaled": true,
    "tuned": false,
    "stratified_split_testing": false,
    "week": 3,
    "month": 1,
    "metrics": {
        "accuracy": 0.08738938053097345,
        "precision": 0.585813343480056,
        "recall": 0.40838576478417704,
        "f1_score": 0.13580047928792546,
        "matthews_corrcoef": 0.16015757640258732,
        "cohen_kappa_score": 0.04271405582932586,
        "roc_auc_score": 0.6989163497665084,
        "log_loss": 1.8070297279914158,
        "confusion_matrix": [
            [
                4,
                161,
                4981
            ],
            [
                0,
                434,
                1457
            ],
            [
                0,
                1,
                194
            ]
        ],
        "classification_report": "              precision    recall  f1-score   support\n\n     00 - 05       1.00      0.00      0.00      5146\n     06 - 10       0.73      0.23      0.35      1891\n     11 - 20       0.03      0.99      0.06       195\n\n    accuracy                           0.09      7232\n   macro avg       0.59      0.41      0.14      7232\nweighted avg       0.90      0.09      0.09      7232\n",
        "feature_importances": {
            "time_in_month": 0.05987725788549527,
            "time_in_hour": 0.06439832321791968,
            "time_in_weekday": 0.06858188386907246,
            "requires_power": 7.780314133635112e-05,
            "time_in_business_day": 0.0019409867147431245,
            "time_in_week_of_year": 0.08436919817734685,
            "time_in_week_of_month": 0.01985247011823058,
            "nominal_length_NOM20": 0.002319122534613141,
            "nominal_length_NOM40": 0.005455272314835598,
            "nominal_length_NOM45": 0.0,
            "freight_kind_FCL": 0.00764559365472246,
            "freight_kind_MTY": 0.00639114533910251,
            "category_EXPRT": 0.17273635674702195,
            "category_IMPRT": 0.3201223783298499,
            "category_STRGE": 0.09056910988051083,
            "category_THRGH": 0.006963788961715726,
            "category_TRSHP": 0.08869930911348355
        },
        "elapsed_time_minutes": null
    },
    "dataset_name": "subset_base.csv"
}