{
    "model_type": "GradientBoosting",
    "bins": [
        0,
        3,
        9,
        21
    ],
    "scaled": false,
    "tuned": false,
    "stratified_split_testing": false,
    "week": 3,
    "month": 1,
    "metrics": {
        "accuracy": 0.09775995575221239,
        "precision": 0.33703759077171574,
        "recall": 0.3461906040440072,
        "f1_score": 0.08169738081242361,
        "matthews_corrcoef": 0.08159212875541577,
        "cohen_kappa_score": 0.019436594958416986,
        "roc_auc_score": 0.43628892439108463,
        "log_loss": 3.298385153366244,
        "confusion_matrix": [
            [
                0,
                0,
                2482
            ],
            [
                0,
                340,
                4028
            ],
            [
                0,
                15,
                367
            ]
        ],
        "classification_report": "              precision    recall  f1-score   support\n\n     00 - 02       0.00      0.00      0.00      2482\n     03 - 08       0.96      0.08      0.14      4368\n     09 - 20       0.05      0.96      0.10       382\n\n    accuracy                           0.10      7232\n   macro avg       0.34      0.35      0.08      7232\nweighted avg       0.58      0.10      0.09      7232\n",
        "feature_importances": {
            "time_in_month": 0.0036372670663257613,
            "time_in_hour": 0.005718648463113328,
            "time_in_weekday": 0.09460984812605776,
            "requires_power": 8.353728526738958e-05,
            "time_in_business_day": 0.0013763453154926758,
            "time_in_week_of_year": 0.04057402461955901,
            "time_in_week_of_month": 0.004434296031936772,
            "nominal_length_NOM20": 0.0029532716039548314,
            "nominal_length_NOM40": 0.00026468205694608416,
            "nominal_length_NOM45": 0.0,
            "freight_kind_FCL": 0.004250006107980733,
            "freight_kind_MTY": 0.004118180739369046,
            "category_EXPRT": 0.2933021148080737,
            "category_IMPRT": 0.4896700748918526,
            "category_STRGE": 0.002055521039406679,
            "category_THRGH": 0.023974517674214886,
            "category_TRSHP": 0.028977664170448773
        },
        "elapsed_time_minutes": null
    },
    "dataset_name": "subset_base.csv"
}