{
    "model_type": "GradientBoosting",
    "bins": [
        0,
        6,
        9,
        21
    ],
    "scaled": true,
    "tuned": false,
    "stratified_split_testing": false,
    "week": 1,
    "month": 3,
    "metrics": {
        "accuracy": 0.06576402321083172,
        "precision": 0.35482890889066115,
        "recall": 0.3339138848572811,
        "f1_score": 0.04154582662599968,
        "matthews_corrcoef": 0.012250635320980387,
        "cohen_kappa_score": 0.0004097176550870163,
        "roc_auc_score": 0.6644669891153014,
        "log_loss": 2.8574638925277513,
        "confusion_matrix": [
            [
                12,
                0,
                6878
            ],
            [
                0,
                0,
                1333
            ],
            [
                0,
                0,
                566
            ]
        ],
        "classification_report": "              precision    recall  f1-score   support\n\n     00 - 05       1.00      0.00      0.00      6890\n     06 - 08       0.00      0.00      0.00      1333\n     09 - 20       0.06      1.00      0.12       566\n\n    accuracy                           0.07      8789\n   macro avg       0.35      0.33      0.04      8789\nweighted avg       0.79      0.07      0.01      8789\n",
        "feature_importances": {
            "time_in_month": 0.03585099780932721,
            "time_in_hour": 0.06572709637738824,
            "time_in_weekday": 0.08164480997827762,
            "requires_power": 0.00021137679940887852,
            "time_in_business_day": 0.0011712012816584344,
            "time_in_week_of_year": 0.07421121718869911,
            "time_in_week_of_month": 0.02247199536429937,
            "nominal_length_NOM20": 0.0006258047660192659,
            "nominal_length_NOM40": 0.0073540226795057815,
            "nominal_length_NOM45": 0.0,
            "freight_kind_FCL": 0.0039611207529045124,
            "freight_kind_MTY": 0.0046603549070803486,
            "category_EXPRT": 0.18514196871411917,
            "category_IMPRT": 0.49034857678210586,
            "category_STRGE": 0.0034566535270520267,
            "category_THRGH": 0.011264454264049619,
            "category_TRSHP": 0.011898348808104567
        },
        "elapsed_time_minutes": null
    },
    "dataset_name": "subset_base.csv"
}