{
    "model_type": "GradientBoosting",
    "bins": [
        0,
        4,
        9,
        21
    ],
    "scaled": true,
    "tuned": false,
    "stratified_split_testing": true,
    "week": 3,
    "month": 2,
    "metrics": {
        "accuracy": 0.08619359814886232,
        "precision": 0.6131837526708747,
        "recall": 0.3250437032688863,
        "f1_score": 0.10093121810497441,
        "matthews_corrcoef": 0.08437357195120795,
        "cohen_kappa_score": 0.020058504728052706,
        "roc_auc_score": 0.5424998776258928,
        "log_loss": 2.921783242242044,
        "confusion_matrix": [
            [
                69,
                18,
                6414
            ],
            [
                0,
                368,
                2968
            ],
            [
                0,
                78,
                457
            ]
        ],
        "classification_report": "              precision    recall  f1-score   support\n\n     00 - 03       1.00      0.01      0.02      6501\n     04 - 08       0.79      0.11      0.19      3336\n     09 - 20       0.05      0.85      0.09       535\n\n    accuracy                           0.09     10372\n   macro avg       0.61      0.33      0.10     10372\nweighted avg       0.88      0.09      0.08     10372\n",
        "feature_importances": {
            "time_in_month": 0.03222623279417251,
            "time_in_hour": 0.05452769438303159,
            "time_in_weekday": 0.08300098438971919,
            "requires_power": 0.00023003298025554364,
            "time_in_business_day": 0.0003741689329753013,
            "time_in_week_of_year": 0.056297304567935066,
            "time_in_week_of_month": 0.019233534551520035,
            "nominal_length_NOM20": 0.004869557641034569,
            "nominal_length_NOM40": 0.0015993452043174064,
            "nominal_length_NOM45": 0.0,
            "freight_kind_FCL": 0.0057862516062896704,
            "freight_kind_MTY": 0.003927208040054408,
            "category_EXPRT": 0.13236153386723198,
            "category_IMPRT": 0.5783850095696051,
            "category_STRGE": 0.0022493194911283503,
            "category_THRGH": 0.01609503327833749,
            "category_TRSHP": 0.008836788702391761
        },
        "elapsed_time_minutes": null
    },
    "dataset_name": "subset_base.csv"
}