{
    "model_type": "GradientBoosting",
    "bins": [
        0,
        5,
        10,
        21
    ],
    "scaled": true,
    "tuned": false,
    "stratified_split_testing": false,
    "week": 2,
    "month": 2,
    "metrics": {
        "accuracy": 0.0462046204620462,
        "precision": 0.3473186228806244,
        "recall": 0.3355559001395565,
        "f1_score": 0.03125999414935784,
        "matthews_corrcoef": 0.025929671528058557,
        "cohen_kappa_score": 0.0017482312734657945,
        "roc_auc_score": 0.6458412044588382,
        "log_loss": 2.8062871099815094,
        "confusion_matrix": [
            [
                43,
                0,
                6406
            ],
            [
                0,
                0,
                2842
            ],
            [
                0,
                0,
                405
            ]
        ],
        "classification_report": "              precision    recall  f1-score   support\n\n     00 - 04       1.00      0.01      0.01      6449\n     05 - 09       0.00      0.00      0.00      2842\n     10 - 20       0.04      1.00      0.08       405\n\n    accuracy                           0.05      9696\n   macro avg       0.35      0.34      0.03      9696\nweighted avg       0.67      0.05      0.01      9696\n",
        "feature_importances": {
            "time_in_month": 0.048211944781229664,
            "time_in_hour": 0.05498126108849742,
            "time_in_weekday": 0.0719789404198081,
            "requires_power": 4.28453122810629e-05,
            "time_in_business_day": 0.0011445215116206817,
            "time_in_week_of_year": 0.07311240882824013,
            "time_in_week_of_month": 0.02088656446993788,
            "nominal_length_NOM20": 0.005531918401885149,
            "nominal_length_NOM40": 0.0024444686440287873,
            "nominal_length_NOM45": 1.4115448112200408e-05,
            "freight_kind_FCL": 0.004734837188451981,
            "freight_kind_MTY": 0.005872085869370942,
            "category_EXPRT": 0.23233872940865893,
            "category_IMPRT": 0.45238586001811576,
            "category_STRGE": 0.005389070257774405,
            "category_THRGH": 0.011972858249699972,
            "category_TRSHP": 0.008957570102287017
        },
        "elapsed_time_minutes": null
    },
    "dataset_name": "subset_base.csv"
}