{
    "model_type": "GradientBoosting",
    "bins": [
        0,
        4,
        11,
        21
    ],
    "scaled": true,
    "tuned": false,
    "stratified_split_testing": true,
    "week": 3,
    "month": 1,
    "metrics": {
        "accuracy": 0.027793141592920356,
        "precision": 0.6756619614355568,
        "recall": 0.3339014092850181,
        "f1_score": 0.01865293309293012,
        "matthews_corrcoef": 0.015175489819077612,
        "cohen_kappa_score": 0.00046072830770305107,
        "roc_auc_score": 0.5485727834057796,
        "log_loss": 2.4936959727656087,
        "confusion_matrix": [
            [
                4,
                0,
                3521
            ],
            [
                0,
                2,
                3510
            ],
            [
                0,
                0,
                195
            ]
        ],
        "classification_report": "              precision    recall  f1-score   support\n\n     00 - 03       1.00      0.00      0.00      3525\n     04 - 10       1.00      0.00      0.00      3512\n     11 - 20       0.03      1.00      0.05       195\n\n    accuracy                           0.03      7232\n   macro avg       0.68      0.33      0.02      7232\nweighted avg       0.97      0.03      0.00      7232\n",
        "feature_importances": {
            "time_in_month": 0.05380177365125658,
            "time_in_hour": 0.06101144453344023,
            "time_in_weekday": 0.0757723325762778,
            "requires_power": 0.0,
            "time_in_business_day": 0.000324323592982631,
            "time_in_week_of_year": 0.08072475055718789,
            "time_in_week_of_month": 0.02032890528689531,
            "nominal_length_NOM20": 0.005301786878048564,
            "nominal_length_NOM40": 0.002595286031616071,
            "nominal_length_NOM45": 0.0,
            "freight_kind_FCL": 0.009719971736085926,
            "freight_kind_MTY": 0.00632759450961399,
            "category_EXPRT": 0.21165548278365826,
            "category_IMPRT": 0.4458241040979411,
            "category_STRGE": 0.005094071853069397,
            "category_THRGH": 0.013263540243049059,
            "category_TRSHP": 0.008254631668877296
        },
        "elapsed_time_minutes": null
    },
    "dataset_name": "subset_base.csv"
}