{
    "model_type": "GradientBoosting",
    "bins": [
        0,
        3,
        11,
        21
    ],
    "scaled": true,
    "tuned": false,
    "stratified_split_testing": true,
    "week": 4,
    "month": 1,
    "metrics": {
        "accuracy": 0.06028266512835304,
        "precision": 0.5123962902062401,
        "recall": 0.3483630927711525,
        "f1_score": 0.057428521155384236,
        "matthews_corrcoef": 0.04833140050137324,
        "cohen_kappa_score": 0.008786113154187314,
        "roc_auc_score": 0.6011023286274838,
        "log_loss": 2.4867878535913257,
        "confusion_matrix": [
            [
                118,
                58,
                3498
            ],
            [
                22,
                114,
                6194
            ],
            [
                0,
                2,
                395
            ]
        ],
        "classification_report": "              precision    recall  f1-score   support\n\n     00 - 02       0.84      0.03      0.06      3674\n     03 - 10       0.66      0.02      0.04      6330\n     11 - 20       0.04      0.99      0.08       397\n\n    accuracy                           0.06     10401\n   macro avg       0.51      0.35      0.06     10401\nweighted avg       0.70      0.06      0.05     10401\n",
        "feature_importances": {
            "time_in_month": 0.0447727786698009,
            "time_in_hour": 0.07477791424733007,
            "time_in_weekday": 0.06489422705820612,
            "requires_power": 0.0,
            "time_in_business_day": 7.255055834878854e-05,
            "time_in_week_of_year": 0.07562723119266014,
            "time_in_week_of_month": 0.017628267269412218,
            "nominal_length_NOM20": 0.005075378733273727,
            "nominal_length_NOM40": 0.00155920759819835,
            "nominal_length_NOM45": 0.0,
            "freight_kind_FCL": 0.008314943693448141,
            "freight_kind_MTY": 0.006841290025308237,
            "category_EXPRT": 0.16789422177779595,
            "category_IMPRT": 0.5026824944510113,
            "category_STRGE": 0.006015721076641609,
            "category_THRGH": 0.017777788063778256,
            "category_TRSHP": 0.006065985584786171
        },
        "elapsed_time_minutes": null
    },
    "dataset_name": "subset_base.csv"
}