{
    "model_type": "GradientBoosting",
    "bins": [
        0,
        6,
        12,
        21
    ],
    "scaled": false,
    "tuned": false,
    "stratified_split_testing": true,
    "week": 3,
    "month": 2,
    "metrics": {
        "accuracy": 0.020150404936367144,
        "precision": 0.34283508800393436,
        "recall": 0.33553961688097095,
        "f1_score": 0.014565157332387018,
        "matthews_corrcoef": -0.0025524088436524512,
        "cohen_kappa_score": -0.00024492141064902384,
        "roc_auc_score": 0.6467438239794109,
        "log_loss": 3.0963753706523316,
        "confusion_matrix": [
            [
                49,
                76,
                7802
            ],
            [
                0,
                1,
                2285
            ],
            [
                0,
                0,
                159
            ]
        ],
        "classification_report": "              precision    recall  f1-score   support\n\n     00 - 05       1.00      0.01      0.01      7927\n     06 - 11       0.01      0.00      0.00      2286\n     12 - 20       0.02      1.00      0.03       159\n\n    accuracy                           0.02     10372\n   macro avg       0.34      0.34      0.01     10372\nweighted avg       0.77      0.02      0.01     10372\n",
        "feature_importances": {
            "time_in_month": 0.004818582209650549,
            "time_in_hour": 0.01697833950928632,
            "time_in_weekday": 0.06466916036002553,
            "requires_power": 5.9954646973051476e-05,
            "time_in_business_day": 0.0018266469928081854,
            "time_in_week_of_year": 0.07700035418862108,
            "time_in_week_of_month": 0.006489157279662753,
            "nominal_length_NOM20": 0.0007434114104984124,
            "nominal_length_NOM40": 0.007725931452048163,
            "nominal_length_NOM45": 0.0,
            "freight_kind_FCL": 0.009841730224990006,
            "freight_kind_MTY": 0.009874306867490835,
            "category_EXPRT": 0.0371236991465405,
            "category_IMPRT": 0.7250989501919132,
            "category_STRGE": 0.013095376782042338,
            "category_THRGH": 0.009807052654737681,
            "category_TRSHP": 0.014847346082711188
        },
        "elapsed_time_minutes": null
    },
    "dataset_name": "subset_base.csv"
}