{
    "model_type": "GradientBoosting",
    "bins": [
        0,
        6,
        11,
        21
    ],
    "scaled": true,
    "tuned": false,
    "stratified_split_testing": false,
    "week": 1,
    "month": 1,
    "metrics": {
        "accuracy": 0.054699537750385205,
        "precision": 0.3388672617147721,
        "recall": 0.3480237154150198,
        "f1_score": 0.04188954929061308,
        "matthews_corrcoef": 0.05325046469067862,
        "cohen_kappa_score": 0.008550843251522555,
        "roc_auc_score": 0.8141464965243607,
        "log_loss": 2.0468190833741664,
        "confusion_matrix": [
            [
                223,
                0,
                4837
            ],
            [
                1,
                0,
                1297
            ],
            [
                0,
                0,
                132
            ]
        ],
        "classification_report": "              precision    recall  f1-score   support\n\n     00 - 05       1.00      0.04      0.08      5060\n     06 - 10       0.00      0.00      0.00      1298\n     11 - 20       0.02      1.00      0.04       132\n\n    accuracy                           0.05      6490\n   macro avg       0.34      0.35      0.04      6490\nweighted avg       0.78      0.05      0.07      6490\n",
        "feature_importances": {
            "time_in_month": 0.05987725788549527,
            "time_in_hour": 0.06439832321791968,
            "time_in_weekday": 0.06858188386907246,
            "requires_power": 7.780314133635112e-05,
            "time_in_business_day": 0.0019409867147431245,
            "time_in_week_of_year": 0.08436919817734685,
            "time_in_week_of_month": 0.01985247011823058,
            "nominal_length_NOM20": 0.002319122534613141,
            "nominal_length_NOM40": 0.005455272314835598,
            "nominal_length_NOM45": 0.0,
            "freight_kind_FCL": 0.00764559365472246,
            "freight_kind_MTY": 0.00639114533910251,
            "category_EXPRT": 0.17273635674702195,
            "category_IMPRT": 0.3201223783298499,
            "category_STRGE": 0.09056910988051083,
            "category_THRGH": 0.006963788961715726,
            "category_TRSHP": 0.08869930911348355
        },
        "elapsed_time_minutes": null
    },
    "dataset_name": "subset_base.csv"
}