{
    "model_type": "GradientBoosting",
    "bins": [
        0,
        3,
        10,
        21
    ],
    "scaled": false,
    "tuned": false,
    "stratified_split_testing": true,
    "week": 1,
    "month": 2,
    "metrics": {
        "accuracy": 0.008906882591093117,
        "precision": 0.0029689608636977055,
        "recall": 0.3333333333333333,
        "f1_score": 0.0058855002675227384,
        "matthews_corrcoef": 0.0,
        "cohen_kappa_score": 0.0,
        "roc_auc_score": 0.5208954609861675,
        "log_loss": 4.001677214910897,
        "confusion_matrix": [
            [
                0,
                0,
                3720
            ],
            [
                0,
                0,
                6072
            ],
            [
                0,
                0,
                88
            ]
        ],
        "classification_report": "              precision    recall  f1-score   support\n\n     00 - 02       0.00      0.00      0.00      3720\n     03 - 09       0.00      0.00      0.00      6072\n     10 - 20       0.01      1.00      0.02        88\n\n    accuracy                           0.01      9880\n   macro avg       0.00      0.33      0.01      9880\nweighted avg       0.00      0.01      0.00      9880\n",
        "feature_importances": {
            "time_in_month": 0.0035014285476591745,
            "time_in_hour": 0.0040185000667937445,
            "time_in_weekday": 0.08927876282755536,
            "requires_power": 0.00010140134274725572,
            "time_in_business_day": 0.0013073520352379357,
            "time_in_week_of_year": 0.03818345730973455,
            "time_in_week_of_month": 0.002624401021248906,
            "nominal_length_NOM20": 0.0030501914312125534,
            "nominal_length_NOM40": 0.0009617767183728812,
            "nominal_length_NOM45": 0.0,
            "freight_kind_FCL": 0.002777874464691963,
            "freight_kind_MTY": 0.0034826873280376738,
            "category_EXPRT": 0.3408653827160811,
            "category_IMPRT": 0.44610349131715954,
            "category_STRGE": 0.0030637424696891426,
            "category_THRGH": 0.022714186765479972,
            "category_TRSHP": 0.03796536363829844
        },
        "elapsed_time_minutes": null
    },
    "dataset_name": "subset_base.csv"
}