{
    "model_type": "GradientBoosting",
    "bins": [
        0,
        5,
        9,
        21
    ],
    "scaled": false,
    "tuned": false,
    "stratified_split_testing": false,
    "week": 2,
    "month": 3,
    "metrics": {
        "accuracy": 0.07190113593808513,
        "precision": 0.06913854313423898,
        "recall": 0.39456484348125215,
        "f1_score": 0.08279334218878388,
        "matthews_corrcoef": -0.029119741701875586,
        "cohen_kappa_score": -0.012587637590104839,
        "roc_auc_score": 0.6380708207774418,
        "log_loss": 2.827169487611789,
        "confusion_matrix": [
            [
                0,
                1735,
                4118
            ],
            [
                0,
                356,
                1582
            ],
            [
                0,
                0,
                220
            ]
        ],
        "classification_report": "              precision    recall  f1-score   support\n\n     00 - 04       0.00      0.00      0.00      5853\n     05 - 08       0.17      0.18      0.18      1938\n     09 - 20       0.04      1.00      0.07       220\n\n    accuracy                           0.07      8011\n   macro avg       0.07      0.39      0.08      8011\nweighted avg       0.04      0.07      0.04      8011\n",
        "feature_importances": {
            "time_in_month": 0.004970677345836293,
            "time_in_hour": 0.010349789088007582,
            "time_in_weekday": 0.07973627766288759,
            "requires_power": 0.0,
            "time_in_business_day": 0.0022241694534396433,
            "time_in_week_of_year": 0.05918334980465941,
            "time_in_week_of_month": 0.007371757077874105,
            "nominal_length_NOM20": 0.002377158718567007,
            "nominal_length_NOM40": 0.003412341213808477,
            "nominal_length_NOM45": 3.821120869078659e-05,
            "freight_kind_FCL": 0.0054161001120184675,
            "freight_kind_MTY": 0.006656411186294875,
            "category_EXPRT": 0.10919091008163745,
            "category_IMPRT": 0.6844240559592311,
            "category_STRGE": 0.0014289633012871765,
            "category_THRGH": 0.013239619229948218,
            "category_TRSHP": 0.00998020855581204
        },
        "elapsed_time_minutes": null
    },
    "dataset_name": "subset_base.csv"
}