{
    "model_type": "GradientBoosting",
    "bins": [
        0,
        3,
        11,
        21
    ],
    "scaled": true,
    "tuned": false,
    "stratified_split_testing": false,
    "week": 2,
    "month": 1,
    "metrics": {
        "accuracy": 0.039073402176946694,
        "precision": 0.6664770694472554,
        "recall": 0.34947615060436815,
        "f1_score": 0.04095059118632279,
        "matthews_corrcoef": 0.07676649468455797,
        "cohen_kappa_score": 0.012478140712926189,
        "roc_auc_score": 0.6549238401004541,
        "log_loss": 2.3059171074441123,
        "confusion_matrix": [
            [
                72,
                3,
                4569
            ],
            [
                0,
                196,
                5757
            ],
            [
                0,
                0,
                152
            ]
        ],
        "classification_report": "              precision    recall  f1-score   support\n\n     00 - 02       1.00      0.02      0.03      4644\n     03 - 10       0.98      0.03      0.06      5953\n     11 - 20       0.01      1.00      0.03       152\n\n    accuracy                           0.04     10749\n   macro avg       0.67      0.35      0.04     10749\nweighted avg       0.98      0.04      0.05     10749\n",
        "feature_importances": {
            "time_in_month": 0.04461140253242872,
            "time_in_hour": 0.07769621623935602,
            "time_in_weekday": 0.0674623107648225,
            "requires_power": 7.729875375968663e-05,
            "time_in_business_day": 0.00013819217593065574,
            "time_in_week_of_year": 0.07237680404116706,
            "time_in_week_of_month": 0.016211084557263684,
            "nominal_length_NOM20": 0.0036939781680100283,
            "nominal_length_NOM40": 0.0018251726736642868,
            "nominal_length_NOM45": 0.0,
            "freight_kind_FCL": 0.006745273754225292,
            "freight_kind_MTY": 0.007890980157574952,
            "category_EXPRT": 0.16972339178405862,
            "category_IMPRT": 0.5005118275185365,
            "category_STRGE": 0.006405558030191843,
            "category_THRGH": 0.018714284510585516,
            "category_TRSHP": 0.005916224338424665
        },
        "elapsed_time_minutes": null
    },
    "dataset_name": "subset_base.csv"
}