{
    "model_type": "GradientBoosting",
    "bins": [
        0,
        3,
        10,
        21
    ],
    "scaled": true,
    "tuned": false,
    "stratified_split_testing": false,
    "week": 1,
    "month": 2,
    "metrics": {
        "accuracy": 0.012449392712550607,
        "precision": 0.33631284916201115,
        "recall": 0.33646953405017926,
        "f1_score": 0.012120175437302988,
        "matthews_corrcoef": 0.03846538293247062,
        "cohen_kappa_score": 0.002263350122503227,
        "roc_auc_score": 0.6775138848877028,
        "log_loss": 2.430518113969695,
        "confusion_matrix": [
            [
                35,
                0,
                3685
            ],
            [
                0,
                0,
                6072
            ],
            [
                0,
                0,
                88
            ]
        ],
        "classification_report": "              precision    recall  f1-score   support\n\n     00 - 02       1.00      0.01      0.02      3720\n     03 - 09       0.00      0.00      0.00      6072\n     10 - 20       0.01      1.00      0.02        88\n\n    accuracy                           0.01      9880\n   macro avg       0.34      0.34      0.01      9880\nweighted avg       0.38      0.01      0.01      9880\n",
        "feature_importances": {
            "time_in_month": 0.032147319505357354,
            "time_in_hour": 0.08210823157890369,
            "time_in_weekday": 0.07454672985498915,
            "requires_power": 4.985185426278369e-06,
            "time_in_business_day": 0.0001908373413220426,
            "time_in_week_of_year": 0.056868988095044544,
            "time_in_week_of_month": 0.016711461455364746,
            "nominal_length_NOM20": 0.002620063037881955,
            "nominal_length_NOM40": 0.001821730534940788,
            "nominal_length_NOM45": 0.0,
            "freight_kind_FCL": 0.005035138072102805,
            "freight_kind_MTY": 0.005440871884128771,
            "category_EXPRT": 0.15176385969626915,
            "category_IMPRT": 0.543751709217008,
            "category_STRGE": 0.0038243981772513682,
            "category_THRGH": 0.020026122269179315,
            "category_TRSHP": 0.0031375540948300664
        },
        "elapsed_time_minutes": null
    },
    "dataset_name": "subset_base.csv"
}