{
    "model_type": "GradientBoosting",
    "bins": [
        0,
        6,
        9,
        21
    ],
    "scaled": false,
    "tuned": false,
    "stratified_split_testing": true,
    "week": 1,
    "month": 3,
    "metrics": {
        "accuracy": 0.06462623734213221,
        "precision": 0.3548044459618376,
        "recall": 0.3334300919206579,
        "f1_score": 0.040537022798138825,
        "matthews_corrcoef": 0.004998454264394531,
        "cohen_kappa_score": 6.822651296400917e-05,
        "roc_auc_score": 0.5428939361706155,
        "log_loss": 3.9476845560892273,
        "confusion_matrix": [
            [
                2,
                0,
                6888
            ],
            [
                0,
                0,
                1333
            ],
            [
                0,
                0,
                566
            ]
        ],
        "classification_report": "              precision    recall  f1-score   support\n\n     00 - 05       1.00      0.00      0.00      6890\n     06 - 08       0.00      0.00      0.00      1333\n     09 - 20       0.06      1.00      0.12       566\n\n    accuracy                           0.06      8789\n   macro avg       0.35      0.33      0.04      8789\nweighted avg       0.79      0.06      0.01      8789\n",
        "feature_importances": {
            "time_in_month": 0.010807062965729463,
            "time_in_hour": 0.020544593730520196,
            "time_in_weekday": 0.07825400314104596,
            "requires_power": 0.0,
            "time_in_business_day": 0.0014733644092480296,
            "time_in_week_of_year": 0.08460195439766144,
            "time_in_week_of_month": 0.009927923054011467,
            "nominal_length_NOM20": 0.0005340112183989543,
            "nominal_length_NOM40": 0.008115355966571041,
            "nominal_length_NOM45": 0.0,
            "freight_kind_FCL": 0.008435693734070132,
            "freight_kind_MTY": 0.011243777253030376,
            "category_EXPRT": 0.16773493540041268,
            "category_IMPRT": 0.5701564316322075,
            "category_STRGE": 0.003719027342066322,
            "category_THRGH": 0.01143114668607397,
            "category_TRSHP": 0.013020719068952462
        },
        "elapsed_time_minutes": null
    },
    "dataset_name": "subset_base.csv"
}