{
    "model_type": "GradientBoosting",
    "bins": [
        0,
        6,
        9,
        21
    ],
    "scaled": false,
    "tuned": false,
    "stratified_split_testing": true,
    "week": 1,
    "month": 1,
    "metrics": {
        "accuracy": 0.04468412942989214,
        "precision": 0.3480316579299003,
        "recall": 0.33359683794466405,
        "f1_score": 0.028681741594963867,
        "matthews_corrcoef": 0.007747868133377603,
        "cohen_kappa_score": 0.00017055592485049065,
        "roc_auc_score": 0.5212134539856487,
        "log_loss": 4.164095728557693,
        "confusion_matrix": [
            [
                4,
                0,
                5056
            ],
            [
                0,
                0,
                1144
            ],
            [
                0,
                0,
                286
            ]
        ],
        "classification_report": "              precision    recall  f1-score   support\n\n     00 - 05       1.00      0.00      0.00      5060\n     06 - 08       0.00      0.00      0.00      1144\n     09 - 20       0.04      1.00      0.08       286\n\n    accuracy                           0.04      6490\n   macro avg       0.35      0.33      0.03      6490\nweighted avg       0.78      0.04      0.00      6490\n",
        "feature_importances": {
            "time_in_month": 0.010807062965729463,
            "time_in_hour": 0.020544593730520196,
            "time_in_weekday": 0.07825400314104596,
            "requires_power": 0.0,
            "time_in_business_day": 0.0014733644092480296,
            "time_in_week_of_year": 0.08460195439766144,
            "time_in_week_of_month": 0.009927923054011467,
            "nominal_length_NOM20": 0.0005340112183989543,
            "nominal_length_NOM40": 0.008115355966571041,
            "nominal_length_NOM45": 0.0,
            "freight_kind_FCL": 0.008435693734070132,
            "freight_kind_MTY": 0.011243777253030376,
            "category_EXPRT": 0.16773493540041268,
            "category_IMPRT": 0.5701564316322075,
            "category_STRGE": 0.003719027342066322,
            "category_THRGH": 0.01143114668607397,
            "category_TRSHP": 0.013020719068952462
        },
        "elapsed_time_minutes": null
    },
    "dataset_name": "subset_base.csv"
}