{
    "model_type": "GradientBoosting",
    "bins": [
        0,
        3,
        10,
        21
    ],
    "scaled": false,
    "tuned": false,
    "stratified_split_testing": false,
    "week": 1,
    "month": 2,
    "metrics": {
        "accuracy": 0.008906882591093117,
        "precision": 0.0029689608636977055,
        "recall": 0.3333333333333333,
        "f1_score": 0.0058855002675227384,
        "matthews_corrcoef": 0.0,
        "cohen_kappa_score": 0.0,
        "roc_auc_score": 0.5100242575689147,
        "log_loss": 4.16668386632034,
        "confusion_matrix": [
            [
                0,
                0,
                3720
            ],
            [
                0,
                0,
                6072
            ],
            [
                0,
                0,
                88
            ]
        ],
        "classification_report": "              precision    recall  f1-score   support\n\n     00 - 02       0.00      0.00      0.00      3720\n     03 - 09       0.00      0.00      0.00      6072\n     10 - 20       0.01      1.00      0.02        88\n\n    accuracy                           0.01      9880\n   macro avg       0.00      0.33      0.01      9880\nweighted avg       0.00      0.01      0.00      9880\n",
        "feature_importances": {
            "time_in_month": 0.003527863925341247,
            "time_in_hour": 0.004003266908556424,
            "time_in_weekday": 0.09097607771975204,
            "requires_power": 7.912186154743393e-05,
            "time_in_business_day": 0.0008001587441798114,
            "time_in_week_of_year": 0.037306661074888774,
            "time_in_week_of_month": 0.002293736981781631,
            "nominal_length_NOM20": 0.002769770453678141,
            "nominal_length_NOM40": 0.001001409613581412,
            "nominal_length_NOM45": 0.0,
            "freight_kind_FCL": 0.003982572731723777,
            "freight_kind_MTY": 0.0033588206920805368,
            "category_EXPRT": 0.33859519789309406,
            "category_IMPRT": 0.44751121235349656,
            "category_STRGE": 0.0034085046111864523,
            "category_THRGH": 0.022543376627048587,
            "category_TRSHP": 0.037842247808062945
        },
        "elapsed_time_minutes": null
    },
    "dataset_name": "subset_base.csv"
}