{
    "model_type": "GradientBoosting",
    "bins": [
        0,
        5,
        11,
        21
    ],
    "scaled": true,
    "tuned": false,
    "stratified_split_testing": false,
    "week": 4,
    "month": 2,
    "metrics": {
        "accuracy": 0.07930969445492267,
        "precision": 0.3306613594470575,
        "recall": 0.3539269406392694,
        "f1_score": 0.06339338378617597,
        "matthews_corrcoef": 0.06881012266939465,
        "cohen_kappa_score": 0.014413195874906859,
        "roc_auc_score": 0.7158493950129218,
        "log_loss": 1.7944752026157915,
        "confusion_matrix": [
            [
                451,
                0,
                6849
            ],
            [
                22,
                0,
                2892
            ],
            [
                0,
                0,
                390
            ]
        ],
        "classification_report": "              precision    recall  f1-score   support\n\n     00 - 04       0.95      0.06      0.12      7300\n     05 - 10       0.00      0.00      0.00      2914\n     11 - 20       0.04      1.00      0.07       390\n\n    accuracy                           0.08     10604\n   macro avg       0.33      0.35      0.06     10604\nweighted avg       0.66      0.08      0.08     10604\n",
        "feature_importances": {
            "time_in_month": 0.05819398388227511,
            "time_in_hour": 0.06813884110324916,
            "time_in_weekday": 0.06355281035574815,
            "requires_power": 0.00015632030613850286,
            "time_in_business_day": 0.0008960942677884484,
            "time_in_week_of_year": 0.08089279713597188,
            "time_in_week_of_month": 0.016642257104577306,
            "nominal_length_NOM20": 0.005732660380751078,
            "nominal_length_NOM40": 0.0022509749943574278,
            "nominal_length_NOM45": 0.0,
            "freight_kind_FCL": 0.005900459097373556,
            "freight_kind_MTY": 0.007230289241642987,
            "category_EXPRT": 0.1742184589499774,
            "category_IMPRT": 0.33592279288501153,
            "category_STRGE": 0.08657691963133708,
            "category_THRGH": 0.008112374324584884,
            "category_TRSHP": 0.08558196633921554
        },
        "elapsed_time_minutes": null
    },
    "dataset_name": "subset_base.csv"
}