{
    "model_type": "GradientBoosting",
    "bins": [
        0,
        6,
        10,
        21
    ],
    "scaled": true,
    "tuned": false,
    "stratified_split_testing": true,
    "week": 1,
    "month": 3,
    "metrics": {
        "accuracy": 0.04061895551257253,
        "precision": 0.3465087139765349,
        "recall": 0.33381712626995647,
        "f1_score": 0.026315003795494323,
        "matthews_corrcoef": 0.010268957788718475,
        "cohen_kappa_score": 0.00030297590324446233,
        "roc_auc_score": 0.6597941671088278,
        "log_loss": 3.5137848954593305,
        "confusion_matrix": [
            [
                10,
                0,
                6880
            ],
            [
                0,
                0,
                1552
            ],
            [
                0,
                0,
                347
            ]
        ],
        "classification_report": "              precision    recall  f1-score   support\n\n     00 - 05       1.00      0.00      0.00      6890\n     06 - 09       0.00      0.00      0.00      1552\n     10 - 20       0.04      1.00      0.08       347\n\n    accuracy                           0.04      8789\n   macro avg       0.35      0.33      0.03      8789\nweighted avg       0.79      0.04      0.01      8789\n",
        "feature_importances": {
            "time_in_month": 0.0620476592988916,
            "time_in_hour": 0.054264674004389314,
            "time_in_weekday": 0.07167292555139104,
            "requires_power": 9.777894455596798e-05,
            "time_in_business_day": 0.00133031922153806,
            "time_in_week_of_year": 0.075723354458155,
            "time_in_week_of_month": 0.02597074945725202,
            "nominal_length_NOM20": 0.0013631012625701662,
            "nominal_length_NOM40": 0.005561916023363525,
            "nominal_length_NOM45": 0.0,
            "freight_kind_FCL": 0.005095503507882928,
            "freight_kind_MTY": 0.0038460801303748767,
            "category_EXPRT": 0.23028484776589542,
            "category_IMPRT": 0.3965936494502884,
            "category_STRGE": 0.02312960948808367,
            "category_THRGH": 0.009389576644138819,
            "category_TRSHP": 0.03362825479122923
        },
        "elapsed_time_minutes": null
    },
    "dataset_name": "subset_base.csv"
}