{
    "model_type": "GradientBoosting",
    "bins": [
        0,
        5,
        9,
        21
    ],
    "scaled": true,
    "tuned": false,
    "stratified_split_testing": true,
    "week": 2,
    "month": 2,
    "metrics": {
        "accuracy": 0.06765676567656766,
        "precision": 0.354888773926539,
        "recall": 0.33493564893781985,
        "f1_score": 0.04368168784268558,
        "matthews_corrcoef": 0.02307471024163001,
        "cohen_kappa_score": 0.0013675451743810907,
        "roc_auc_score": 0.5270165053721719,
        "log_loss": 3.1644101216453473,
        "confusion_matrix": [
            [
                31,
                0,
                6418
            ],
            [
                0,
                0,
                2622
            ],
            [
                0,
                0,
                625
            ]
        ],
        "classification_report": "              precision    recall  f1-score   support\n\n     00 - 04       1.00      0.00      0.01      6449\n     05 - 08       0.00      0.00      0.00      2622\n     09 - 20       0.06      1.00      0.12       625\n\n    accuracy                           0.07      9696\n   macro avg       0.35      0.33      0.04      9696\nweighted avg       0.67      0.07      0.01      9696\n",
        "feature_importances": {
            "time_in_month": 0.037989874516398126,
            "time_in_hour": 0.04809263559493734,
            "time_in_weekday": 0.08885948908751408,
            "requires_power": 0.0001666335735542765,
            "time_in_business_day": 0.0012043252297322382,
            "time_in_week_of_year": 0.06970398902789324,
            "time_in_week_of_month": 0.020590943422338623,
            "nominal_length_NOM20": 0.004936243487139912,
            "nominal_length_NOM40": 0.0025966447397547166,
            "nominal_length_NOM45": 0.0,
            "freight_kind_FCL": 0.004461190908528187,
            "freight_kind_MTY": 0.0029408847837272007,
            "category_EXPRT": 0.16396841418828623,
            "category_IMPRT": 0.5297098555828961,
            "category_STRGE": 0.002307759266314358,
            "category_THRGH": 0.012838451000243188,
            "category_TRSHP": 0.009632665590742188
        },
        "elapsed_time_minutes": null
    },
    "dataset_name": "subset_base.csv"
}