{
    "model_type": "KNN",
    "bins": [
        0,
        5,
        9,
        21
    ],
    "scaled": false,
    "tuned": false,
    "stratified_split_testing": true,
    "week": 2,
    "month": 1,
    "metrics": {
        "accuracy": 0.33091450367476044,
        "precision": 0.4011907251204237,
        "recall": 0.3755449272621758,
        "f1_score": 0.28258337461379607,
        "matthews_corrcoef": 0.11061630353828163,
        "cohen_kappa_score": 0.07760543643216655,
        "roc_auc_score": 0.563351460124004,
        "log_loss": 18.482575755402006,
        "confusion_matrix": [
            [
                2407,
                2229,
                3296
            ],
            [
                268,
                1044,
                1250
            ],
            [
                104,
                45,
                106
            ]
        ],
        "classification_report": "              precision    recall  f1-score   support\n\n     00 - 04       0.87      0.30      0.45      7932\n     05 - 08       0.31      0.41      0.36      2562\n     09 - 20       0.02      0.42      0.04       255\n\n    accuracy                           0.33     10749\n   macro avg       0.40      0.38      0.28     10749\nweighted avg       0.71      0.33      0.42     10749\n",
        "feature_importances": null,
        "elapsed_time_minutes": null
    },
    "dataset_name": "subset_base.csv"
}