{
    "model_type": "KNN",
    "bins": [
        0,
        4,
        10,
        21
    ],
    "scaled": false,
    "tuned": false,
    "stratified_split_testing": true,
    "week": 3,
    "month": 2,
    "metrics": {
        "accuracy": 0.5782876976475125,
        "precision": 0.4517122666668932,
        "recall": 0.44724919841633654,
        "f1_score": 0.4158022152626924,
        "matthews_corrcoef": 0.2944535388232848,
        "cohen_kappa_score": 0.25641879702154013,
        "roc_auc_score": 0.6233645263614913,
        "log_loss": 11.066843813600661,
        "confusion_matrix": [
            [
                3152,
                3233,
                116
            ],
            [
                511,
                2827,
                187
            ],
            [
                43,
                284,
                19
            ]
        ],
        "classification_report": "              precision    recall  f1-score   support\n\n     00 - 03       0.85      0.48      0.62      6501\n     04 - 09       0.45      0.80      0.57      3525\n     10 - 20       0.06      0.05      0.06       346\n\n    accuracy                           0.58     10372\n   macro avg       0.45      0.45      0.42     10372\nweighted avg       0.69      0.58      0.58     10372\n",
        "feature_importances": null,
        "elapsed_time_minutes": null
    },
    "dataset_name": "subset_base.csv"
}