{
    "model_type": "KNN",
    "bins": [
        0,
        4,
        10,
        21
    ],
    "scaled": false,
    "tuned": false,
    "stratified_split_testing": true,
    "week": 1,
    "month": 3,
    "metrics": {
        "accuracy": 0.6786892706792582,
        "precision": 0.5053176076857578,
        "recall": 0.5203028982112741,
        "f1_score": 0.5076069036664994,
        "matthews_corrcoef": 0.4058306252021749,
        "cohen_kappa_score": 0.4024637426037839,
        "roc_auc_score": 0.6992199615721404,
        "log_loss": 6.086366145870981,
        "confusion_matrix": [
            [
                3688,
                1202,
                344
            ],
            [
                760,
                2220,
                228
            ],
            [
                149,
                141,
                57
            ]
        ],
        "classification_report": "              precision    recall  f1-score   support\n\n     00 - 03       0.80      0.70      0.75      5234\n     04 - 09       0.62      0.69      0.66      3208\n     10 - 20       0.09      0.16      0.12       347\n\n    accuracy                           0.68      8789\n   macro avg       0.51      0.52      0.51      8789\nweighted avg       0.71      0.68      0.69      8789\n",
        "feature_importances": null,
        "elapsed_time_minutes": null
    },
    "dataset_name": "subset_base.csv"
}