{
    "model_type": "KNN",
    "bins": [
        0,
        5,
        11,
        21
    ],
    "scaled": true,
    "tuned": false,
    "stratified_split_testing": false,
    "week": 2,
    "month": 1,
    "metrics": {
        "accuracy": 0.2845846125220951,
        "precision": 0.4087689406720946,
        "recall": 0.4900800674433518,
        "f1_score": 0.2588491071363594,
        "matthews_corrcoef": 0.1480371212089353,
        "cohen_kappa_score": 0.0917876993820923,
        "roc_auc_score": 0.6157911065209577,
        "log_loss": 23.185573433852618,
        "confusion_matrix": [
            [
                1171,
                2906,
                3855
            ],
            [
                219,
                1789,
                657
            ],
            [
                28,
                25,
                99
            ]
        ],
        "classification_report": "              precision    recall  f1-score   support\n\n     00 - 04       0.83      0.15      0.25      7932\n     05 - 10       0.38      0.67      0.48      2665\n     11 - 20       0.02      0.65      0.04       152\n\n    accuracy                           0.28     10749\n   macro avg       0.41      0.49      0.26     10749\nweighted avg       0.70      0.28      0.31     10749\n",
        "feature_importances": null,
        "elapsed_time_minutes": null
    },
    "dataset_name": "subset_base.csv"
}