{
    "model_type": "KNN",
    "bins": [
        0,
        5,
        12,
        21
    ],
    "scaled": false,
    "tuned": false,
    "stratified_split_testing": false,
    "week": 1,
    "month": 3,
    "metrics": {
        "accuracy": 0.7006485379451587,
        "precision": 0.46633240763315514,
        "recall": 0.487211853016126,
        "f1_score": 0.4681570617085145,
        "matthews_corrcoef": 0.3701799021710882,
        "cohen_kappa_score": 0.36186784440905306,
        "roc_auc_score": 0.6769407702816758,
        "log_loss": 5.862587361223872,
        "confusion_matrix": [
            [
                4552,
                1372,
                360
            ],
            [
                743,
                1598,
                46
            ],
            [
                86,
                24,
                8
            ]
        ],
        "classification_report": "              precision    recall  f1-score   support\n\n     00 - 04       0.85      0.72      0.78      6284\n     05 - 11       0.53      0.67      0.59      2387\n     12 - 20       0.02      0.07      0.03       118\n\n    accuracy                           0.70      8789\n   macro avg       0.47      0.49      0.47      8789\nweighted avg       0.75      0.70      0.72      8789\n",
        "feature_importances": null,
        "elapsed_time_minutes": null
    },
    "dataset_name": "subset_base.csv"
}