{
    "model_type": "KNN",
    "bins": [
        0,
        3,
        10,
        21
    ],
    "scaled": true,
    "tuned": false,
    "stratified_split_testing": true,
    "week": 1,
    "month": 1,
    "metrics": {
        "accuracy": 0.3229583975346687,
        "precision": 0.45548020492265967,
        "recall": 0.39363619470252725,
        "f1_score": 0.2972815821953504,
        "matthews_corrcoef": 0.15088361445130077,
        "cohen_kappa_score": 0.10900448168209309,
        "roc_auc_score": 0.5599879514341626,
        "log_loss": 19.9280893449138,
        "confusion_matrix": [
            [
                694,
                404,
                1538
            ],
            [
                446,
                1320,
                1942
            ],
            [
                38,
                26,
                82
            ]
        ],
        "classification_report": "              precision    recall  f1-score   support\n\n     00 - 02       0.59      0.26      0.36      2636\n     03 - 09       0.75      0.36      0.48      3708\n     10 - 20       0.02      0.56      0.04       146\n\n    accuracy                           0.32      6490\n   macro avg       0.46      0.39      0.30      6490\nweighted avg       0.67      0.32      0.43      6490\n",
        "feature_importances": null,
        "elapsed_time_minutes": null
    },
    "dataset_name": "subset_base.csv"
}