{
    "model_type": "KNN",
    "bins": [
        0,
        3,
        12,
        21
    ],
    "scaled": true,
    "tuned": false,
    "stratified_split_testing": true,
    "week": 3,
    "month": 2,
    "metrics": {
        "accuracy": 0.564789818742769,
        "precision": 0.4516483944662335,
        "recall": 0.4284223152009882,
        "f1_score": 0.390760993785159,
        "matthews_corrcoef": 0.22838660642089392,
        "cohen_kappa_score": 0.20095852465981479,
        "roc_auc_score": 0.607603998153436,
        "log_loss": 11.066116081726632,
        "confusion_matrix": [
            [
                1663,
                3054,
                368
            ],
            [
                520,
                4172,
                436
            ],
            [
                5,
                131,
                23
            ]
        ],
        "classification_report": "              precision    recall  f1-score   support\n\n     00 - 02       0.76      0.33      0.46      5085\n     03 - 11       0.57      0.81      0.67      5128\n     12 - 20       0.03      0.14      0.05       159\n\n    accuracy                           0.56     10372\n   macro avg       0.45      0.43      0.39     10372\nweighted avg       0.65      0.56      0.56     10372\n",
        "feature_importances": null,
        "elapsed_time_minutes": null
    },
    "dataset_name": "subset_base.csv"
}