{
    "model_type": "KNN",
    "bins": [
        0,
        5,
        9,
        21
    ],
    "scaled": false,
    "tuned": false,
    "stratified_split_testing": false,
    "week": 4,
    "month": 1,
    "metrics": {
        "accuracy": 0.6747428131910393,
        "precision": 0.5273409837294994,
        "recall": 0.4944472040269601,
        "f1_score": 0.5048457834225101,
        "matthews_corrcoef": 0.3292927766923521,
        "cohen_kappa_score": 0.32738142856839736,
        "roc_auc_score": 0.6895691881795073,
        "log_loss": 6.1832216215428275,
        "confusion_matrix": [
            [
                5279,
                1050,
                227
            ],
            [
                1423,
                1625,
                73
            ],
            [
                401,
                209,
                114
            ]
        ],
        "classification_report": "              precision    recall  f1-score   support\n\n     00 - 04       0.74      0.81      0.77      6556\n     05 - 08       0.56      0.52      0.54      3121\n     09 - 20       0.28      0.16      0.20       724\n\n    accuracy                           0.67     10401\n   macro avg       0.53      0.49      0.50     10401\nweighted avg       0.66      0.67      0.66     10401\n",
        "feature_importances": null,
        "elapsed_time_minutes": null
    },
    "dataset_name": "subset_base.csv"
}