{
    "model_type": "KNN",
    "bins": [
        0,
        3,
        9,
        21
    ],
    "scaled": true,
    "tuned": false,
    "stratified_split_testing": false,
    "week": 1,
    "month": 2,
    "metrics": {
        "accuracy": 0.4401821862348178,
        "precision": 0.4545876955932762,
        "recall": 0.374948682243224,
        "f1_score": 0.3618720428646928,
        "matthews_corrcoef": 0.19622074881332552,
        "cohen_kappa_score": 0.1659321842204995,
        "roc_auc_score": 0.5660102902561273,
        "log_loss": 12.548498952191292,
        "confusion_matrix": [
            [
                1621,
                815,
                1284
            ],
            [
                1035,
                2693,
                2287
            ],
            [
                30,
                80,
                35
            ]
        ],
        "classification_report": "              precision    recall  f1-score   support\n\n     00 - 02       0.60      0.44      0.51      3720\n     03 - 08       0.75      0.45      0.56      6015\n     09 - 20       0.01      0.24      0.02       145\n\n    accuracy                           0.44      9880\n   macro avg       0.45      0.37      0.36      9880\nweighted avg       0.68      0.44      0.53      9880\n",
        "feature_importances": null,
        "elapsed_time_minutes": null
    },
    "dataset_name": "subset_base.csv"
}