{
    "model_type": "KNN",
    "bins": [
        0,
        3,
        9,
        21
    ],
    "scaled": true,
    "tuned": false,
    "stratified_split_testing": false,
    "week": 3,
    "month": 2,
    "metrics": {
        "accuracy": 0.5043386039336676,
        "precision": 0.4384678055872875,
        "recall": 0.4015767947442333,
        "f1_score": 0.37833862983380556,
        "matthews_corrcoef": 0.17578773538928852,
        "cohen_kappa_score": 0.15667607043480702,
        "roc_auc_score": 0.5793205447939699,
        "log_loss": 13.111275905189103,
        "confusion_matrix": [
            [
                1606,
                2891,
                588
            ],
            [
                525,
                3549,
                678
            ],
            [
                34,
                425,
                76
            ]
        ],
        "classification_report": "              precision    recall  f1-score   support\n\n     00 - 02       0.74      0.32      0.44      5085\n     03 - 08       0.52      0.75      0.61      4752\n     09 - 20       0.06      0.14      0.08       535\n\n    accuracy                           0.50     10372\n   macro avg       0.44      0.40      0.38     10372\nweighted avg       0.60      0.50      0.50     10372\n",
        "feature_importances": null,
        "elapsed_time_minutes": null
    },
    "dataset_name": "subset_base.csv"
}