{
    "model_type": "KNN",
    "bins": [
        0,
        3,
        11,
        21
    ],
    "scaled": false,
    "tuned": false,
    "stratified_split_testing": true,
    "week": 2,
    "month": 3,
    "metrics": {
        "accuracy": 0.6085382598926476,
        "precision": 0.46361193943671547,
        "recall": 0.5013825557530635,
        "f1_score": 0.42181102776557683,
        "matthews_corrcoef": 0.2595813963513551,
        "cohen_kappa_score": 0.2469596318142333,
        "roc_auc_score": 0.691270492996543,
        "log_loss": 5.329267107808259,
        "confusion_matrix": [
            [
                1397,
                1820,
                203
            ],
            [
                548,
                3461,
                531
            ],
            [
                5,
                29,
                17
            ]
        ],
        "classification_report": "              precision    recall  f1-score   support\n\n     00 - 02       0.72      0.41      0.52      3420\n     03 - 10       0.65      0.76      0.70      4540\n     11 - 20       0.02      0.33      0.04        51\n\n    accuracy                           0.61      8011\n   macro avg       0.46      0.50      0.42      8011\nweighted avg       0.68      0.61      0.62      8011\n",
        "feature_importances": null,
        "elapsed_time_minutes": null
    },
    "dataset_name": "subset_base.csv"
}