{
    "model_type": "KNN",
    "bins": [
        0,
        3,
        10,
        21
    ],
    "scaled": true,
    "tuned": false,
    "stratified_split_testing": false,
    "week": 1,
    "month": 3,
    "metrics": {
        "accuracy": 0.623279098873592,
        "precision": 0.51221976715817,
        "recall": 0.5458903882415918,
        "f1_score": 0.49926630465868344,
        "matthews_corrcoef": 0.36723483567760706,
        "cohen_kappa_score": 0.35974682122837154,
        "roc_auc_score": 0.6957307727280279,
        "log_loss": 7.474470756489863,
        "confusion_matrix": [
            [
                2491,
                917,
                619
            ],
            [
                919,
                2858,
                638
            ],
            [
                121,
                97,
                129
            ]
        ],
        "classification_report": "              precision    recall  f1-score   support\n\n     00 - 02       0.71      0.62      0.66      4027\n     03 - 09       0.74      0.65      0.69      4415\n     10 - 20       0.09      0.37      0.15       347\n\n    accuracy                           0.62      8789\n   macro avg       0.51      0.55      0.50      8789\nweighted avg       0.70      0.62      0.65      8789\n",
        "feature_importances": null,
        "elapsed_time_minutes": null
    },
    "dataset_name": "subset_base.csv"
}