{
    "model_type": "KNN",
    "bins": [
        0,
        3,
        11,
        21
    ],
    "scaled": false,
    "tuned": false,
    "stratified_split_testing": true,
    "week": 4,
    "month": 2,
    "metrics": {
        "accuracy": 0.6986986043002641,
        "precision": 0.4736603730103799,
        "recall": 0.48457156167847987,
        "f1_score": 0.4781618099920843,
        "matthews_corrcoef": 0.4229027007118346,
        "cohen_kappa_score": 0.4222868055656447,
        "roc_auc_score": 0.6731845586260782,
        "log_loss": 4.8356310469707235,
        "confusion_matrix": [
            [
                3604,
                1299,
                11
            ],
            [
                1416,
                3804,
                80
            ],
            [
                30,
                359,
                1
            ]
        ],
        "classification_report": "              precision    recall  f1-score   support\n\n     00 - 02       0.71      0.73      0.72      4914\n     03 - 10       0.70      0.72      0.71      5300\n     11 - 20       0.01      0.00      0.00       390\n\n    accuracy                           0.70     10604\n   macro avg       0.47      0.48      0.48     10604\nweighted avg       0.68      0.70      0.69     10604\n",
        "feature_importances": null,
        "elapsed_time_minutes": null
    },
    "dataset_name": "subset_base.csv"
}