{
    "model_type": "KNN",
    "bins": [
        0,
        4,
        11,
        21
    ],
    "scaled": true,
    "tuned": false,
    "stratified_split_testing": false,
    "week": 2,
    "month": 3,
    "metrics": {
        "accuracy": 0.4654849581824991,
        "precision": 0.47644092613717026,
        "recall": 0.4630679339156405,
        "f1_score": 0.37681040093626583,
        "matthews_corrcoef": 0.25178573961256645,
        "cohen_kappa_score": 0.21060616489369433,
        "roc_auc_score": 0.6456541597972538,
        "log_loss": 13.579909063816498,
        "confusion_matrix": [
            [
                1755,
                1269,
                1722
            ],
            [
                376,
                1953,
                885
            ],
            [
                14,
                16,
                21
            ]
        ],
        "classification_report": "              precision    recall  f1-score   support\n\n     00 - 03       0.82      0.37      0.51      4746\n     04 - 10       0.60      0.61      0.61      3214\n     11 - 20       0.01      0.41      0.02        51\n\n    accuracy                           0.47      8011\n   macro avg       0.48      0.46      0.38      8011\nweighted avg       0.73      0.47      0.54      8011\n",
        "feature_importances": null,
        "elapsed_time_minutes": null
    },
    "dataset_name": "subset_base.csv"
}