{
    "model_type": "KNN",
    "bins": [
        0,
        4,
        10,
        21
    ],
    "scaled": true,
    "tuned": false,
    "stratified_split_testing": true,
    "week": 3,
    "month": 2,
    "metrics": {
        "accuracy": 0.5493636714230621,
        "precision": 0.45591489397444634,
        "recall": 0.4454774211344759,
        "f1_score": 0.4097783409895521,
        "matthews_corrcoef": 0.2854113132997207,
        "cohen_kappa_score": 0.25084155046859635,
        "roc_auc_score": 0.6219129205264445,
        "log_loss": 12.563509591333792,
        "confusion_matrix": [
            [
                2939,
                2775,
                787
            ],
            [
                429,
                2720,
                376
            ],
            [
                35,
                272,
                39
            ]
        ],
        "classification_report": "              precision    recall  f1-score   support\n\n     00 - 03       0.86      0.45      0.59      6501\n     04 - 09       0.47      0.77      0.59      3525\n     10 - 20       0.03      0.11      0.05       346\n\n    accuracy                           0.55     10372\n   macro avg       0.46      0.45      0.41     10372\nweighted avg       0.70      0.55      0.57     10372\n",
        "feature_importances": null,
        "elapsed_time_minutes": null
    },
    "dataset_name": "subset_base.csv"
}