{
    "model_type": "KNN",
    "bins": [
        0,
        3,
        9,
        21
    ],
    "scaled": false,
    "tuned": false,
    "stratified_split_testing": true,
    "week": 1,
    "month": 1,
    "metrics": {
        "accuracy": 0.4385208012326656,
        "precision": 0.4492854406710347,
        "recall": 0.44160147645903686,
        "f1_score": 0.379268129055845,
        "matthews_corrcoef": 0.1823240325795395,
        "cohen_kappa_score": 0.16122885769729234,
        "roc_auc_score": 0.632077471212909,
        "log_loss": 10.112717809064995,
        "confusion_matrix": [
            [
                1068,
                687,
                881
            ],
            [
                614,
                1647,
                1307
            ],
            [
                57,
                98,
                131
            ]
        ],
        "classification_report": "              precision    recall  f1-score   support\n\n     00 - 02       0.61      0.41      0.49      2636\n     03 - 08       0.68      0.46      0.55      3568\n     09 - 20       0.06      0.46      0.10       286\n\n    accuracy                           0.44      6490\n   macro avg       0.45      0.44      0.38      6490\nweighted avg       0.62      0.44      0.50      6490\n",
        "feature_importances": null,
        "elapsed_time_minutes": null
    },
    "dataset_name": "subset_base.csv"
}