{
    "model_type": "KNN",
    "bins": [
        0,
        4,
        10,
        21
    ],
    "scaled": false,
    "tuned": false,
    "stratified_split_testing": false,
    "week": 4,
    "month": 1,
    "metrics": {
        "accuracy": 0.6658975098548217,
        "precision": 0.5812132124424335,
        "recall": 0.5053387904407923,
        "f1_score": 0.520703779170485,
        "matthews_corrcoef": 0.3679505150364353,
        "cohen_kappa_score": 0.36469530805623895,
        "roc_auc_score": 0.6958164290136769,
        "log_loss": 6.316483883782215,
        "confusion_matrix": [
            [
                4059,
                1174,
                52
            ],
            [
                1756,
                2795,
                55
            ],
            [
                246,
                192,
                72
            ]
        ],
        "classification_report": "              precision    recall  f1-score   support\n\n     00 - 03       0.67      0.77      0.72      5285\n     04 - 09       0.67      0.61      0.64      4606\n     10 - 20       0.40      0.14      0.21       510\n\n    accuracy                           0.67     10401\n   macro avg       0.58      0.51      0.52     10401\nweighted avg       0.66      0.67      0.66     10401\n",
        "feature_importances": null,
        "elapsed_time_minutes": null
    },
    "dataset_name": "subset_base.csv"
}