{
    "model_type": "KNN",
    "bins": [
        0,
        5,
        12,
        21
    ],
    "scaled": true,
    "tuned": false,
    "stratified_split_testing": false,
    "week": 3,
    "month": 1,
    "metrics": {
        "accuracy": 0.5203263274336283,
        "precision": 0.43264348787245205,
        "recall": 0.43349394796638796,
        "f1_score": 0.3756398153356159,
        "matthews_corrcoef": 0.23666088519572095,
        "cohen_kappa_score": 0.192216160076369,
        "roc_auc_score": 0.6180089494042101,
        "log_loss": 13.543773520807498,
        "confusion_matrix": [
            [
                1739,
                2585,
                314
            ],
            [
                317,
                2010,
                141
            ],
            [
                15,
                97,
                14
            ]
        ],
        "classification_report": "              precision    recall  f1-score   support\n\n     00 - 04       0.84      0.37      0.52      4638\n     05 - 11       0.43      0.81      0.56      2468\n     12 - 20       0.03      0.11      0.05       126\n\n    accuracy                           0.52      7232\n   macro avg       0.43      0.43      0.38      7232\nweighted avg       0.69      0.52      0.52      7232\n",
        "feature_importances": null,
        "elapsed_time_minutes": null
    },
    "dataset_name": "subset_base.csv"
}