{
    "model_type": "KNN",
    "bins": [
        0,
        5,
        10,
        21
    ],
    "scaled": false,
    "tuned": false,
    "stratified_split_testing": false,
    "week": 2,
    "month": 2,
    "metrics": {
        "accuracy": 0.4936056105610561,
        "precision": 0.47004860003588905,
        "recall": 0.43468742393195575,
        "f1_score": 0.4011991557408525,
        "matthews_corrcoef": 0.24785518681820065,
        "cohen_kappa_score": 0.2143273447267301,
        "roc_auc_score": 0.6337547457784186,
        "log_loss": 11.511179955590768,
        "confusion_matrix": [
            [
                3297,
                1165,
                1987
            ],
            [
                415,
                1362,
                1065
            ],
            [
                61,
                217,
                127
            ]
        ],
        "classification_report": "              precision    recall  f1-score   support\n\n     00 - 04       0.87      0.51      0.65      6449\n     05 - 09       0.50      0.48      0.49      2842\n     10 - 20       0.04      0.31      0.07       405\n\n    accuracy                           0.49      9696\n   macro avg       0.47      0.43      0.40      9696\nweighted avg       0.73      0.49      0.57      9696\n",
        "feature_importances": null,
        "elapsed_time_minutes": null
    },
    "dataset_name": "subset_base.csv"
}