{
    "model_type": "KNN",
    "bins": [
        0,
        4,
        11,
        21
    ],
    "scaled": false,
    "tuned": false,
    "stratified_split_testing": true,
    "week": 4,
    "month": 2,
    "metrics": {
        "accuracy": 0.749622783855149,
        "precision": 0.49836851245900227,
        "recall": 0.506524681399584,
        "f1_score": 0.5012700913257145,
        "matthews_corrcoef": 0.49472055986854885,
        "cohen_kappa_score": 0.4931601987161446,
        "roc_auc_score": 0.6898926441528994,
        "log_loss": 4.906419283122556,
        "confusion_matrix": [
            [
                5287,
                924,
                33
            ],
            [
                1251,
                2661,
                58
            ],
            [
                115,
                274,
                1
            ]
        ],
        "classification_report": "              precision    recall  f1-score   support\n\n     00 - 03       0.79      0.85      0.82      6244\n     04 - 10       0.69      0.67      0.68      3970\n     11 - 20       0.01      0.00      0.00       390\n\n    accuracy                           0.75     10604\n   macro avg       0.50      0.51      0.50     10604\nweighted avg       0.73      0.75      0.74     10604\n",
        "feature_importances": null,
        "elapsed_time_minutes": null
    },
    "dataset_name": "subset_base.csv"
}