{
    "model_type": "KNN",
    "bins": [
        0,
        4,
        11,
        21
    ],
    "scaled": false,
    "tuned": false,
    "stratified_split_testing": false,
    "week": 1,
    "month": 1,
    "metrics": {
        "accuracy": 0.5130970724191063,
        "precision": 0.44424907228778393,
        "recall": 0.4223588796408107,
        "f1_score": 0.3986357263534473,
        "matthews_corrcoef": 0.22500606250730895,
        "cohen_kappa_score": 0.20871840423823584,
        "roc_auc_score": 0.6154487306938655,
        "log_loss": 10.106086213165133,
        "confusion_matrix": [
            [
                1844,
                982,
                971
            ],
            [
                630,
                1458,
                473
            ],
            [
                80,
                24,
                28
            ]
        ],
        "classification_report": "              precision    recall  f1-score   support\n\n     00 - 03       0.72      0.49      0.58      3797\n     04 - 10       0.59      0.57      0.58      2561\n     11 - 20       0.02      0.21      0.03       132\n\n    accuracy                           0.51      6490\n   macro avg       0.44      0.42      0.40      6490\nweighted avg       0.66      0.51      0.57      6490\n",
        "feature_importances": null,
        "elapsed_time_minutes": null
    },
    "dataset_name": "subset_base.csv"
}