{
    "model_type": "KNN",
    "bins": [
        0,
        4,
        9,
        21
    ],
    "scaled": true,
    "tuned": false,
    "stratified_split_testing": false,
    "week": 1,
    "month": 3,
    "metrics": {
        "accuracy": 0.5973375810672431,
        "precision": 0.4852324973719595,
        "recall": 0.49339732020507016,
        "f1_score": 0.47394791077605997,
        "matthews_corrcoef": 0.31323921967394486,
        "cohen_kappa_score": 0.30648123138821115,
        "roc_auc_score": 0.6698366622282167,
        "log_loss": 8.432572381522434,
        "confusion_matrix": [
            [
                3492,
                1016,
                726
            ],
            [
                743,
                1601,
                645
            ],
            [
                143,
                266,
                157
            ]
        ],
        "classification_report": "              precision    recall  f1-score   support\n\n     00 - 03       0.80      0.67      0.73      5234\n     04 - 08       0.56      0.54      0.55      2989\n     09 - 20       0.10      0.28      0.15       566\n\n    accuracy                           0.60      8789\n   macro avg       0.49      0.49      0.47      8789\nweighted avg       0.67      0.60      0.63      8789\n",
        "feature_importances": null,
        "elapsed_time_minutes": null
    },
    "dataset_name": "subset_base.csv"
}