{
    "model_type": "KNN",
    "bins": [
        0,
        4,
        12,
        21
    ],
    "scaled": true,
    "tuned": false,
    "stratified_split_testing": false,
    "week": 4,
    "month": 2,
    "metrics": {
        "accuracy": 0.7597133157299132,
        "precision": 0.5189808180762644,
        "recall": 0.5145603213624222,
        "f1_score": 0.5163617536814422,
        "matthews_corrcoef": 0.5176104018585754,
        "cohen_kappa_score": 0.5169477309185492,
        "roc_auc_score": 0.7008710090529909,
        "log_loss": 4.665200321643084,
        "confusion_matrix": [
            [
                5265,
                900,
                79
            ],
            [
                1171,
                2785,
                173
            ],
            [
                57,
                168,
                6
            ]
        ],
        "classification_report": "              precision    recall  f1-score   support\n\n     00 - 03       0.81      0.84      0.83      6244\n     04 - 11       0.72      0.67      0.70      4129\n     12 - 20       0.02      0.03      0.02       231\n\n    accuracy                           0.76     10604\n   macro avg       0.52      0.51      0.52     10604\nweighted avg       0.76      0.76      0.76     10604\n",
        "feature_importances": null,
        "elapsed_time_minutes": null
    },
    "dataset_name": "subset_base.csv"
}