{
    "model_type": "KNN",
    "bins": [
        0,
        6,
        12,
        21
    ],
    "scaled": true,
    "tuned": false,
    "stratified_split_testing": false,
    "week": 4,
    "month": 1,
    "metrics": {
        "accuracy": 0.6925295644649553,
        "precision": 0.513230160597426,
        "recall": 0.45781987877633745,
        "f1_score": 0.46151302990918425,
        "matthews_corrcoef": 0.2789584217125416,
        "cohen_kappa_score": 0.27779120090886655,
        "roc_auc_score": 0.6473107637124428,
        "log_loss": 5.7925806492773235,
        "confusion_matrix": [
            [
                5808,
                1625,
                49
            ],
            [
                1231,
                1373,
                4
            ],
            [
                177,
                112,
                22
            ]
        ],
        "classification_report": "              precision    recall  f1-score   support\n\n     00 - 05       0.80      0.78      0.79      7482\n     06 - 11       0.44      0.53      0.48      2608\n     12 - 20       0.29      0.07      0.11       311\n\n    accuracy                           0.69     10401\n   macro avg       0.51      0.46      0.46     10401\nweighted avg       0.70      0.69      0.69     10401\n",
        "feature_importances": null,
        "elapsed_time_minutes": null
    },
    "dataset_name": "subset_base.csv"
}