{
    "model_type": "KNN",
    "bins": [
        0,
        4,
        10,
        21
    ],
    "scaled": true,
    "tuned": false,
    "stratified_split_testing": true,
    "week": 1,
    "month": 3,
    "metrics": {
        "accuracy": 0.6222550915917624,
        "precision": 0.5016413422430424,
        "recall": 0.5230392385599925,
        "f1_score": 0.48617130230004363,
        "matthews_corrcoef": 0.35724062017795966,
        "cohen_kappa_score": 0.3465852300595049,
        "roc_auc_score": 0.6836631946458164,
        "log_loss": 8.455139415819215,
        "confusion_matrix": [
            [
                3361,
                1097,
                776
            ],
            [
                674,
                2003,
                531
            ],
            [
                128,
                114,
                105
            ]
        ],
        "classification_report": "              precision    recall  f1-score   support\n\n     00 - 03       0.81      0.64      0.72      5234\n     04 - 09       0.62      0.62      0.62      3208\n     10 - 20       0.07      0.30      0.12       347\n\n    accuracy                           0.62      8789\n   macro avg       0.50      0.52      0.49      8789\nweighted avg       0.71      0.62      0.66      8789\n",
        "feature_importances": null,
        "elapsed_time_minutes": null
    },
    "dataset_name": "subset_base.csv"
}