{
    "model_type": "KNN",
    "bins": [
        0,
        3,
        9,
        21
    ],
    "scaled": false,
    "tuned": false,
    "stratified_split_testing": false,
    "week": 3,
    "month": 1,
    "metrics": {
        "accuracy": 0.641316371681416,
        "precision": 0.4866218759556564,
        "recall": 0.4563011527772994,
        "f1_score": 0.46190454172743295,
        "matthews_corrcoef": 0.26318164853578174,
        "cohen_kappa_score": 0.25388518607283705,
        "roc_auc_score": 0.6272027321128778,
        "log_loss": 8.822069585165433,
        "confusion_matrix": [
            [
                1010,
                1407,
                65
            ],
            [
                577,
                3573,
                218
            ],
            [
                48,
                279,
                55
            ]
        ],
        "classification_report": "              precision    recall  f1-score   support\n\n     00 - 02       0.62      0.41      0.49      2482\n     03 - 08       0.68      0.82      0.74      4368\n     09 - 20       0.16      0.14      0.15       382\n\n    accuracy                           0.64      7232\n   macro avg       0.49      0.46      0.46      7232\nweighted avg       0.63      0.64      0.62      7232\n",
        "feature_importances": null,
        "elapsed_time_minutes": null
    },
    "dataset_name": "subset_base.csv"
}