{
    "model_type": "KNN",
    "bins": [
        0,
        5,
        10,
        21
    ],
    "scaled": true,
    "tuned": false,
    "stratified_split_testing": true,
    "week": 3,
    "month": 2,
    "metrics": {
        "accuracy": 0.5518704203625144,
        "precision": 0.4472449027213364,
        "recall": 0.46031014159460565,
        "f1_score": 0.40522776704182467,
        "matthews_corrcoef": 0.29529862736323664,
        "cohen_kappa_score": 0.24917462101343013,
        "roc_auc_score": 0.6390209973595199,
        "log_loss": 12.88495924875355,
        "confusion_matrix": [
            [
                3601,
                2825,
                944
            ],
            [
                303,
                2086,
                267
            ],
            [
                64,
                245,
                37
            ]
        ],
        "classification_report": "              precision    recall  f1-score   support\n\n     00 - 04       0.91      0.49      0.64      7370\n     05 - 09       0.40      0.79      0.53      2656\n     10 - 20       0.03      0.11      0.05       346\n\n    accuracy                           0.55     10372\n   macro avg       0.45      0.46      0.41     10372\nweighted avg       0.75      0.55      0.59     10372\n",
        "feature_importances": null,
        "elapsed_time_minutes": null
    },
    "dataset_name": "subset_base.csv"
}