{
    "model_type": "KNN",
    "bins": [
        0,
        6,
        11,
        21
    ],
    "scaled": true,
    "tuned": false,
    "stratified_split_testing": true,
    "week": 3,
    "month": 2,
    "metrics": {
        "accuracy": 0.5429039722329349,
        "precision": 0.4180039311730184,
        "recall": 0.4456536230213386,
        "f1_score": 0.38002108371208787,
        "matthews_corrcoef": 0.244796618834962,
        "cohen_kappa_score": 0.19962818108707392,
        "roc_auc_score": 0.6469615540105044,
        "log_loss": 11.57230901013573,
        "confusion_matrix": [
            [
                4006,
                3129,
                792
            ],
            [
                355,
                1599,
                226
            ],
            [
                81,
                158,
                26
            ]
        ],
        "classification_report": "              precision    recall  f1-score   support\n\n     00 - 05       0.90      0.51      0.65      7927\n     06 - 10       0.33      0.73      0.45      2180\n     11 - 20       0.02      0.10      0.04       265\n\n    accuracy                           0.54     10372\n   macro avg       0.42      0.45      0.38     10372\nweighted avg       0.76      0.54      0.59     10372\n",
        "feature_importances": null,
        "elapsed_time_minutes": null
    },
    "dataset_name": "subset_base.csv"
}