{
    "model_type": "KNN",
    "bins": [
        0,
        3,
        11,
        21
    ],
    "scaled": true,
    "tuned": false,
    "stratified_split_testing": true,
    "week": 1,
    "month": 3,
    "metrics": {
        "accuracy": 0.6153145977926954,
        "precision": 0.491114512873805,
        "recall": 0.4857223412331903,
        "f1_score": 0.46280073882305306,
        "matthews_corrcoef": 0.3487834071706521,
        "cohen_kappa_score": 0.3392384393778869,
        "roc_auc_score": 0.691430489262736,
        "log_loss": 7.521895552245782,
        "confusion_matrix": [
            [
                2457,
                889,
                681
            ],
            [
                1015,
                2912,
                650
            ],
            [
                47,
                99,
                39
            ]
        ],
        "classification_report": "              precision    recall  f1-score   support\n\n     00 - 02       0.70      0.61      0.65      4027\n     03 - 10       0.75      0.64      0.69      4577\n     11 - 20       0.03      0.21      0.05       185\n\n    accuracy                           0.62      8789\n   macro avg       0.49      0.49      0.46      8789\nweighted avg       0.71      0.62      0.66      8789\n",
        "feature_importances": null,
        "elapsed_time_minutes": null
    },
    "dataset_name": "subset_base.csv"
}