{
    "model_type": "KNN",
    "bins": [
        0,
        6,
        12,
        21
    ],
    "scaled": false,
    "tuned": false,
    "stratified_split_testing": true,
    "week": 4,
    "month": 2,
    "metrics": {
        "accuracy": 0.771501320256507,
        "precision": 0.45044187707219074,
        "recall": 0.44879688197397144,
        "f1_score": 0.4486536045146241,
        "matthews_corrcoef": 0.33773920999448365,
        "cohen_kappa_score": 0.33689249871325855,
        "roc_auc_score": 0.6823447440882061,
        "log_loss": 3.275389171339592,
        "confusion_matrix": [
            [
                7157,
                990,
                39
            ],
            [
                1131,
                1023,
                33
            ],
            [
                155,
                75,
                1
            ]
        ],
        "classification_report": "              precision    recall  f1-score   support\n\n     00 - 05       0.85      0.87      0.86      8186\n     06 - 11       0.49      0.47      0.48      2187\n     12 - 20       0.01      0.00      0.01       231\n\n    accuracy                           0.77     10604\n   macro avg       0.45      0.45      0.45     10604\nweighted avg       0.76      0.77      0.76     10604\n",
        "feature_importances": null,
        "elapsed_time_minutes": null
    },
    "dataset_name": "subset_base.csv"
}