{
    "model_type": "KNN",
    "bins": [
        0,
        3,
        12,
        21
    ],
    "scaled": false,
    "tuned": false,
    "stratified_split_testing": true,
    "week": 4,
    "month": 2,
    "metrics": {
        "accuracy": 0.715296114673708,
        "precision": 0.4845022868498395,
        "recall": 0.4889383320719951,
        "f1_score": 0.4858627738391839,
        "matthews_corrcoef": 0.44530140521580885,
        "cohen_kappa_score": 0.4450917305389007,
        "roc_auc_score": 0.6837194490797419,
        "log_loss": 4.261720168304929,
        "confusion_matrix": [
            [
                3604,
                1299,
                11
            ],
            [
                1418,
                3980,
                61
            ],
            [
                28,
                202,
                1
            ]
        ],
        "classification_report": "              precision    recall  f1-score   support\n\n     00 - 02       0.71      0.73      0.72      4914\n     03 - 11       0.73      0.73      0.73      5459\n     12 - 20       0.01      0.00      0.01       231\n\n    accuracy                           0.72     10604\n   macro avg       0.48      0.49      0.49     10604\nweighted avg       0.70      0.72      0.71     10604\n",
        "feature_importances": null,
        "elapsed_time_minutes": null
    },
    "dataset_name": "subset_base.csv"
}