{
    "model_type": "KNN",
    "bins": [
        0,
        5,
        10,
        21
    ],
    "scaled": true,
    "tuned": false,
    "stratified_split_testing": true,
    "week": 2,
    "month": 1,
    "metrics": {
        "accuracy": 0.2007628616615499,
        "precision": 0.39595417447318165,
        "recall": 0.38228493334438846,
        "f1_score": 0.20315704591152506,
        "matthews_corrcoef": 0.07568641872341922,
        "cohen_kappa_score": 0.04239350843996703,
        "roc_auc_score": 0.5561280657413495,
        "log_loss": 25.92910916715853,
        "confusion_matrix": [
            [
                987,
                2220,
                4725
            ],
            [
                132,
                1042,
                1436
            ],
            [
                40,
                38,
                129
            ]
        ],
        "classification_report": "              precision    recall  f1-score   support\n\n     00 - 04       0.85      0.12      0.22      7932\n     05 - 09       0.32      0.40      0.35      2610\n     10 - 20       0.02      0.62      0.04       207\n\n    accuracy                           0.20     10749\n   macro avg       0.40      0.38      0.20     10749\nweighted avg       0.71      0.20      0.25     10749\n",
        "feature_importances": null,
        "elapsed_time_minutes": null
    },
    "dataset_name": "subset_base.csv"
}