{
    "model_type": "KNN",
    "bins": [
        0,
        3,
        10,
        21
    ],
    "scaled": true,
    "tuned": false,
    "stratified_split_testing": false,
    "week": 1,
    "month": 2,
    "metrics": {
        "accuracy": 0.46174089068825913,
        "precision": 0.4477727863098367,
        "recall": 0.37726635216116283,
        "f1_score": 0.36365695798911263,
        "matthews_corrcoef": 0.19451877321785307,
        "cohen_kappa_score": 0.16857820521974076,
        "roc_auc_score": 0.5692227509690745,
        "log_loss": 13.458403197832672,
        "confusion_matrix": [
            [
                1503,
                972,
                1245
            ],
            [
                1030,
                3039,
                2003
            ],
            [
                25,
                43,
                20
            ]
        ],
        "classification_report": "              precision    recall  f1-score   support\n\n     00 - 02       0.59      0.40      0.48      3720\n     03 - 09       0.75      0.50      0.60      6072\n     10 - 20       0.01      0.23      0.01        88\n\n    accuracy                           0.46      9880\n   macro avg       0.45      0.38      0.36      9880\nweighted avg       0.68      0.46      0.55      9880\n",
        "feature_importances": null,
        "elapsed_time_minutes": null
    },
    "dataset_name": "subset_base.csv"
}