{
    "model_type": "KNN",
    "bins": [
        0,
        4,
        11,
        21
    ],
    "scaled": true,
    "tuned": false,
    "stratified_split_testing": true,
    "week": 4,
    "month": 1,
    "metrics": {
        "accuracy": 0.6781078742428612,
        "precision": 0.5456916323991289,
        "recall": 0.5227547221669302,
        "f1_score": 0.5304812087205695,
        "matthews_corrcoef": 0.3912207849307814,
        "cohen_kappa_score": 0.388573753697392,
        "roc_auc_score": 0.6797279806129443,
        "log_loss": 6.9548583507912225,
        "confusion_matrix": [
            [
                4073,
                1115,
                97
            ],
            [
                1698,
                2908,
                113
            ],
            [
                173,
                152,
                72
            ]
        ],
        "classification_report": "              precision    recall  f1-score   support\n\n     00 - 03       0.69      0.77      0.73      5285\n     04 - 10       0.70      0.62      0.65      4719\n     11 - 20       0.26      0.18      0.21       397\n\n    accuracy                           0.68     10401\n   macro avg       0.55      0.52      0.53     10401\nweighted avg       0.67      0.68      0.67     10401\n",
        "feature_importances": null,
        "elapsed_time_minutes": null
    },
    "dataset_name": "subset_base.csv"
}