{
    "model_type": "KNN",
    "bins": [
        0,
        4,
        12,
        21
    ],
    "scaled": false,
    "tuned": false,
    "stratified_split_testing": false,
    "week": 1,
    "month": 3,
    "metrics": {
        "accuracy": 0.6984867447946297,
        "precision": 0.4896670762369299,
        "recall": 0.49487100786970406,
        "f1_score": 0.4865126975105381,
        "matthews_corrcoef": 0.42180714989629214,
        "cohen_kappa_score": 0.4186579090639432,
        "roc_auc_score": 0.6801939217709473,
        "log_loss": 6.069145387283304,
        "confusion_matrix": [
            [
                3674,
                1237,
                323
            ],
            [
                897,
                2457,
                83
            ],
            [
                75,
                35,
                8
            ]
        ],
        "classification_report": "              precision    recall  f1-score   support\n\n     00 - 03       0.79      0.70      0.74      5234\n     04 - 11       0.66      0.71      0.69      3437\n     12 - 20       0.02      0.07      0.03       118\n\n    accuracy                           0.70      8789\n   macro avg       0.49      0.49      0.49      8789\nweighted avg       0.73      0.70      0.71      8789\n",
        "feature_importances": null,
        "elapsed_time_minutes": null
    },
    "dataset_name": "subset_base.csv"
}