{
    "model_type": "KNN",
    "bins": [
        0,
        4,
        9,
        21
    ],
    "scaled": true,
    "tuned": false,
    "stratified_split_testing": false,
    "week": 2,
    "month": 3,
    "metrics": {
        "accuracy": 0.4542504056921733,
        "precision": 0.49391333766809836,
        "recall": 0.47030376127110946,
        "f1_score": 0.39040768573952717,
        "matthews_corrcoef": 0.2562094492376064,
        "cohen_kappa_score": 0.2132870579142655,
        "roc_auc_score": 0.6339697659182335,
        "log_loss": 14.234399913765678,
        "confusion_matrix": [
            [
                1964,
                1045,
                1737
            ],
            [
                276,
                1569,
                1200
            ],
            [
                29,
                85,
                106
            ]
        ],
        "classification_report": "              precision    recall  f1-score   support\n\n     00 - 03       0.87      0.41      0.56      4746\n     04 - 08       0.58      0.52      0.55      3045\n     09 - 20       0.03      0.48      0.06       220\n\n    accuracy                           0.45      8011\n   macro avg       0.49      0.47      0.39      8011\nweighted avg       0.73      0.45      0.54      8011\n",
        "feature_importances": null,
        "elapsed_time_minutes": null
    },
    "dataset_name": "subset_base.csv"
}