{
    "model_type": "KNN",
    "bins": [
        0,
        4,
        9,
        21
    ],
    "scaled": false,
    "tuned": false,
    "stratified_split_testing": false,
    "week": 4,
    "month": 2,
    "metrics": {
        "accuracy": 0.7221803093172388,
        "precision": 0.49490849608437043,
        "recall": 0.49963540622047625,
        "f1_score": 0.49331305929408287,
        "matthews_corrcoef": 0.4531727799504474,
        "cohen_kappa_score": 0.450840684739228,
        "roc_auc_score": 0.6805642348464183,
        "log_loss": 6.185950034127381,
        "confusion_matrix": [
            [
                5386,
                840,
                18
            ],
            [
                1218,
                2257,
                198
            ],
            [
                125,
                547,
                15
            ]
        ],
        "classification_report": "              precision    recall  f1-score   support\n\n     00 - 03       0.80      0.86      0.83      6244\n     04 - 08       0.62      0.61      0.62      3673\n     09 - 20       0.06      0.02      0.03       687\n\n    accuracy                           0.72     10604\n   macro avg       0.49      0.50      0.49     10604\nweighted avg       0.69      0.72      0.70     10604\n",
        "feature_importances": null,
        "elapsed_time_minutes": null
    },
    "dataset_name": "subset_base.csv"
}