{
    "model_type": "KNN",
    "bins": [
        0,
        3,
        11,
        21
    ],
    "scaled": true,
    "tuned": false,
    "stratified_split_testing": true,
    "week": 2,
    "month": 1,
    "metrics": {
        "accuracy": 0.3925946599683692,
        "precision": 0.47132242736594465,
        "recall": 0.4430783993786284,
        "f1_score": 0.303167738726751,
        "matthews_corrcoef": 0.17796540905988506,
        "cohen_kappa_score": 0.13664947955000561,
        "roc_auc_score": 0.602675164361924,
        "log_loss": 18.702122195133143,
        "confusion_matrix": [
            [
                645,
                1363,
                2636
            ],
            [
                285,
                3483,
                2185
            ],
            [
                14,
                46,
                92
            ]
        ],
        "classification_report": "              precision    recall  f1-score   support\n\n     00 - 02       0.68      0.14      0.23      4644\n     03 - 10       0.71      0.59      0.64      5953\n     11 - 20       0.02      0.61      0.04       152\n\n    accuracy                           0.39     10749\n   macro avg       0.47      0.44      0.30     10749\nweighted avg       0.69      0.39      0.46     10749\n",
        "feature_importances": null,
        "elapsed_time_minutes": null
    },
    "dataset_name": "subset_base.csv"
}