{
    "model_type": "KNN",
    "bins": [
        0,
        6,
        12,
        21
    ],
    "scaled": true,
    "tuned": false,
    "stratified_split_testing": false,
    "week": 3,
    "month": 2,
    "metrics": {
        "accuracy": 0.5698997300424219,
        "precision": 0.42032190635302835,
        "recall": 0.46179317548317994,
        "f1_score": 0.3919534048030648,
        "matthews_corrcoef": 0.25558968240632846,
        "cohen_kappa_score": 0.21336979334383843,
        "roc_auc_score": 0.6517507129145343,
        "log_loss": 10.713103794888234,
        "confusion_matrix": [
            [
                4232,
                3117,
                578
            ],
            [
                433,
                1659,
                194
            ],
            [
                74,
                65,
                20
            ]
        ],
        "classification_report": "              precision    recall  f1-score   support\n\n     00 - 05       0.89      0.53      0.67      7927\n     06 - 11       0.34      0.73      0.47      2286\n     12 - 20       0.03      0.13      0.04       159\n\n    accuracy                           0.57     10372\n   macro avg       0.42      0.46      0.39     10372\nweighted avg       0.76      0.57      0.61     10372\n",
        "feature_importances": null,
        "elapsed_time_minutes": null
    },
    "dataset_name": "subset_base.csv"
}