{
    "model_type": "KNN",
    "bins": [
        0,
        4,
        10,
        21
    ],
    "scaled": false,
    "tuned": false,
    "stratified_split_testing": true,
    "week": 4,
    "month": 1,
    "metrics": {
        "accuracy": 0.6726276319584655,
        "precision": 0.5761362811532399,
        "recall": 0.5026024387492068,
        "f1_score": 0.5151574874588006,
        "matthews_corrcoef": 0.3802087421436532,
        "cohen_kappa_score": 0.3760736246901413,
        "roc_auc_score": 0.6926493839482889,
        "log_loss": 6.570246186737398,
        "confusion_matrix": [
            [
                4148,
                1092,
                45
            ],
            [
                1762,
                2788,
                56
            ],
            [
                233,
                217,
                60
            ]
        ],
        "classification_report": "              precision    recall  f1-score   support\n\n     00 - 03       0.68      0.78      0.73      5285\n     04 - 09       0.68      0.61      0.64      4606\n     10 - 20       0.37      0.12      0.18       510\n\n    accuracy                           0.67     10401\n   macro avg       0.58      0.50      0.52     10401\nweighted avg       0.66      0.67      0.66     10401\n",
        "feature_importances": null,
        "elapsed_time_minutes": null
    },
    "dataset_name": "subset_base.csv"
}