{
    "model_type": "KNN",
    "bins": [
        0,
        4,
        11,
        21
    ],
    "scaled": true,
    "tuned": false,
    "stratified_split_testing": false,
    "week": 4,
    "month": 1,
    "metrics": {
        "accuracy": 0.6729160657629074,
        "precision": 0.5475154024759991,
        "recall": 0.514644113563462,
        "f1_score": 0.5250209422979794,
        "matthews_corrcoef": 0.3790908681920425,
        "cohen_kappa_score": 0.37673002492255414,
        "roc_auc_score": 0.6825016835566707,
        "log_loss": 6.491292198678255,
        "confusion_matrix": [
            [
                4031,
                1181,
                73
            ],
            [
                1718,
                2902,
                99
            ],
            [
                179,
                152,
                66
            ]
        ],
        "classification_report": "              precision    recall  f1-score   support\n\n     00 - 03       0.68      0.76      0.72      5285\n     04 - 10       0.69      0.61      0.65      4719\n     11 - 20       0.28      0.17      0.21       397\n\n    accuracy                           0.67     10401\n   macro avg       0.55      0.51      0.53     10401\nweighted avg       0.67      0.67      0.67     10401\n",
        "feature_importances": null,
        "elapsed_time_minutes": null
    },
    "dataset_name": "subset_base.csv"
}