{
    "model_type": "KNN",
    "bins": [
        0,
        3,
        9,
        21
    ],
    "scaled": false,
    "tuned": false,
    "stratified_split_testing": true,
    "week": 1,
    "month": 3,
    "metrics": {
        "accuracy": 0.6062123108430993,
        "precision": 0.48500994638269024,
        "recall": 0.49000653474006794,
        "f1_score": 0.4829889767110814,
        "matthews_corrcoef": 0.32017784873232746,
        "cohen_kappa_score": 0.3189372397728343,
        "roc_auc_score": 0.6817624396068052,
        "log_loss": 5.24671841185677,
        "confusion_matrix": [
            [
                2599,
                1112,
                316
            ],
            [
                1002,
                2615,
                579
            ],
            [
                145,
                307,
                114
            ]
        ],
        "classification_report": "              precision    recall  f1-score   support\n\n     00 - 02       0.69      0.65      0.67      4027\n     03 - 08       0.65      0.62      0.64      4196\n     09 - 20       0.11      0.20      0.14       566\n\n    accuracy                           0.61      8789\n   macro avg       0.49      0.49      0.48      8789\nweighted avg       0.63      0.61      0.62      8789\n",
        "feature_importances": null,
        "elapsed_time_minutes": null
    },
    "dataset_name": "subset_base.csv"
}