{
    "model_type": "KNN",
    "bins": [
        0,
        5,
        11,
        21
    ],
    "scaled": false,
    "tuned": false,
    "stratified_split_testing": true,
    "week": 4,
    "month": 2,
    "metrics": {
        "accuracy": 0.7239720860052811,
        "precision": 0.44973620772753925,
        "recall": 0.4552052930203756,
        "f1_score": 0.451355750353607,
        "matthews_corrcoef": 0.35472289093276577,
        "cohen_kappa_score": 0.35320476133397516,
        "roc_auc_score": 0.6785210189213084,
        "log_loss": 4.620896445450686,
        "confusion_matrix": [
            [
                6165,
                1089,
                46
            ],
            [
                1358,
                1511,
                45
            ],
            [
                181,
                208,
                1
            ]
        ],
        "classification_report": "              precision    recall  f1-score   support\n\n     00 - 04       0.80      0.84      0.82      7300\n     05 - 10       0.54      0.52      0.53      2914\n     11 - 20       0.01      0.00      0.00       390\n\n    accuracy                           0.72     10604\n   macro avg       0.45      0.46      0.45     10604\nweighted avg       0.70      0.72      0.71     10604\n",
        "feature_importances": null,
        "elapsed_time_minutes": null
    },
    "dataset_name": "subset_base.csv"
}