{
    "model_type": "KNN",
    "bins": [
        0,
        6,
        10,
        21
    ],
    "scaled": false,
    "tuned": false,
    "stratified_split_testing": true,
    "week": 4,
    "month": 1,
    "metrics": {
        "accuracy": 0.7015671570041342,
        "precision": 0.5358112636453459,
        "recall": 0.4638024265668888,
        "f1_score": 0.4775764004536433,
        "matthews_corrcoef": 0.2647586162301583,
        "cohen_kappa_score": 0.2636781280772539,
        "roc_auc_score": 0.6703901739322639,
        "log_loss": 5.798435745928052,
        "confusion_matrix": [
            [
                6148,
                1286,
                48
            ],
            [
                1267,
                1089,
                53
            ],
            [
                388,
                62,
                60
            ]
        ],
        "classification_report": "              precision    recall  f1-score   support\n\n     00 - 05       0.79      0.82      0.80      7482\n     06 - 09       0.45      0.45      0.45      2409\n     10 - 20       0.37      0.12      0.18       510\n\n    accuracy                           0.70     10401\n   macro avg       0.54      0.46      0.48     10401\nweighted avg       0.69      0.70      0.69     10401\n",
        "feature_importances": null,
        "elapsed_time_minutes": null
    },
    "dataset_name": "subset_base.csv"
}