{
    "model_type": "KNN",
    "bins": [
        0,
        5,
        9,
        21
    ],
    "scaled": true,
    "tuned": false,
    "stratified_split_testing": true,
    "week": 2,
    "month": 2,
    "metrics": {
        "accuracy": 0.27743399339933994,
        "precision": 0.45140378851604984,
        "recall": 0.35162833081341494,
        "f1_score": 0.2808486671337971,
        "matthews_corrcoef": 0.12200335520791561,
        "cohen_kappa_score": 0.07992298136905074,
        "roc_auc_score": 0.5388141585568107,
        "log_loss": 23.01979218011698,
        "confusion_matrix": [
            [
                1482,
                874,
                4093
            ],
            [
                188,
                909,
                1525
            ],
            [
                48,
                278,
                299
            ]
        ],
        "classification_report": "              precision    recall  f1-score   support\n\n     00 - 04       0.86      0.23      0.36      6449\n     05 - 08       0.44      0.35      0.39      2622\n     09 - 20       0.05      0.48      0.09       625\n\n    accuracy                           0.28      9696\n   macro avg       0.45      0.35      0.28      9696\nweighted avg       0.70      0.28      0.35      9696\n",
        "feature_importances": null,
        "elapsed_time_minutes": null
    },
    "dataset_name": "subset_base.csv"
}