{
    "model_type": "KNN",
    "bins": [
        0,
        6,
        11,
        21
    ],
    "scaled": true,
    "tuned": false,
    "stratified_split_testing": true,
    "week": 1,
    "month": 3,
    "metrics": {
        "accuracy": 0.5771987711912618,
        "precision": 0.41316827421925856,
        "recall": 0.4438377109278235,
        "f1_score": 0.39169368605565014,
        "matthews_corrcoef": 0.20229448367105188,
        "cohen_kappa_score": 0.1782028699255671,
        "roc_auc_score": 0.6114277924070696,
        "log_loss": 9.766653903555856,
        "confusion_matrix": [
            [
                4111,
                1659,
                1120
            ],
            [
                571,
                926,
                217
            ],
            [
                59,
                90,
                36
            ]
        ],
        "classification_report": "              precision    recall  f1-score   support\n\n     00 - 05       0.87      0.60      0.71      6890\n     06 - 10       0.35      0.54      0.42      1714\n     11 - 20       0.03      0.19      0.05       185\n\n    accuracy                           0.58      8789\n   macro avg       0.41      0.44      0.39      8789\nweighted avg       0.75      0.58      0.64      8789\n",
        "feature_importances": null,
        "elapsed_time_minutes": null
    },
    "dataset_name": "subset_base.csv"
}