{
    "model_type": "KNN",
    "bins": [
        0,
        3,
        11,
        21
    ],
    "scaled": false,
    "tuned": false,
    "stratified_split_testing": true,
    "week": 4,
    "month": 1,
    "metrics": {
        "accuracy": 0.7063743870781656,
        "precision": 0.5647540437208093,
        "recall": 0.521644743011045,
        "f1_score": 0.5200959602221535,
        "matthews_corrcoef": 0.4364263734274763,
        "cohen_kappa_score": 0.4291582116975411,
        "roc_auc_score": 0.7189316132971326,
        "log_loss": 4.688895575938863,
        "confusion_matrix": [
            [
                2837,
                813,
                24
            ],
            [
                1794,
                4476,
                60
            ],
            [
                114,
                249,
                34
            ]
        ],
        "classification_report": "              precision    recall  f1-score   support\n\n     00 - 02       0.60      0.77      0.67      3674\n     03 - 10       0.81      0.71      0.75      6330\n     11 - 20       0.29      0.09      0.13       397\n\n    accuracy                           0.71     10401\n   macro avg       0.56      0.52      0.52     10401\nweighted avg       0.71      0.71      0.70     10401\n",
        "feature_importances": null,
        "elapsed_time_minutes": null
    },
    "dataset_name": "subset_base.csv"
}