{
    "model_type": "KNN",
    "bins": [
        0,
        3,
        12,
        21
    ],
    "scaled": true,
    "tuned": false,
    "stratified_split_testing": false,
    "week": 2,
    "month": 2,
    "metrics": {
        "accuracy": 0.40078382838283827,
        "precision": 0.4845147544078951,
        "recall": 0.4361416483063538,
        "f1_score": 0.3260329285867979,
        "matthews_corrcoef": 0.18806246822842745,
        "cohen_kappa_score": 0.1469884835686469,
        "roc_auc_score": 0.6089898117961435,
        "log_loss": 17.355343774595532,
        "confusion_matrix": [
            [
                792,
                1024,
                2147
            ],
            [
                333,
                2984,
                2223
            ],
            [
                10,
                73,
                110
            ]
        ],
        "classification_report": "              precision    recall  f1-score   support\n\n     00 - 02       0.70      0.20      0.31      3963\n     03 - 11       0.73      0.54      0.62      5540\n     12 - 20       0.02      0.57      0.05       193\n\n    accuracy                           0.40      9696\n   macro avg       0.48      0.44      0.33      9696\nweighted avg       0.70      0.40      0.48      9696\n",
        "feature_importances": null,
        "elapsed_time_minutes": null
    },
    "dataset_name": "subset_base.csv"
}