{
    "model_type": "KNN",
    "bins": [
        0,
        6,
        12,
        21
    ],
    "scaled": true,
    "tuned": false,
    "stratified_split_testing": false,
    "week": 3,
    "month": 1,
    "metrics": {
        "accuracy": 0.4948838495575221,
        "precision": 0.4088361293962779,
        "recall": 0.43037592547058984,
        "f1_score": 0.35773368379464543,
        "matthews_corrcoef": 0.1970173294131001,
        "cohen_kappa_score": 0.15416412506584254,
        "roc_auc_score": 0.6067408795781722,
        "log_loss": 13.586728667970743,
        "confusion_matrix": [
            [
                2046,
                2762,
                338
            ],
            [
                348,
                1518,
                94
            ],
            [
                27,
                84,
                15
            ]
        ],
        "classification_report": "              precision    recall  f1-score   support\n\n     00 - 05       0.85      0.40      0.54      5146\n     06 - 11       0.35      0.77      0.48      1960\n     12 - 20       0.03      0.12      0.05       126\n\n    accuracy                           0.49      7232\n   macro avg       0.41      0.43      0.36      7232\nweighted avg       0.70      0.49      0.52      7232\n",
        "feature_importances": null,
        "elapsed_time_minutes": null
    },
    "dataset_name": "subset_base.csv"
}