{
    "model_type": "KNN",
    "bins": [
        0,
        5,
        11,
        21
    ],
    "scaled": false,
    "tuned": false,
    "stratified_split_testing": true,
    "week": 2,
    "month": 3,
    "metrics": {
        "accuracy": 0.6461115965547373,
        "precision": 0.4490404279041955,
        "recall": 0.5323967769872502,
        "f1_score": 0.437175099530227,
        "matthews_corrcoef": 0.3128599625163228,
        "cohen_kappa_score": 0.294136673495354,
        "roc_auc_score": 0.6635579399069651,
        "log_loss": 7.831916108890551,
        "confusion_matrix": [
            [
                3900,
                1541,
                412
            ],
            [
                526,
                1259,
                322
            ],
            [
                23,
                11,
                17
            ]
        ],
        "classification_report": "              precision    recall  f1-score   support\n\n     00 - 04       0.88      0.67      0.76      5853\n     05 - 10       0.45      0.60      0.51      2107\n     11 - 20       0.02      0.33      0.04        51\n\n    accuracy                           0.65      8011\n   macro avg       0.45      0.53      0.44      8011\nweighted avg       0.76      0.65      0.69      8011\n",
        "feature_importances": null,
        "elapsed_time_minutes": null
    },
    "dataset_name": "subset_base.csv"
}