{
    "model_type": "KNN",
    "bins": [
        0,
        5,
        11,
        21
    ],
    "scaled": true,
    "tuned": false,
    "stratified_split_testing": false,
    "week": 4,
    "month": 2,
    "metrics": {
        "accuracy": 0.7433987174651076,
        "precision": 0.4736872311330273,
        "recall": 0.48891006897409617,
        "f1_score": 0.47973388035413117,
        "matthews_corrcoef": 0.4324747253038888,
        "cohen_kappa_score": 0.4314216958258582,
        "roc_auc_score": 0.6878348851706458,
        "log_loss": 5.128704024795539,
        "confusion_matrix": [
            [
                6039,
                1188,
                73
            ],
            [
                982,
                1841,
                91
            ],
            [
                97,
                290,
                3
            ]
        ],
        "classification_report": "              precision    recall  f1-score   support\n\n     00 - 04       0.85      0.83      0.84      7300\n     05 - 10       0.55      0.63      0.59      2914\n     11 - 20       0.02      0.01      0.01       390\n\n    accuracy                           0.74     10604\n   macro avg       0.47      0.49      0.48     10604\nweighted avg       0.74      0.74      0.74     10604\n",
        "feature_importances": null,
        "elapsed_time_minutes": null
    },
    "dataset_name": "subset_base.csv"
}