{
    "model_type": "KNN",
    "bins": [
        0,
        5,
        9,
        21
    ],
    "scaled": true,
    "tuned": false,
    "stratified_split_testing": true,
    "week": 3,
    "month": 2,
    "metrics": {
        "accuracy": 0.5340339375241033,
        "precision": 0.4419886230978673,
        "recall": 0.45893069786906143,
        "f1_score": 0.40260294606935315,
        "matthews_corrcoef": 0.26825278272235703,
        "cohen_kappa_score": 0.22712971365044965,
        "roc_auc_score": 0.6359195566080981,
        "log_loss": 14.01452974511484,
        "confusion_matrix": [
            [
                3633,
                2861,
                876
            ],
            [
                272,
                1830,
                365
            ],
            [
                108,
                351,
                76
            ]
        ],
        "classification_report": "              precision    recall  f1-score   support\n\n     00 - 04       0.91      0.49      0.64      7370\n     05 - 08       0.36      0.74      0.49      2467\n     09 - 20       0.06      0.14      0.08       535\n\n    accuracy                           0.53     10372\n   macro avg       0.44      0.46      0.40     10372\nweighted avg       0.73      0.53      0.57     10372\n",
        "feature_importances": null,
        "elapsed_time_minutes": null
    },
    "dataset_name": "subset_base.csv"
}