{
    "model_type": "KNN",
    "bins": [
        0,
        3,
        10,
        21
    ],
    "scaled": true,
    "tuned": false,
    "stratified_split_testing": true,
    "week": 1,
    "month": 2,
    "metrics": {
        "accuracy": 0.4522267206477733,
        "precision": 0.4604545659954838,
        "recall": 0.4093855809143327,
        "f1_score": 0.36199971307142415,
        "matthews_corrcoef": 0.20463796153572847,
        "cohen_kappa_score": 0.17280561101411018,
        "roc_auc_score": 0.5770482964602675,
        "log_loss": 13.383435377196108,
        "confusion_matrix": [
            [
                1394,
                886,
                1440
            ],
            [
                889,
                3043,
                2140
            ],
            [
                17,
                40,
                31
            ]
        ],
        "classification_report": "              precision    recall  f1-score   support\n\n     00 - 02       0.61      0.37      0.46      3720\n     03 - 09       0.77      0.50      0.61      6072\n     10 - 20       0.01      0.35      0.02        88\n\n    accuracy                           0.45      9880\n   macro avg       0.46      0.41      0.36      9880\nweighted avg       0.70      0.45      0.55      9880\n",
        "feature_importances": null,
        "elapsed_time_minutes": null
    },
    "dataset_name": "subset_base.csv"
}