{
    "model_type": "KNN",
    "bins": [
        0,
        5,
        10,
        21
    ],
    "scaled": false,
    "tuned": false,
    "stratified_split_testing": true,
    "week": 2,
    "month": 2,
    "metrics": {
        "accuracy": 0.4749381188118812,
        "precision": 0.4619413469173113,
        "recall": 0.43333964909005757,
        "f1_score": 0.3914371228733198,
        "matthews_corrcoef": 0.2304194870325495,
        "cohen_kappa_score": 0.19689619624533217,
        "roc_auc_score": 0.6278942842689963,
        "log_loss": 11.587154387880064,
        "confusion_matrix": [
            [
                3080,
                1279,
                2090
            ],
            [
                437,
                1390,
                1015
            ],
            [
                56,
                214,
                135
            ]
        ],
        "classification_report": "              precision    recall  f1-score   support\n\n     00 - 04       0.86      0.48      0.61      6449\n     05 - 09       0.48      0.49      0.49      2842\n     10 - 20       0.04      0.33      0.07       405\n\n    accuracy                           0.47      9696\n   macro avg       0.46      0.43      0.39      9696\nweighted avg       0.72      0.47      0.55      9696\n",
        "feature_importances": null,
        "elapsed_time_minutes": null
    },
    "dataset_name": "subset_base.csv"
}