{
    "model_type": "KNN",
    "bins": [
        0,
        3,
        10,
        21
    ],
    "scaled": false,
    "tuned": false,
    "stratified_split_testing": false,
    "week": 4,
    "month": 1,
    "metrics": {
        "accuracy": 0.6952216133064129,
        "precision": 0.5976212650072402,
        "recall": 0.5373708866098836,
        "f1_score": 0.5407490442752093,
        "matthews_corrcoef": 0.42933056261129493,
        "cohen_kappa_score": 0.42073180533885013,
        "roc_auc_score": 0.734061610676736,
        "log_loss": 4.963779557204785,
        "confusion_matrix": [
            [
                2869,
                757,
                48
            ],
            [
                1868,
                4290,
                59
            ],
            [
                131,
                307,
                72
            ]
        ],
        "classification_report": "              precision    recall  f1-score   support\n\n     00 - 02       0.59      0.78      0.67      3674\n     03 - 09       0.80      0.69      0.74      6217\n     10 - 20       0.40      0.14      0.21       510\n\n    accuracy                           0.70     10401\n   macro avg       0.60      0.54      0.54     10401\nweighted avg       0.71      0.70      0.69     10401\n",
        "feature_importances": null,
        "elapsed_time_minutes": null
    },
    "dataset_name": "subset_base.csv"
}