{
    "model_type": "KNN",
    "bins": [
        0,
        3,
        10,
        21
    ],
    "scaled": true,
    "tuned": false,
    "stratified_split_testing": false,
    "week": 2,
    "month": 2,
    "metrics": {
        "accuracy": 0.2942450495049505,
        "precision": 0.4632841829811673,
        "recall": 0.35703583556641005,
        "f1_score": 0.27208379436013014,
        "matthews_corrcoef": 0.10275840787064319,
        "cohen_kappa_score": 0.07278207059778208,
        "roc_auc_score": 0.5438919070813535,
        "log_loss": 21.31864942460602,
        "confusion_matrix": [
            [
                698,
                943,
                2322
            ],
            [
                262,
                1940,
                3126
            ],
            [
                12,
                178,
                215
            ]
        ],
        "classification_report": "              precision    recall  f1-score   support\n\n     00 - 02       0.72      0.18      0.28      3963\n     03 - 09       0.63      0.36      0.46      5328\n     10 - 20       0.04      0.53      0.07       405\n\n    accuracy                           0.29      9696\n   macro avg       0.46      0.36      0.27      9696\nweighted avg       0.64      0.29      0.37      9696\n",
        "feature_importances": null,
        "elapsed_time_minutes": null
    },
    "dataset_name": "subset_base.csv"
}