{
    "model_type": "KNN",
    "bins": [
        0,
        5,
        10,
        21
    ],
    "scaled": true,
    "tuned": false,
    "stratified_split_testing": false,
    "week": 4,
    "month": 2,
    "metrics": {
        "accuracy": 0.7333081855903433,
        "precision": 0.4836787512269743,
        "recall": 0.4910997544667653,
        "f1_score": 0.4858169369107627,
        "matthews_corrcoef": 0.4160919854691614,
        "cohen_kappa_score": 0.41533031793235153,
        "roc_auc_score": 0.688826541413451,
        "log_loss": 5.352946726681487,
        "confusion_matrix": [
            [
                6040,
                1149,
                111
            ],
            [
                954,
                1717,
                166
            ],
            [
                125,
                323,
                19
            ]
        ],
        "classification_report": "              precision    recall  f1-score   support\n\n     00 - 04       0.85      0.83      0.84      7300\n     05 - 09       0.54      0.61      0.57      2837\n     10 - 20       0.06      0.04      0.05       467\n\n    accuracy                           0.73     10604\n   macro avg       0.48      0.49      0.49     10604\nweighted avg       0.73      0.73      0.73     10604\n",
        "feature_importances": null,
        "elapsed_time_minutes": null
    },
    "dataset_name": "subset_base.csv"
}