{
    "model_type": "KNN",
    "bins": [
        0,
        3,
        11,
        21
    ],
    "scaled": false,
    "tuned": false,
    "stratified_split_testing": false,
    "week": 1,
    "month": 1,
    "metrics": {
        "accuracy": 0.5052388289676425,
        "precision": 0.4295177043647993,
        "recall": 0.4010061142211854,
        "f1_score": 0.38144284513525767,
        "matthews_corrcoef": 0.18432790449419972,
        "cohen_kappa_score": 0.17330068648200747,
        "roc_auc_score": 0.6269550780538146,
        "log_loss": 8.43234245111049,
        "confusion_matrix": [
            [
                1061,
                952,
                623
            ],
            [
                711,
                2190,
                821
            ],
            [
                32,
                72,
                28
            ]
        ],
        "classification_report": "              precision    recall  f1-score   support\n\n     00 - 02       0.59      0.40      0.48      2636\n     03 - 10       0.68      0.59      0.63      3722\n     11 - 20       0.02      0.21      0.03       132\n\n    accuracy                           0.51      6490\n   macro avg       0.43      0.40      0.38      6490\nweighted avg       0.63      0.51      0.56      6490\n",
        "feature_importances": null,
        "elapsed_time_minutes": null
    },
    "dataset_name": "subset_base.csv"
}