{
    "model_type": "KNN",
    "bins": [
        0,
        5,
        11,
        21
    ],
    "scaled": false,
    "tuned": false,
    "stratified_split_testing": false,
    "week": 1,
    "month": 3,
    "metrics": {
        "accuracy": 0.6939356013198316,
        "precision": 0.46028168542887204,
        "recall": 0.4775654190813654,
        "f1_score": 0.4626411704465006,
        "matthews_corrcoef": 0.35802895536183377,
        "cohen_kappa_score": 0.3501492827605307,
        "roc_auc_score": 0.6706427716739561,
        "log_loss": 6.1029439375943415,
        "confusion_matrix": [
            [
                4564,
                1360,
                360
            ],
            [
                740,
                1526,
                54
            ],
            [
                89,
                87,
                9
            ]
        ],
        "classification_report": "              precision    recall  f1-score   support\n\n     00 - 04       0.85      0.73      0.78      6284\n     05 - 10       0.51      0.66      0.58      2320\n     11 - 20       0.02      0.05      0.03       185\n\n    accuracy                           0.69      8789\n   macro avg       0.46      0.48      0.46      8789\nweighted avg       0.74      0.69      0.71      8789\n",
        "feature_importances": null,
        "elapsed_time_minutes": null
    },
    "dataset_name": "subset_base.csv"
}