{
    "model_type": "KNN",
    "bins": [
        0,
        6,
        10,
        21
    ],
    "scaled": false,
    "tuned": false,
    "stratified_split_testing": false,
    "week": 3,
    "month": 2,
    "metrics": {
        "accuracy": 0.6256266872348631,
        "precision": 0.4188985788841264,
        "recall": 0.45534331954773316,
        "f1_score": 0.40701046978455385,
        "matthews_corrcoef": 0.2805981004769924,
        "cohen_kappa_score": 0.24840387552077514,
        "roc_auc_score": 0.6529789344910765,
        "log_loss": 8.936451834510777,
        "confusion_matrix": [
            [
                4995,
                2810,
                122
            ],
            [
                464,
                1484,
                151
            ],
            [
                155,
                181,
                10
            ]
        ],
        "classification_report": "              precision    recall  f1-score   support\n\n     00 - 05       0.89      0.63      0.74      7927\n     06 - 09       0.33      0.71      0.45      2099\n     10 - 20       0.04      0.03      0.03       346\n\n    accuracy                           0.63     10372\n   macro avg       0.42      0.46      0.41     10372\nweighted avg       0.75      0.63      0.66     10372\n",
        "feature_importances": null,
        "elapsed_time_minutes": null
    },
    "dataset_name": "subset_base.csv"
}