{
    "model_type": "KNN",
    "bins": [
        0,
        4,
        12,
        21
    ],
    "scaled": true,
    "tuned": false,
    "stratified_split_testing": true,
    "week": 3,
    "month": 2,
    "metrics": {
        "accuracy": 0.5677786347859622,
        "precision": 0.4585164230341054,
        "recall": 0.46206222739125496,
        "f1_score": 0.4120805835625297,
        "matthews_corrcoef": 0.29964062765331323,
        "cohen_kappa_score": 0.26154213336624854,
        "roc_auc_score": 0.6407345749614857,
        "log_loss": 11.211459283090814,
        "confusion_matrix": [
            [
                2931,
                3007,
                563
            ],
            [
                426,
                2935,
                351
            ],
            [
                28,
                108,
                23
            ]
        ],
        "classification_report": "              precision    recall  f1-score   support\n\n     00 - 03       0.87      0.45      0.59      6501\n     04 - 11       0.49      0.79      0.60      3712\n     12 - 20       0.02      0.14      0.04       159\n\n    accuracy                           0.57     10372\n   macro avg       0.46      0.46      0.41     10372\nweighted avg       0.72      0.57      0.59     10372\n",
        "feature_importances": null,
        "elapsed_time_minutes": null
    },
    "dataset_name": "subset_base.csv"
}