{
    "model_type": "KNN",
    "bins": [
        0,
        3,
        10,
        21
    ],
    "scaled": false,
    "tuned": false,
    "stratified_split_testing": true,
    "week": 2,
    "month": 2,
    "metrics": {
        "accuracy": 0.4275990099009901,
        "precision": 0.43279389279729696,
        "recall": 0.3888562578475523,
        "f1_score": 0.3526427145621023,
        "matthews_corrcoef": 0.1310745792257009,
        "cohen_kappa_score": 0.11683319591703734,
        "roc_auc_score": 0.5878716438103009,
        "log_loss": 11.14966722825356,
        "confusion_matrix": [
            [
                1244,
                1516,
                1203
            ],
            [
                659,
                2767,
                1902
            ],
            [
                23,
                247,
                135
            ]
        ],
        "classification_report": "              precision    recall  f1-score   support\n\n     00 - 02       0.65      0.31      0.42      3963\n     03 - 09       0.61      0.52      0.56      5328\n     10 - 20       0.04      0.33      0.07       405\n\n    accuracy                           0.43      9696\n   macro avg       0.43      0.39      0.35      9696\nweighted avg       0.60      0.43      0.48      9696\n",
        "feature_importances": null,
        "elapsed_time_minutes": null
    },
    "dataset_name": "subset_base.csv"
}