{
    "model_type": "KNN",
    "bins": [
        0,
        4,
        12,
        21
    ],
    "scaled": false,
    "tuned": false,
    "stratified_split_testing": true,
    "week": 2,
    "month": 2,
    "metrics": {
        "accuracy": 0.5306311881188119,
        "precision": 0.46308592794216796,
        "recall": 0.46064420116757193,
        "f1_score": 0.40683328237580724,
        "matthews_corrcoef": 0.25804949806583316,
        "cohen_kappa_score": 0.2346107866317777,
        "roc_auc_score": 0.6813355102844408,
        "log_loss": 8.47254874788417,
        "confusion_matrix": [
            [
                2236,
                2098,
                1035
            ],
            [
                541,
                2856,
                737
            ],
            [
                32,
                108,
                53
            ]
        ],
        "classification_report": "              precision    recall  f1-score   support\n\n     00 - 03       0.80      0.42      0.55      5369\n     04 - 11       0.56      0.69      0.62      4134\n     12 - 20       0.03      0.27      0.05       193\n\n    accuracy                           0.53      9696\n   macro avg       0.46      0.46      0.41      9696\nweighted avg       0.68      0.53      0.57      9696\n",
        "feature_importances": null,
        "elapsed_time_minutes": null
    },
    "dataset_name": "subset_base.csv"
}