{
    "model_type": "KNN",
    "bins": [
        0,
        6,
        9,
        21
    ],
    "scaled": false,
    "tuned": false,
    "stratified_split_testing": false,
    "week": 1,
    "month": 3,
    "metrics": {
        "accuracy": 0.6653771760154739,
        "precision": 0.4172650658916032,
        "recall": 0.4360751930816842,
        "f1_score": 0.42178890410341013,
        "matthews_corrcoef": 0.1969156984871754,
        "cohen_kappa_score": 0.1928865778351483,
        "roc_auc_score": 0.6289788811505251,
        "log_loss": 7.542336752579954,
        "confusion_matrix": [
            [
                5218,
                978,
                694
            ],
            [
                655,
                553,
                125
            ],
            [
                280,
                209,
                77
            ]
        ],
        "classification_report": "              precision    recall  f1-score   support\n\n     00 - 05       0.85      0.76      0.80      6890\n     06 - 08       0.32      0.41      0.36      1333\n     09 - 20       0.09      0.14      0.11       566\n\n    accuracy                           0.67      8789\n   macro avg       0.42      0.44      0.42      8789\nweighted avg       0.72      0.67      0.69      8789\n",
        "feature_importances": null,
        "elapsed_time_minutes": null
    },
    "dataset_name": "subset_base.csv"
}