{
    "model_type": "KNN",
    "bins": [
        0,
        6,
        11,
        21
    ],
    "scaled": true,
    "tuned": false,
    "stratified_split_testing": false,
    "week": 2,
    "month": 2,
    "metrics": {
        "accuracy": 0.27382425742574257,
        "precision": 0.38665077509903734,
        "recall": 0.42160754312198634,
        "f1_score": 0.25813353843641407,
        "matthews_corrcoef": 0.10650057321756513,
        "cohen_kappa_score": 0.06573864474718893,
        "roc_auc_score": 0.5697123265128363,
        "log_loss": 23.279715736275698,
        "confusion_matrix": [
            [
                1377,
                2348,
                3733
            ],
            [
                278,
                1120,
                522
            ],
            [
                41,
                119,
                158
            ]
        ],
        "classification_report": "              precision    recall  f1-score   support\n\n     00 - 05       0.81      0.18      0.30      7458\n     06 - 10       0.31      0.58      0.41      1920\n     11 - 20       0.04      0.50      0.07       318\n\n    accuracy                           0.27      9696\n   macro avg       0.39      0.42      0.26      9696\nweighted avg       0.69      0.27      0.31      9696\n",
        "feature_importances": null,
        "elapsed_time_minutes": null
    },
    "dataset_name": "subset_base.csv"
}