{
    "model_type": "KNN",
    "bins": [
        0,
        5,
        10,
        21
    ],
    "scaled": false,
    "tuned": false,
    "stratified_split_testing": true,
    "week": 4,
    "month": 1,
    "metrics": {
        "accuracy": 0.6902220940294203,
        "precision": 0.5643787244535419,
        "recall": 0.48558743633602575,
        "f1_score": 0.5016329305242668,
        "matthews_corrcoef": 0.3406865866224804,
        "cohen_kappa_score": 0.3373177558286071,
        "roc_auc_score": 0.6933979765959468,
        "log_loss": 5.696960537509684,
        "confusion_matrix": [
            [
                5400,
                1108,
                48
            ],
            [
                1563,
                1719,
                53
            ],
            [
                295,
                155,
                60
            ]
        ],
        "classification_report": "              precision    recall  f1-score   support\n\n     00 - 04       0.74      0.82      0.78      6556\n     05 - 09       0.58      0.52      0.54      3335\n     10 - 20       0.37      0.12      0.18       510\n\n    accuracy                           0.69     10401\n   macro avg       0.56      0.49      0.50     10401\nweighted avg       0.67      0.69      0.68     10401\n",
        "feature_importances": null,
        "elapsed_time_minutes": null
    },
    "dataset_name": "subset_base.csv"
}