{
    "model_type": "KNN",
    "bins": [
        0,
        3,
        12,
        21
    ],
    "scaled": false,
    "tuned": false,
    "stratified_split_testing": false,
    "week": 1,
    "month": 3,
    "metrics": {
        "accuracy": 0.6933667083854819,
        "precision": 0.4894973361912613,
        "recall": 0.488940958319322,
        "f1_score": 0.48455671581650633,
        "matthews_corrcoef": 0.41846629203974617,
        "cohen_kappa_score": 0.41760159805798636,
        "roc_auc_score": 0.6882110574262414,
        "log_loss": 4.74737274669085,
        "confusion_matrix": [
            [
                2683,
                1084,
                260
            ],
            [
                1095,
                3403,
                146
            ],
            [
                57,
                53,
                8
            ]
        ],
        "classification_report": "              precision    recall  f1-score   support\n\n     00 - 02       0.70      0.67      0.68      4027\n     03 - 11       0.75      0.73      0.74      4644\n     12 - 20       0.02      0.07      0.03       118\n\n    accuracy                           0.69      8789\n   macro avg       0.49      0.49      0.48      8789\nweighted avg       0.72      0.69      0.70      8789\n",
        "feature_importances": null,
        "elapsed_time_minutes": null
    },
    "dataset_name": "subset_base.csv"
}