{
    "model_type": "KNN",
    "bins": [
        0,
        6,
        9,
        21
    ],
    "scaled": false,
    "tuned": false,
    "stratified_split_testing": true,
    "week": 2,
    "month": 1,
    "metrics": {
        "accuracy": 0.3266350358172853,
        "precision": 0.359138173229183,
        "recall": 0.36599701333096474,
        "f1_score": 0.24845964712323346,
        "matthews_corrcoef": 0.05221525601390417,
        "cohen_kappa_score": 0.030656003374558094,
        "roc_auc_score": 0.5505924870469351,
        "log_loss": 17.134394785504455,
        "confusion_matrix": [
            [
                2926,
                2265,
                3985
            ],
            [
                278,
                479,
                561
            ],
            [
                112,
                37,
                106
            ]
        ],
        "classification_report": "              precision    recall  f1-score   support\n\n     00 - 05       0.88      0.32      0.47      9176\n     06 - 08       0.17      0.36      0.23      1318\n     09 - 20       0.02      0.42      0.04       255\n\n    accuracy                           0.33     10749\n   macro avg       0.36      0.37      0.25     10749\nweighted avg       0.77      0.33      0.43     10749\n",
        "feature_importances": null,
        "elapsed_time_minutes": null
    },
    "dataset_name": "subset_base.csv"
}