{
    "model_type": "KNN",
    "bins": [
        0,
        3,
        9,
        21
    ],
    "scaled": false,
    "tuned": false,
    "stratified_split_testing": false,
    "week": 1,
    "month": 3,
    "metrics": {
        "accuracy": 0.6283991352827398,
        "precision": 0.48877219609735983,
        "recall": 0.4870398405643342,
        "f1_score": 0.4858322643837545,
        "matthews_corrcoef": 0.3524251399735613,
        "cohen_kappa_score": 0.35166701923668076,
        "roc_auc_score": 0.6834604186385812,
        "log_loss": 5.705527088563955,
        "confusion_matrix": [
            [
                2717,
                988,
                322
            ],
            [
                970,
                2729,
                497
            ],
            [
                186,
                303,
                77
            ]
        ],
        "classification_report": "              precision    recall  f1-score   support\n\n     00 - 02       0.70      0.67      0.69      4027\n     03 - 08       0.68      0.65      0.66      4196\n     09 - 20       0.09      0.14      0.11       566\n\n    accuracy                           0.63      8789\n   macro avg       0.49      0.49      0.49      8789\nweighted avg       0.65      0.63      0.64      8789\n",
        "feature_importances": null,
        "elapsed_time_minutes": null
    },
    "dataset_name": "subset_base.csv"
}