{
    "model_type": "KNN",
    "bins": [
        0,
        3,
        9,
        21
    ],
    "scaled": true,
    "tuned": false,
    "stratified_split_testing": true,
    "week": 1,
    "month": 3,
    "metrics": {
        "accuracy": 0.5752645352144726,
        "precision": 0.48639347916023756,
        "recall": 0.4972460724742131,
        "f1_score": 0.4752702168747956,
        "matthews_corrcoef": 0.3011505623742415,
        "cohen_kappa_score": 0.2958795567020487,
        "roc_auc_score": 0.6800083076065241,
        "log_loss": 7.168822549132155,
        "confusion_matrix": [
            [
                2541,
                985,
                501
            ],
            [
                978,
                2344,
                874
            ],
            [
                128,
                267,
                171
            ]
        ],
        "classification_report": "              precision    recall  f1-score   support\n\n     00 - 02       0.70      0.63      0.66      4027\n     03 - 08       0.65      0.56      0.60      4196\n     09 - 20       0.11      0.30      0.16       566\n\n    accuracy                           0.58      8789\n   macro avg       0.49      0.50      0.48      8789\nweighted avg       0.64      0.58      0.60      8789\n",
        "feature_importances": null,
        "elapsed_time_minutes": null
    },
    "dataset_name": "subset_base.csv"
}