{
    "model_type": "KNN",
    "bins": [
        0,
        5,
        9,
        21
    ],
    "scaled": true,
    "tuned": false,
    "stratified_split_testing": false,
    "week": 2,
    "month": 2,
    "metrics": {
        "accuracy": 0.2977516501650165,
        "precision": 0.46667268580172544,
        "recall": 0.36196167167713095,
        "f1_score": 0.2989134856111379,
        "matthews_corrcoef": 0.1416588591195994,
        "cohen_kappa_score": 0.09432324776411094,
        "roc_auc_score": 0.5373088300581541,
        "log_loss": 23.490850649043928,
        "confusion_matrix": [
            [
                1677,
                679,
                4093
            ],
            [
                225,
                911,
                1486
            ],
            [
                40,
                286,
                299
            ]
        ],
        "classification_report": "              precision    recall  f1-score   support\n\n     00 - 04       0.86      0.26      0.40      6449\n     05 - 08       0.49      0.35      0.41      2622\n     09 - 20       0.05      0.48      0.09       625\n\n    accuracy                           0.30      9696\n   macro avg       0.47      0.36      0.30      9696\nweighted avg       0.71      0.30      0.38      9696\n",
        "feature_importances": null,
        "elapsed_time_minutes": null
    },
    "dataset_name": "subset_base.csv"
}