{
    "model_type": "KNN",
    "bins": [
        0,
        5,
        10,
        21
    ],
    "scaled": false,
    "tuned": false,
    "stratified_split_testing": false,
    "week": 1,
    "month": 2,
    "metrics": {
        "accuracy": 0.5637651821862348,
        "precision": 0.4047589195242445,
        "recall": 0.37727990281812157,
        "f1_score": 0.37988176964849146,
        "matthews_corrcoef": 0.1862399427974357,
        "cohen_kappa_score": 0.17647677227351366,
        "roc_auc_score": 0.5629908818496708,
        "log_loss": 9.803082668048898,
        "confusion_matrix": [
            [
                4157,
                1943,
                758
            ],
            [
                1022,
                1409,
                503
            ],
            [
                50,
                34,
                4
            ]
        ],
        "classification_report": "              precision    recall  f1-score   support\n\n     00 - 04       0.79      0.61      0.69      6858\n     05 - 09       0.42      0.48      0.45      2934\n     10 - 20       0.00      0.05      0.01        88\n\n    accuracy                           0.56      9880\n   macro avg       0.40      0.38      0.38      9880\nweighted avg       0.68      0.56      0.61      9880\n",
        "feature_importances": null,
        "elapsed_time_minutes": null
    },
    "dataset_name": "subset_base.csv"
}