{
    "model_type": "KNN",
    "bins": [
        0,
        3,
        10,
        21
    ],
    "scaled": false,
    "tuned": false,
    "stratified_split_testing": false,
    "week": 2,
    "month": 1,
    "metrics": {
        "accuracy": 0.39268769187831426,
        "precision": 0.4266459852252886,
        "recall": 0.38201498906366727,
        "f1_score": 0.2989769394268028,
        "matthews_corrcoef": 0.08206355046658219,
        "cohen_kappa_score": 0.06858128610817749,
        "roc_auc_score": 0.5830143850668856,
        "log_loss": 13.685982210056979,
        "confusion_matrix": [
            [
                848,
                2316,
                1480
            ],
            [
                372,
                3289,
                2237
            ],
            [
                25,
                98,
                84
            ]
        ],
        "classification_report": "              precision    recall  f1-score   support\n\n     00 - 02       0.68      0.18      0.29      4644\n     03 - 09       0.58      0.56      0.57      5898\n     10 - 20       0.02      0.41      0.04       207\n\n    accuracy                           0.39     10749\n   macro avg       0.43      0.38      0.30     10749\nweighted avg       0.61      0.39      0.44     10749\n",
        "feature_importances": null,
        "elapsed_time_minutes": null
    },
    "dataset_name": "subset_base.csv"
}