{
    "model_type": "KNN",
    "bins": [
        0,
        3,
        10,
        21
    ],
    "scaled": true,
    "tuned": false,
    "stratified_split_testing": false,
    "week": 1,
    "month": 1,
    "metrics": {
        "accuracy": 0.3101694915254237,
        "precision": 0.4480142936651001,
        "recall": 0.3765977255977096,
        "f1_score": 0.2873877120771297,
        "matthews_corrcoef": 0.13463385991063773,
        "cohen_kappa_score": 0.09626182473823353,
        "roc_auc_score": 0.5658859328683755,
        "log_loss": 18.631495869336078,
        "confusion_matrix": [
            [
                672,
                442,
                1522
            ],
            [
                424,
                1263,
                2021
            ],
            [
                21,
                47,
                78
            ]
        ],
        "classification_report": "              precision    recall  f1-score   support\n\n     00 - 02       0.60      0.25      0.36      2636\n     03 - 09       0.72      0.34      0.46      3708\n     10 - 20       0.02      0.53      0.04       146\n\n    accuracy                           0.31      6490\n   macro avg       0.45      0.38      0.29      6490\nweighted avg       0.66      0.31      0.41      6490\n",
        "feature_importances": null,
        "elapsed_time_minutes": null
    },
    "dataset_name": "subset_base.csv"
}