{
    "model_type": "KNN",
    "bins": [
        0,
        4,
        10,
        21
    ],
    "scaled": false,
    "tuned": false,
    "stratified_split_testing": false,
    "week": 3,
    "month": 2,
    "metrics": {
        "accuracy": 0.5809872734284612,
        "precision": 0.44000455436770086,
        "recall": 0.4387442828220525,
        "f1_score": 0.4088538087580367,
        "matthews_corrcoef": 0.28848460345006827,
        "cohen_kappa_score": 0.2542433102126933,
        "roc_auc_score": 0.6202728486639407,
        "log_loss": 11.046623958402785,
        "confusion_matrix": [
            [
                3229,
                3173,
                99
            ],
            [
                564,
                2787,
                174
            ],
            [
                62,
                274,
                10
            ]
        ],
        "classification_report": "              precision    recall  f1-score   support\n\n     00 - 03       0.84      0.50      0.62      6501\n     04 - 09       0.45      0.79      0.57      3525\n     10 - 20       0.04      0.03      0.03       346\n\n    accuracy                           0.58     10372\n   macro avg       0.44      0.44      0.41     10372\nweighted avg       0.68      0.58      0.59     10372\n",
        "feature_importances": null,
        "elapsed_time_minutes": null
    },
    "dataset_name": "subset_base.csv"
}