{
    "model_type": "KNN",
    "bins": [
        0,
        3,
        10,
        21
    ],
    "scaled": false,
    "tuned": false,
    "stratified_split_testing": true,
    "week": 1,
    "month": 2,
    "metrics": {
        "accuracy": 0.5843117408906883,
        "precision": 0.43834553955136796,
        "recall": 0.4028153201014351,
        "f1_score": 0.41118234108345203,
        "matthews_corrcoef": 0.23842567038723475,
        "cohen_kappa_score": 0.23256851611560048,
        "roc_auc_score": 0.6099071790505466,
        "log_loss": 6.629762438965185,
        "confusion_matrix": [
            [
                1937,
                1476,
                307
            ],
            [
                1281,
                3831,
                960
            ],
            [
                30,
                53,
                5
            ]
        ],
        "classification_report": "              precision    recall  f1-score   support\n\n     00 - 02       0.60      0.52      0.56      3720\n     03 - 09       0.71      0.63      0.67      6072\n     10 - 20       0.00      0.06      0.01        88\n\n    accuracy                           0.58      9880\n   macro avg       0.44      0.40      0.41      9880\nweighted avg       0.66      0.58      0.62      9880\n",
        "feature_importances": null,
        "elapsed_time_minutes": null
    },
    "dataset_name": "subset_base.csv"
}