{
    "model_type": "KNN",
    "bins": [
        0,
        5,
        9,
        21
    ],
    "scaled": true,
    "tuned": false,
    "stratified_split_testing": false,
    "week": 4,
    "month": 1,
    "metrics": {
        "accuracy": 0.6755119700028843,
        "precision": 0.5327601087640349,
        "recall": 0.5201445187490287,
        "f1_score": 0.5255727786454222,
        "matthews_corrcoef": 0.3500227075339724,
        "cohen_kappa_score": 0.3497901552246201,
        "roc_auc_score": 0.687885512316345,
        "log_loss": 6.832098323839901,
        "confusion_matrix": [
            [
                5151,
                1132,
                273
            ],
            [
                1253,
                1711,
                157
            ],
            [
                337,
                223,
                164
            ]
        ],
        "classification_report": "              precision    recall  f1-score   support\n\n     00 - 04       0.76      0.79      0.77      6556\n     05 - 08       0.56      0.55      0.55      3121\n     09 - 20       0.28      0.23      0.25       724\n\n    accuracy                           0.68     10401\n   macro avg       0.53      0.52      0.53     10401\nweighted avg       0.67      0.68      0.67     10401\n",
        "feature_importances": null,
        "elapsed_time_minutes": null
    },
    "dataset_name": "subset_base.csv"
}