{
    "model_type": "KNN",
    "bins": [
        0,
        3,
        9,
        21
    ],
    "scaled": false,
    "tuned": false,
    "stratified_split_testing": true,
    "week": 2,
    "month": 2,
    "metrics": {
        "accuracy": 0.3851072607260726,
        "precision": 0.4250670275546302,
        "recall": 0.3674283184979199,
        "f1_score": 0.3410376252628419,
        "matthews_corrcoef": 0.10563235625925368,
        "cohen_kappa_score": 0.09264560711689807,
        "roc_auc_score": 0.5663450789593004,
        "log_loss": 13.590322114327503,
        "confusion_matrix": [
            [
                1276,
                1320,
                1367
            ],
            [
                656,
                2245,
                2207
            ],
            [
                31,
                381,
                213
            ]
        ],
        "classification_report": "              precision    recall  f1-score   support\n\n     00 - 02       0.65      0.32      0.43      3963\n     03 - 08       0.57      0.44      0.50      5108\n     09 - 20       0.06      0.34      0.10       625\n\n    accuracy                           0.39      9696\n   macro avg       0.43      0.37      0.34      9696\nweighted avg       0.57      0.39      0.44      9696\n",
        "feature_importances": null,
        "elapsed_time_minutes": null
    },
    "dataset_name": "subset_base.csv"
}