{
    "model_type": "KNN",
    "bins": [
        0,
        5,
        11,
        21
    ],
    "scaled": true,
    "tuned": false,
    "stratified_split_testing": false,
    "week": 1,
    "month": 2,
    "metrics": {
        "accuracy": 0.42459514170040485,
        "precision": 0.4167591927538843,
        "recall": 0.3921710443344925,
        "f1_score": 0.3385801778787463,
        "matthews_corrcoef": 0.16117970082801863,
        "cohen_kappa_score": 0.1302615430907328,
        "roc_auc_score": 0.5560912569665809,
        "log_loss": 16.002762180056877,
        "confusion_matrix": [
            [
                2602,
                1866,
                2390
            ],
            [
                663,
                1573,
                710
            ],
            [
                28,
                28,
                20
            ]
        ],
        "classification_report": "              precision    recall  f1-score   support\n\n     00 - 04       0.79      0.38      0.51      6858\n     05 - 10       0.45      0.53      0.49      2946\n     11 - 20       0.01      0.26      0.01        76\n\n    accuracy                           0.42      9880\n   macro avg       0.42      0.39      0.34      9880\nweighted avg       0.68      0.42      0.50      9880\n",
        "feature_importances": null,
        "elapsed_time_minutes": null
    },
    "dataset_name": "subset_base.csv"
}