{
    "model_type": "KNN",
    "bins": [
        0,
        5,
        10,
        21
    ],
    "scaled": false,
    "tuned": false,
    "stratified_split_testing": true,
    "week": 2,
    "month": 1,
    "metrics": {
        "accuracy": 0.3431947157875151,
        "precision": 0.3976607955203559,
        "recall": 0.39853708630640133,
        "f1_score": 0.28633990259237213,
        "matthews_corrcoef": 0.11111286130225558,
        "cohen_kappa_score": 0.07953278246441609,
        "roc_auc_score": 0.5819885811304882,
        "log_loss": 17.482575687208218,
        "confusion_matrix": [
            [
                2439,
                2558,
                2935
            ],
            [
                318,
                1158,
                1134
            ],
            [
                69,
                46,
                92
            ]
        ],
        "classification_report": "              precision    recall  f1-score   support\n\n     00 - 04       0.86      0.31      0.45      7932\n     05 - 09       0.31      0.44      0.36      2610\n     10 - 20       0.02      0.44      0.04       207\n\n    accuracy                           0.34     10749\n   macro avg       0.40      0.40      0.29     10749\nweighted avg       0.71      0.34      0.42     10749\n",
        "feature_importances": null,
        "elapsed_time_minutes": null
    },
    "dataset_name": "subset_base.csv"
}