{
    "model_type": "KNN",
    "bins": [
        0,
        3,
        9,
        21
    ],
    "scaled": true,
    "tuned": false,
    "stratified_split_testing": false,
    "week": 4,
    "month": 2,
    "metrics": {
        "accuracy": 0.6531497548095059,
        "precision": 0.4768811092705216,
        "recall": 0.4797945879279611,
        "f1_score": 0.4764094230885225,
        "matthews_corrcoef": 0.36792158224912086,
        "cohen_kappa_score": 0.36698389012110344,
        "roc_auc_score": 0.6592213943827389,
        "log_loss": 6.5482522411503785,
        "confusion_matrix": [
            [
                3750,
                1114,
                50
            ],
            [
                1539,
                3143,
                321
            ],
            [
                54,
                600,
                33
            ]
        ],
        "classification_report": "              precision    recall  f1-score   support\n\n     00 - 02       0.70      0.76      0.73      4914\n     03 - 08       0.65      0.63      0.64      5003\n     09 - 20       0.08      0.05      0.06       687\n\n    accuracy                           0.65     10604\n   macro avg       0.48      0.48      0.48     10604\nweighted avg       0.64      0.65      0.64     10604\n",
        "feature_importances": null,
        "elapsed_time_minutes": null
    },
    "dataset_name": "subset_base.csv"
}