{
    "model_type": "KNN",
    "bins": [
        0,
        3,
        9,
        21
    ],
    "scaled": true,
    "tuned": false,
    "stratified_split_testing": false,
    "week": 2,
    "month": 2,
    "metrics": {
        "accuracy": 0.2939356435643564,
        "precision": 0.44021789315868937,
        "recall": 0.3404930433184061,
        "f1_score": 0.2797581738869952,
        "matthews_corrcoef": 0.08588616092048601,
        "cohen_kappa_score": 0.06337448543411983,
        "roc_auc_score": 0.5269743139774968,
        "log_loss": 21.544395717465598,
        "confusion_matrix": [
            [
                772,
                856,
                2335
            ],
            [
                375,
                1779,
                2954
            ],
            [
                18,
                308,
                299
            ]
        ],
        "classification_report": "              precision    recall  f1-score   support\n\n     00 - 02       0.66      0.19      0.30      3963\n     03 - 08       0.60      0.35      0.44      5108\n     09 - 20       0.05      0.48      0.10       625\n\n    accuracy                           0.29      9696\n   macro avg       0.44      0.34      0.28      9696\nweighted avg       0.59      0.29      0.36      9696\n",
        "feature_importances": null,
        "elapsed_time_minutes": null
    },
    "dataset_name": "subset_base.csv"
}