{
    "model_type": "LogisticRegression",
    "bins": [
        0,
        3,
        12,
        21
    ],
    "scaled": true,
    "tuned": false,
    "stratified_split_testing": false,
    "week": 2,
    "month": 1,
    "metrics": {
        "accuracy": 0.6439668806400596,
        "precision": 0.5617398341647151,
        "recall": 0.753286323801237,
        "f1_score": 0.49874901219073914,
        "matthews_corrcoef": 0.4633167068804752,
        "cohen_kappa_score": 0.4150427762635286,
        "roc_auc_score": 0.8469333093769786,
        "log_loss": 0.877808322325975,
        "confusion_matrix": [
            [
                4069,
                173,
                402
            ],
            [
                1854,
                2741,
                1389
            ],
            [
                8,
                1,
                112
            ]
        ],
        "classification_report": "              precision    recall  f1-score   support\n\n     00 - 02       0.69      0.88      0.77      4644\n     03 - 11       0.94      0.46      0.62      5984\n     12 - 20       0.06      0.93      0.11       121\n\n    accuracy                           0.64     10749\n   macro avg       0.56      0.75      0.50     10749\nweighted avg       0.82      0.64      0.68     10749\n",
        "feature_importances": {
            "time_in_month": 0.14697673297310107,
            "time_in_hour": 0.007540966331072294,
            "time_in_weekday": -0.24000898137656737,
            "requires_power": -0.028801012779120744,
            "time_in_business_day": -0.01024936548270351,
            "time_in_week_of_year": -0.15015957857883344,
            "time_in_week_of_month": 0.00814000981182633,
            "nominal_length_NOM20": 0.17213110087250363,
            "nominal_length_NOM40": 0.06394267449592399,
            "nominal_length_NOM45": -0.16143243450571682,
            "freight_kind_FCL": 0.19673319271520523,
            "freight_kind_MTY": -0.12209185185332441,
            "category_EXPRT": -1.4557891777208174,
            "category_IMPRT": 0.7016832893431462,
            "category_STRGE": -0.9629362247709227,
            "category_THRGH": 3.054815014681643,
            "category_TRSHP": -1.263131560670843
        },
        "elapsed_time_minutes": null
    },
    "dataset_name": "subset_base.csv"
}