{
    "model_type": "LogisticRegression",
    "bins": [
        0,
        4,
        11,
        21
    ],
    "scaled": false,
    "tuned": false,
    "stratified_split_testing": false,
    "week": 1,
    "month": 1,
    "metrics": {
        "accuracy": 0.7661016949152543,
        "precision": 0.5044859297633948,
        "recall": 0.5115202405181537,
        "f1_score": 0.5076965841797499,
        "matthews_corrcoef": 0.5213047780053379,
        "cohen_kappa_score": 0.5200793374206901,
        "roc_auc_score": 0.8086558713062617,
        "log_loss": 0.5843858621445347,
        "confusion_matrix": [
            [
                3201,
                596,
                0
            ],
            [
                790,
                1771,
                0
            ],
            [
                31,
                101,
                0
            ]
        ],
        "classification_report": "              precision    recall  f1-score   support\n\n     00 - 03       0.80      0.84      0.82      3797\n     04 - 10       0.72      0.69      0.70      2561\n     11 - 20       0.00      0.00      0.00       132\n\n    accuracy                           0.77      6490\n   macro avg       0.50      0.51      0.51      6490\nweighted avg       0.75      0.77      0.76      6490\n",
        "feature_importances": {
            "time_in_month": 0.07577327710829505,
            "time_in_hour": 0.022833951771108734,
            "time_in_weekday": -0.2482795937689068,
            "requires_power": -0.03542570868468947,
            "time_in_business_day": -0.05647720516091211,
            "time_in_week_of_year": -0.05443051929186151,
            "time_in_week_of_month": 0.004546487809866925,
            "nominal_length_NOM20": 0.4246040925563335,
            "nominal_length_NOM40": 0.4093034664563956,
            "nominal_length_NOM45": -0.38516321244256435,
            "freight_kind_FCL": 0.35095380341909355,
            "freight_kind_MTY": 0.09779054315115338,
            "category_EXPRT": -1.0112585842022996,
            "category_IMPRT": 0.7791226652289758,
            "category_STRGE": -0.9677984141769935,
            "category_THRGH": 2.752221703262201,
            "category_TRSHP": -1.103543023541382
        },
        "elapsed_time_minutes": null
    },
    "dataset_name": "subset_base.csv"
}