{
    "model_type": "LogisticRegression",
    "bins": [
        0,
        6,
        10,
        21
    ],
    "scaled": true,
    "tuned": false,
    "stratified_split_testing": false,
    "week": 2,
    "month": 1,
    "metrics": {
        "accuracy": 0.635221881105219,
        "precision": 0.4527511732151661,
        "recall": 0.7065739666057134,
        "f1_score": 0.45184633237207555,
        "matthews_corrcoef": 0.3166195184065991,
        "cohen_kappa_score": 0.2499006911256949,
        "roc_auc_score": 0.7916372283816103,
        "log_loss": 0.9001040811384544,
        "confusion_matrix": [
            [
                5732,
                2460,
                984
            ],
            [
                167,
                927,
                272
            ],
            [
                32,
                6,
                169
            ]
        ],
        "classification_report": "              precision    recall  f1-score   support\n\n     00 - 05       0.97      0.62      0.76      9176\n     06 - 09       0.27      0.68      0.39      1366\n     10 - 20       0.12      0.82      0.21       207\n\n    accuracy                           0.64     10749\n   macro avg       0.45      0.71      0.45     10749\nweighted avg       0.86      0.64      0.70     10749\n",
        "feature_importances": {
            "time_in_month": -0.4474837635666104,
            "time_in_hour": 0.03312570358395534,
            "time_in_weekday": -0.1409338190326418,
            "requires_power": -0.007451654249291556,
            "time_in_business_day": -0.1101320568113976,
            "time_in_week_of_year": 0.48148427950282463,
            "time_in_week_of_month": -0.05905143838149764,
            "nominal_length_NOM20": 0.1487536176611398,
            "nominal_length_NOM40": 0.13593581879070085,
            "nominal_length_NOM45": 0.0552144786471008,
            "freight_kind_FCL": 0.19148178067434143,
            "freight_kind_MTY": 0.148422134426374,
            "category_EXPRT": -1.1389267254063489,
            "category_IMPRT": 0.5364936871332819,
            "category_STRGE": -1.3805890975293809,
            "category_THRGH": 3.681053919801104,
            "category_TRSHP": -1.3581278688978546
        },
        "elapsed_time_minutes": null
    },
    "dataset_name": "subset_base.csv"
}