{
    "model_type": "LogisticRegression",
    "bins": [
        0,
        3,
        9,
        21
    ],
    "scaled": false,
    "tuned": false,
    "stratified_split_testing": true,
    "week": 1,
    "month": 3,
    "metrics": {
        "accuracy": 0.7396745932415519,
        "precision": 0.5110017946043702,
        "recall": 0.5292250921150173,
        "f1_score": 0.5172827235150678,
        "matthews_corrcoef": 0.5269443221598347,
        "cohen_kappa_score": 0.5215765670054275,
        "roc_auc_score": 0.8260484753574114,
        "log_loss": 0.641634045058827,
        "confusion_matrix": [
            [
                3528,
                296,
                203
            ],
            [
                1193,
                2971,
                32
            ],
            [
                37,
                527,
                2
            ]
        ],
        "classification_report": "              precision    recall  f1-score   support\n\n     00 - 02       0.74      0.88      0.80      4027\n     03 - 08       0.78      0.71      0.74      4196\n     09 - 20       0.01      0.00      0.00       566\n\n    accuracy                           0.74      8789\n   macro avg       0.51      0.53      0.52      8789\nweighted avg       0.71      0.74      0.72      8789\n",
        "feature_importances": {
            "time_in_month": 0.06571369783194468,
            "time_in_hour": 0.017718827178651822,
            "time_in_weekday": -0.1561046969168192,
            "requires_power": -0.017764761704974135,
            "time_in_business_day": 0.02714988726183184,
            "time_in_week_of_year": -0.045076483312070925,
            "time_in_week_of_month": 0.009970190934972693,
            "nominal_length_NOM20": 0.30875416053721255,
            "nominal_length_NOM40": 0.2658203701512984,
            "nominal_length_NOM45": -0.38795039890321187,
            "freight_kind_FCL": 0.18579167569104074,
            "freight_kind_MTY": 0.0008324560942818385,
            "category_EXPRT": -1.5299240180112914,
            "category_IMPRT": 0.8538759002307041,
            "category_STRGE": -0.6674019426186847,
            "category_THRGH": 2.611868856655775,
            "category_TRSHP": -1.081794664470648
        },
        "elapsed_time_minutes": null
    },
    "dataset_name": "subset_base.csv"
}