{
    "model_type": "LogisticRegression",
    "bins": [
        0,
        5,
        9,
        21
    ],
    "scaled": true,
    "tuned": false,
    "stratified_split_testing": true,
    "week": 1,
    "month": 1,
    "metrics": {
        "accuracy": 0.7590138674884438,
        "precision": 0.5996474274615626,
        "recall": 0.7110004632687056,
        "f1_score": 0.6255968342922595,
        "matthews_corrcoef": 0.5196560810354517,
        "cohen_kappa_score": 0.509574078986212,
        "roc_auc_score": 0.8108865779789179,
        "log_loss": 0.770766954456974,
        "confusion_matrix": [
            [
                3598,
                581,
                421
            ],
            [
                338,
                1146,
                120
            ],
            [
                58,
                46,
                182
            ]
        ],
        "classification_report": "              precision    recall  f1-score   support\n\n     00 - 04       0.90      0.78      0.84      4600\n     05 - 08       0.65      0.71      0.68      1604\n     09 - 20       0.25      0.64      0.36       286\n\n    accuracy                           0.76      6490\n   macro avg       0.60      0.71      0.63      6490\nweighted avg       0.81      0.76      0.78      6490\n",
        "feature_importances": {
            "time_in_month": -0.8443311895562401,
            "time_in_hour": 0.023383848029583345,
            "time_in_weekday": -0.19009837941365823,
            "requires_power": -0.01145076393455652,
            "time_in_business_day": -0.11600950037365332,
            "time_in_week_of_year": 0.8692653092534671,
            "time_in_week_of_month": -0.0900624208754489,
            "nominal_length_NOM20": 0.26878344981086516,
            "nominal_length_NOM40": 0.2424635709220504,
            "nominal_length_NOM45": -0.2997528463747645,
            "freight_kind_FCL": 0.14597588792277788,
            "freight_kind_MTY": 0.06551828642653335,
            "category_EXPRT": -1.3422971184496204,
            "category_IMPRT": 0.5356873538757984,
            "category_STRGE": -1.2534411469167193,
            "category_THRGH": 3.610288213944959,
            "category_TRSHP": -1.338743128101351
        },
        "elapsed_time_minutes": null
    },
    "dataset_name": "subset_base.csv"
}