{
    "model_type": "LogisticRegression",
    "bins": [
        0,
        5,
        9,
        21
    ],
    "scaled": false,
    "tuned": false,
    "stratified_split_testing": true,
    "week": 4,
    "month": 1,
    "metrics": {
        "accuracy": 0.6990673973656379,
        "precision": 0.4470222138997508,
        "recall": 0.48860045026843224,
        "f1_score": 0.4661403604327152,
        "matthews_corrcoef": 0.3873186653951855,
        "cohen_kappa_score": 0.3835169898100339,
        "roc_auc_score": 0.8054391922779459,
        "log_loss": 0.6859370817556142,
        "confusion_matrix": [
            [
                5146,
                1410,
                0
            ],
            [
                996,
                2125,
                0
            ],
            [
                528,
                196,
                0
            ]
        ],
        "classification_report": "              precision    recall  f1-score   support\n\n     00 - 04       0.77      0.78      0.78      6556\n     05 - 08       0.57      0.68      0.62      3121\n     09 - 20       0.00      0.00      0.00       724\n\n    accuracy                           0.70     10401\n   macro avg       0.45      0.49      0.47     10401\nweighted avg       0.66      0.70      0.68     10401\n",
        "feature_importances": {
            "time_in_month": -1.137701059159278,
            "time_in_hour": 0.028503779083701657,
            "time_in_weekday": -0.17614828298351237,
            "requires_power": -0.007431899131929737,
            "time_in_business_day": -0.1159398302408651,
            "time_in_week_of_year": 1.1710042607597102,
            "time_in_week_of_month": -0.12253061307202891,
            "nominal_length_NOM20": 0.4708010386842252,
            "nominal_length_NOM40": 0.5146182882757534,
            "nominal_length_NOM45": -0.49980480793066606,
            "freight_kind_FCL": 0.2852282507214762,
            "freight_kind_MTY": 0.20038626830785622,
            "category_EXPRT": -1.136175883747167,
            "category_IMPRT": 0.7333366797771022,
            "category_STRGE": -1.0539323878397713,
            "category_THRGH": 3.05789607710523,
            "category_TRSHP": -1.1155099662661117
        },
        "elapsed_time_minutes": null
    },
    "dataset_name": "subset_base.csv"
}