{
    "model_type": "LogisticRegression",
    "bins": [
        0,
        5,
        9,
        21
    ],
    "scaled": false,
    "tuned": false,
    "stratified_split_testing": false,
    "week": 2,
    "month": 2,
    "metrics": {
        "accuracy": 0.7254537953795379,
        "precision": 0.4425750850065164,
        "recall": 0.4584009441443922,
        "f1_score": 0.44845112014790844,
        "matthews_corrcoef": 0.36934763557444716,
        "cohen_kappa_score": 0.35938901838621573,
        "roc_auc_score": 0.8114885968547082,
        "log_loss": 0.5835884739905762,
        "confusion_matrix": [
            [
                5777,
                671,
                1
            ],
            [
                1365,
                1257,
                0
            ],
            [
                253,
                372,
                0
            ]
        ],
        "classification_report": "              precision    recall  f1-score   support\n\n     00 - 04       0.78      0.90      0.83      6449\n     05 - 08       0.55      0.48      0.51      2622\n     09 - 20       0.00      0.00      0.00       625\n\n    accuracy                           0.73      9696\n   macro avg       0.44      0.46      0.45      9696\nweighted avg       0.67      0.73      0.69      9696\n",
        "feature_importances": {
            "time_in_month": -1.215591182654093,
            "time_in_hour": 0.03409074911461643,
            "time_in_weekday": -0.17903069611733316,
            "requires_power": -0.006254786065469141,
            "time_in_business_day": -0.11884148603448447,
            "time_in_week_of_year": 1.2457876118002542,
            "time_in_week_of_month": -0.13358848408905702,
            "nominal_length_NOM20": 0.4718621935612228,
            "nominal_length_NOM40": 0.5124684455681178,
            "nominal_length_NOM45": -0.4357047948217061,
            "freight_kind_FCL": 0.3177388175120229,
            "freight_kind_MTY": 0.2308870267955487,
            "category_EXPRT": -1.1331978217349286,
            "category_IMPRT": 0.7344854126663124,
            "category_STRGE": -1.0526440785716344,
            "category_THRGH": 3.123523746867146,
            "category_TRSHP": -1.123541414919799
        },
        "elapsed_time_minutes": null
    },
    "dataset_name": "subset_base.csv"
}