{
    "model_type": "LogisticRegression",
    "bins": [
        0,
        3,
        10,
        21
    ],
    "scaled": true,
    "tuned": false,
    "stratified_split_testing": false,
    "week": 3,
    "month": 2,
    "metrics": {
        "accuracy": 0.6824141920555341,
        "precision": 0.5784690043867767,
        "recall": 0.6186445632836147,
        "f1_score": 0.5374684136614253,
        "matthews_corrcoef": 0.495180331046954,
        "cohen_kappa_score": 0.46828842682036653,
        "roc_auc_score": 0.8135517581858807,
        "log_loss": 0.8194264609704285,
        "confusion_matrix": [
            [
                4437,
                271,
                377
            ],
            [
                1112,
                2474,
                1355
            ],
            [
                12,
                167,
                167
            ]
        ],
        "classification_report": "              precision    recall  f1-score   support\n\n     00 - 02       0.80      0.87      0.83      5085\n     03 - 09       0.85      0.50      0.63      4941\n     10 - 20       0.09      0.48      0.15       346\n\n    accuracy                           0.68     10372\n   macro avg       0.58      0.62      0.54     10372\nweighted avg       0.80      0.68      0.71     10372\n",
        "feature_importances": {
            "time_in_month": 0.2843131629186829,
            "time_in_hour": 0.010037107740354226,
            "time_in_weekday": -0.19666501444262738,
            "requires_power": -0.018874039149080184,
            "time_in_business_day": 0.018192901615878537,
            "time_in_week_of_year": -0.2824158480087246,
            "time_in_week_of_month": 0.028545200211297164,
            "nominal_length_NOM20": 0.14899832420402132,
            "nominal_length_NOM40": 0.05454445231535048,
            "nominal_length_NOM45": -0.11831566378938989,
            "freight_kind_FCL": 0.1581410486364261,
            "freight_kind_MTY": -0.07291393590645226,
            "category_EXPRT": -1.526513182162345,
            "category_IMPRT": 0.7435657006563817,
            "category_STRGE": -0.8327072564915393,
            "category_THRGH": 2.949644851928296,
            "category_TRSHP": -1.2487630012003563
        },
        "elapsed_time_minutes": null
    },
    "dataset_name": "subset_base.csv"
}