{
    "model_type": "LogisticRegression",
    "bins": [
        0,
        5,
        9,
        21
    ],
    "scaled": false,
    "tuned": false,
    "stratified_split_testing": false,
    "week": 3,
    "month": 2,
    "metrics": {
        "accuracy": 0.8118010026995758,
        "precision": 0.5037836849067535,
        "recall": 0.5426224077313987,
        "f1_score": 0.5219796081647466,
        "matthews_corrcoef": 0.5546873480179833,
        "cohen_kappa_score": 0.5513320187480097,
        "roc_auc_score": 0.846344014938456,
        "log_loss": 0.5135635611993844,
        "confusion_matrix": [
            [
                6620,
                750,
                0
            ],
            [
                667,
                1800,
                0
            ],
            [
                232,
                303,
                0
            ]
        ],
        "classification_report": "              precision    recall  f1-score   support\n\n     00 - 04       0.88      0.90      0.89      7370\n     05 - 08       0.63      0.73      0.68      2467\n     09 - 20       0.00      0.00      0.00       535\n\n    accuracy                           0.81     10372\n   macro avg       0.50      0.54      0.52     10372\nweighted avg       0.78      0.81      0.79     10372\n",
        "feature_importances": {
            "time_in_month": -1.215591182654093,
            "time_in_hour": 0.03409074911461643,
            "time_in_weekday": -0.17903069611733316,
            "requires_power": -0.006254786065469141,
            "time_in_business_day": -0.11884148603448447,
            "time_in_week_of_year": 1.2457876118002542,
            "time_in_week_of_month": -0.13358848408905702,
            "nominal_length_NOM20": 0.4718621935612228,
            "nominal_length_NOM40": 0.5124684455681178,
            "nominal_length_NOM45": -0.4357047948217061,
            "freight_kind_FCL": 0.3177388175120229,
            "freight_kind_MTY": 0.2308870267955487,
            "category_EXPRT": -1.1331978217349286,
            "category_IMPRT": 0.7344854126663124,
            "category_STRGE": -1.0526440785716344,
            "category_THRGH": 3.123523746867146,
            "category_TRSHP": -1.123541414919799
        },
        "elapsed_time_minutes": null
    },
    "dataset_name": "subset_base.csv"
}