{
    "model_type": "LogisticRegression",
    "bins": [
        0,
        3,
        11,
        21
    ],
    "scaled": false,
    "tuned": false,
    "stratified_split_testing": false,
    "week": 1,
    "month": 1,
    "metrics": {
        "accuracy": 0.6679506933744221,
        "precision": 0.46432382280685985,
        "recall": 0.4726516411053825,
        "f1_score": 0.44953571436079526,
        "matthews_corrcoef": 0.4035214275433517,
        "cohen_kappa_score": 0.3728780864543514,
        "roc_auc_score": 0.7664560856498288,
        "log_loss": 0.6527488764505059,
        "confusion_matrix": [
            [
                2288,
                348,
                0
            ],
            [
                1675,
                2047,
                0
            ],
            [
                31,
                101,
                0
            ]
        ],
        "classification_report": "              precision    recall  f1-score   support\n\n     00 - 02       0.57      0.87      0.69      2636\n     03 - 10       0.82      0.55      0.66      3722\n     11 - 20       0.00      0.00      0.00       132\n\n    accuracy                           0.67      6490\n   macro avg       0.46      0.47      0.45      6490\nweighted avg       0.70      0.67      0.66      6490\n",
        "feature_importances": {
            "time_in_month": 0.3507485372026998,
            "time_in_hour": 0.014543471875359246,
            "time_in_weekday": -0.21091715044773074,
            "requires_power": -0.03331742526139235,
            "time_in_business_day": 0.03930847316686004,
            "time_in_week_of_year": -0.3272513122225886,
            "time_in_week_of_month": 0.029839135237094097,
            "nominal_length_NOM20": 0.31256576889468257,
            "nominal_length_NOM40": 0.24475918555860626,
            "nominal_length_NOM45": -0.2813734120533203,
            "freight_kind_FCL": 0.287849342099947,
            "freight_kind_MTY": -0.011897799699931802,
            "category_EXPRT": -1.3007898151488886,
            "category_IMPRT": 0.8883334028636481,
            "category_STRGE": -0.7091417992186024,
            "category_THRGH": 2.4896101427522384,
            "category_TRSHP": -1.0920603888482403
        },
        "elapsed_time_minutes": null
    },
    "dataset_name": "subset_base.csv"
}