{
    "model_type": "LogisticRegression",
    "bins": [
        0,
        6,
        12,
        21
    ],
    "scaled": false,
    "tuned": false,
    "stratified_split_testing": true,
    "week": 2,
    "month": 3,
    "metrics": {
        "accuracy": 0.8372238172512795,
        "precision": 0.4385945758215611,
        "recall": 0.40342916331500484,
        "f1_score": 0.41416365928087856,
        "matthews_corrcoef": 0.25855025078130406,
        "cohen_kappa_score": 0.2489054447960446,
        "roc_auc_score": 0.8458949874219183,
        "log_loss": 0.4118594618508431,
        "confusion_matrix": [
            [
                6381,
                414,
                0
            ],
            [
                876,
                326,
                0
            ],
            [
                9,
                5,
                0
            ]
        ],
        "classification_report": "              precision    recall  f1-score   support\n\n     00 - 05       0.88      0.94      0.91      6795\n     06 - 11       0.44      0.27      0.33      1202\n     12 - 20       0.00      0.00      0.00        14\n\n    accuracy                           0.84      8011\n   macro avg       0.44      0.40      0.41      8011\nweighted avg       0.81      0.84      0.82      8011\n",
        "feature_importances": {
            "time_in_month": -0.4995774457308359,
            "time_in_hour": 0.032560997695683255,
            "time_in_weekday": -0.15534219797533935,
            "requires_power": -0.021930638050461408,
            "time_in_business_day": -0.09604740678516717,
            "time_in_week_of_year": 0.562450960375786,
            "time_in_week_of_month": -0.07032619294198438,
            "nominal_length_NOM20": 0.3554988916074934,
            "nominal_length_NOM40": 0.42463008423298054,
            "nominal_length_NOM45": -0.05957619775535466,
            "freight_kind_FCL": 0.4379422227485403,
            "freight_kind_MTY": 0.2826105553366205,
            "category_EXPRT": -0.7234086405569496,
            "category_IMPRT": 0.8257907412474088,
            "category_STRGE": -1.1479455192882535,
            "category_THRGH": 2.796483297184912,
            "category_TRSHP": -1.0303671005017956
        },
        "elapsed_time_minutes": null
    },
    "dataset_name": "subset_base.csv"
}