{
    "model_type": "LogisticRegression",
    "bins": [
        0,
        4,
        12,
        21
    ],
    "scaled": true,
    "tuned": false,
    "stratified_split_testing": false,
    "week": 4,
    "month": 1,
    "metrics": {
        "accuracy": 0.6124411114315931,
        "precision": 0.5122635083467396,
        "recall": 0.6591544511987851,
        "f1_score": 0.512751814462353,
        "matthews_corrcoef": 0.34577303500388457,
        "cohen_kappa_score": 0.33738429394080316,
        "roc_auc_score": 0.7782777085241056,
        "log_loss": 0.9829990827552768,
        "confusion_matrix": [
            [
                3544,
                1360,
                381
            ],
            [
                1200,
                2587,
                1018
            ],
            [
                29,
                43,
                239
            ]
        ],
        "classification_report": "              precision    recall  f1-score   support\n\n     00 - 03       0.74      0.67      0.70      5285\n     04 - 11       0.65      0.54      0.59      4805\n     12 - 20       0.15      0.77      0.25       311\n\n    accuracy                           0.61     10401\n   macro avg       0.51      0.66      0.51     10401\nweighted avg       0.68      0.61      0.64     10401\n",
        "feature_importances": {
            "time_in_month": 0.010401377200898168,
            "time_in_hour": 0.02007809637059323,
            "time_in_weekday": -0.26511454037410465,
            "requires_power": -0.03174676263688866,
            "time_in_business_day": -0.08722504464672158,
            "time_in_week_of_year": -0.007747145215220587,
            "time_in_week_of_month": -0.0063188002864629535,
            "nominal_length_NOM20": 0.15868661165666664,
            "nominal_length_NOM40": 0.0868905490757232,
            "nominal_length_NOM45": -0.0420163707363995,
            "freight_kind_FCL": 0.2320624785071353,
            "freight_kind_MTY": -0.02850168851100882,
            "category_EXPRT": -1.1948170345129514,
            "category_IMPRT": 0.5724593789774813,
            "category_STRGE": -1.2584950652943943,
            "category_THRGH": 3.3954182543169993,
            "category_TRSHP": -1.3110047434910297
        },
        "elapsed_time_minutes": null
    },
    "dataset_name": "subset_base.csv"
}