{
    "model_type": "LogisticRegression",
    "bins": [
        0,
        4,
        12,
        21
    ],
    "scaled": true,
    "tuned": false,
    "stratified_split_testing": false,
    "week": 1,
    "month": 2,
    "metrics": {
        "accuracy": 0.6911943319838056,
        "precision": 0.5163535866176794,
        "recall": 0.5884903323853946,
        "f1_score": 0.49920331434322435,
        "matthews_corrcoef": 0.44151480361181955,
        "cohen_kappa_score": 0.43518896905275173,
        "roc_auc_score": 0.7320890290062505,
        "log_loss": 0.9153305654391313,
        "confusion_matrix": [
            [
                3988,
                1029,
                370
            ],
            [
                1020,
                2813,
                588
            ],
            [
                16,
                28,
                28
            ]
        ],
        "classification_report": "              precision    recall  f1-score   support\n\n     00 - 03       0.79      0.74      0.77      5387\n     04 - 11       0.73      0.64      0.68      4421\n     12 - 20       0.03      0.39      0.05        72\n\n    accuracy                           0.69      9880\n   macro avg       0.52      0.59      0.50      9880\nweighted avg       0.76      0.69      0.72      9880\n",
        "feature_importances": {
            "time_in_month": 0.010401377200898168,
            "time_in_hour": 0.02007809637059323,
            "time_in_weekday": -0.26511454037410465,
            "requires_power": -0.03174676263688866,
            "time_in_business_day": -0.08722504464672158,
            "time_in_week_of_year": -0.007747145215220587,
            "time_in_week_of_month": -0.0063188002864629535,
            "nominal_length_NOM20": 0.15868661165666664,
            "nominal_length_NOM40": 0.0868905490757232,
            "nominal_length_NOM45": -0.0420163707363995,
            "freight_kind_FCL": 0.2320624785071353,
            "freight_kind_MTY": -0.02850168851100882,
            "category_EXPRT": -1.1948170345129514,
            "category_IMPRT": 0.5724593789774813,
            "category_STRGE": -1.2584950652943943,
            "category_THRGH": 3.3954182543169993,
            "category_TRSHP": -1.3110047434910297
        },
        "elapsed_time_minutes": null
    },
    "dataset_name": "subset_base.csv"
}