{
    "model_type": "LogisticRegression",
    "bins": [
        0,
        3,
        11,
        21
    ],
    "scaled": false,
    "tuned": false,
    "stratified_split_testing": true,
    "week": 1,
    "month": 1,
    "metrics": {
        "accuracy": 0.6679506933744221,
        "precision": 0.46432382280685985,
        "recall": 0.4726516411053825,
        "f1_score": 0.44953571436079526,
        "matthews_corrcoef": 0.4035214275433517,
        "cohen_kappa_score": 0.3728780864543514,
        "roc_auc_score": 0.7660794739938667,
        "log_loss": 0.6517577861144026,
        "confusion_matrix": [
            [
                2288,
                348,
                0
            ],
            [
                1675,
                2047,
                0
            ],
            [
                31,
                101,
                0
            ]
        ],
        "classification_report": "              precision    recall  f1-score   support\n\n     00 - 02       0.57      0.87      0.69      2636\n     03 - 10       0.82      0.55      0.66      3722\n     11 - 20       0.00      0.00      0.00       132\n\n    accuracy                           0.67      6490\n   macro avg       0.46      0.47      0.45      6490\nweighted avg       0.70      0.67      0.66      6490\n",
        "feature_importances": {
            "time_in_month": 0.4844408819902341,
            "time_in_hour": 0.011167101297994975,
            "time_in_weekday": -0.21001526284439978,
            "requires_power": -0.03565903346633008,
            "time_in_business_day": 0.03877192904087736,
            "time_in_week_of_year": -0.45435203638924604,
            "time_in_week_of_month": 0.044981040959417594,
            "nominal_length_NOM20": 0.3857078488668957,
            "nominal_length_NOM40": 0.3261511185340253,
            "nominal_length_NOM45": -0.5060397468371455,
            "freight_kind_FCL": 0.25207606971325425,
            "freight_kind_MTY": -0.04625684914950093,
            "category_EXPRT": -1.3111696036553473,
            "category_IMPRT": 0.8805794918113611,
            "category_STRGE": -0.7124976571027424,
            "category_THRGH": 2.4396243266133837,
            "category_TRSHP": -1.0907173371024081
        },
        "elapsed_time_minutes": null
    },
    "dataset_name": "subset_base.csv"
}