{
    "model_type": "LogisticRegression",
    "bins": [
        0,
        4,
        12,
        21
    ],
    "scaled": false,
    "tuned": false,
    "stratified_split_testing": true,
    "week": 2,
    "month": 1,
    "metrics": {
        "accuracy": 0.7828635221881105,
        "precision": 0.5161455183810175,
        "recall": 0.5266907340749084,
        "f1_score": 0.5206118734545492,
        "matthews_corrcoef": 0.5608982711602442,
        "cohen_kappa_score": 0.5593257940040179,
        "roc_auc_score": 0.8481830671327536,
        "log_loss": 0.5410343083657947,
        "confusion_matrix": [
            [
                5104,
                1287,
                0
            ],
            [
                926,
                3311,
                0
            ],
            [
                36,
                85,
                0
            ]
        ],
        "classification_report": "              precision    recall  f1-score   support\n\n     00 - 03       0.84      0.80      0.82      6391\n     04 - 11       0.71      0.78      0.74      4237\n     12 - 20       0.00      0.00      0.00       121\n\n    accuracy                           0.78     10749\n   macro avg       0.52      0.53      0.52     10749\nweighted avg       0.78      0.78      0.78     10749\n",
        "feature_importances": {
            "time_in_month": 0.09544910670112734,
            "time_in_hour": 0.01275474888467674,
            "time_in_weekday": -0.2628981647114422,
            "requires_power": -0.04154584667178006,
            "time_in_business_day": -0.059390875135890725,
            "time_in_week_of_year": -0.06047789446014461,
            "time_in_week_of_month": 0.0010782375365957014,
            "nominal_length_NOM20": 0.45133836665001326,
            "nominal_length_NOM40": 0.44770294583956904,
            "nominal_length_NOM45": -0.43969978637167706,
            "freight_kind_FCL": 0.37362845152252494,
            "freight_kind_MTY": 0.08571307459539604,
            "category_EXPRT": -0.986417525054771,
            "category_IMPRT": 0.791246461802057,
            "category_STRGE": -1.004723426560085,
            "category_THRGH": 2.742666172266289,
            "category_TRSHP": -1.0834301563358897
        },
        "elapsed_time_minutes": null
    },
    "dataset_name": "subset_base.csv"
}