{
    "model_type": "LogisticRegression",
    "bins": [
        0,
        5,
        12,
        21
    ],
    "scaled": true,
    "tuned": false,
    "stratified_split_testing": true,
    "week": 1,
    "month": 1,
    "metrics": {
        "accuracy": 0.7551617873651773,
        "precision": 0.568959732886594,
        "recall": 0.7538035752045413,
        "f1_score": 0.5762703761224772,
        "matthews_corrcoef": 0.5101052505480613,
        "cohen_kappa_score": 0.497317397404611,
        "roc_auc_score": 0.8200170111477304,
        "log_loss": 0.8074359602817469,
        "confusion_matrix": [
            [
                3598,
                553,
                449
            ],
            [
                374,
                1217,
                191
            ],
            [
                22,
                0,
                86
            ]
        ],
        "classification_report": "              precision    recall  f1-score   support\n\n     00 - 04       0.90      0.78      0.84      4600\n     05 - 11       0.69      0.68      0.69      1782\n     12 - 20       0.12      0.80      0.21       108\n\n    accuracy                           0.76      6490\n   macro avg       0.57      0.75      0.58      6490\nweighted avg       0.83      0.76      0.79      6490\n",
        "feature_importances": {
            "time_in_month": -0.717229844548225,
            "time_in_hour": 0.028116927722313802,
            "time_in_weekday": -0.23232639361468474,
            "requires_power": -0.02353883697745508,
            "time_in_business_day": -0.13127993606166746,
            "time_in_week_of_year": 0.74031021022074,
            "time_in_week_of_month": -0.09023497582279824,
            "nominal_length_NOM20": 0.17871820214840242,
            "nominal_length_NOM40": 0.13856928595848148,
            "nominal_length_NOM45": -0.05180122606068499,
            "freight_kind_FCL": 0.23207878333420423,
            "freight_kind_MTY": 0.033407478717555346,
            "category_EXPRT": -1.1533242717281686,
            "category_IMPRT": 0.4940446908327806,
            "category_STRGE": -1.4535067956323564,
            "category_THRGH": 3.780868906135985,
            "category_TRSHP": -1.4025962675609118
        },
        "elapsed_time_minutes": null
    },
    "dataset_name": "subset_base.csv"
}