{
    "model_type": "LogisticRegression",
    "bins": [
        0,
        4,
        11,
        21
    ],
    "scaled": true,
    "tuned": false,
    "stratified_split_testing": true,
    "week": 2,
    "month": 2,
    "metrics": {
        "accuracy": 0.6938943894389439,
        "precision": 0.5610017655795475,
        "recall": 0.58949881242316,
        "f1_score": 0.5361746207873763,
        "matthews_corrcoef": 0.4800520561590872,
        "cohen_kappa_score": 0.46736677250826975,
        "roc_auc_score": 0.803767085944151,
        "log_loss": 0.8277449287397164,
        "confusion_matrix": [
            [
                4299,
                568,
                502
            ],
            [
                760,
                2304,
                945
            ],
            [
                25,
                168,
                125
            ]
        ],
        "classification_report": "              precision    recall  f1-score   support\n\n     00 - 03       0.85      0.80      0.82      5369\n     04 - 10       0.76      0.57      0.65      4009\n     11 - 20       0.08      0.39      0.13       318\n\n    accuracy                           0.69      9696\n   macro avg       0.56      0.59      0.54      9696\nweighted avg       0.78      0.69      0.73      9696\n",
        "feature_importances": {
            "time_in_month": 0.18676446346637018,
            "time_in_hour": 0.017739602738640455,
            "time_in_weekday": -0.24477378780334852,
            "requires_power": -0.026110043935036954,
            "time_in_business_day": -0.07617076595457617,
            "time_in_week_of_year": -0.1828241813133226,
            "time_in_week_of_month": 0.02393147324767105,
            "nominal_length_NOM20": 0.17037141119114493,
            "nominal_length_NOM40": 0.0992895992233648,
            "nominal_length_NOM45": -0.08004252122643528,
            "freight_kind_FCL": 0.2100751667784529,
            "freight_kind_MTY": -0.020456677592277175,
            "category_EXPRT": -1.2337498544876786,
            "category_IMPRT": 0.5610554268517333,
            "category_STRGE": -1.2115080366972297,
            "category_THRGH": 3.392229496056966,
            "category_TRSHP": -1.3184085425360397
        },
        "elapsed_time_minutes": null
    },
    "dataset_name": "subset_base.csv"
}