{
    "model_type": "LogisticRegression",
    "bins": [
        0,
        4,
        12,
        21
    ],
    "scaled": true,
    "tuned": false,
    "stratified_split_testing": true,
    "week": 2,
    "month": 2,
    "metrics": {
        "accuracy": 0.7060643564356436,
        "precision": 0.5686531448747074,
        "recall": 0.648446431522465,
        "f1_score": 0.5409626919664571,
        "matthews_corrcoef": 0.5002495267467386,
        "cohen_kappa_score": 0.4849905964787563,
        "roc_auc_score": 0.8188834814876439,
        "log_loss": 0.8291287899186787,
        "confusion_matrix": [
            [
                4299,
                581,
                489
            ],
            [
                766,
                2440,
                928
            ],
            [
                19,
                67,
                107
            ]
        ],
        "classification_report": "              precision    recall  f1-score   support\n\n     00 - 03       0.85      0.80      0.82      5369\n     04 - 11       0.79      0.59      0.68      4134\n     12 - 20       0.07      0.55      0.12       193\n\n    accuracy                           0.71      9696\n   macro avg       0.57      0.65      0.54      9696\nweighted avg       0.81      0.71      0.75      9696\n",
        "feature_importances": {
            "time_in_month": 0.15093696147998684,
            "time_in_hour": 0.01755911720435139,
            "time_in_weekday": -0.2633476153967836,
            "requires_power": -0.03594656695562465,
            "time_in_business_day": -0.08942876728308517,
            "time_in_week_of_year": -0.14291531671499177,
            "time_in_week_of_month": 0.010061495786494288,
            "nominal_length_NOM20": 0.18390379705112087,
            "nominal_length_NOM40": 0.12070249940780146,
            "nominal_length_NOM45": -0.13823718165020837,
            "freight_kind_FCL": 0.21119184432493748,
            "freight_kind_MTY": -0.0448227295157031,
            "category_EXPRT": -1.1864867734271423,
            "category_IMPRT": 0.5972504337962248,
            "category_STRGE": -1.240772682281681,
            "category_THRGH": 3.2716076532268104,
            "category_TRSHP": -1.27522951650457
        },
        "elapsed_time_minutes": null
    },
    "dataset_name": "subset_base.csv"
}