{
    "model_type": "LogisticRegression",
    "bins": [
        0,
        6,
        11,
        21
    ],
    "scaled": false,
    "tuned": false,
    "stratified_split_testing": false,
    "week": 2,
    "month": 1,
    "metrics": {
        "accuracy": 0.8027723509163643,
        "precision": 0.3638765406339563,
        "recall": 0.3594566422907437,
        "f1_score": 0.35955723942920553,
        "matthews_corrcoef": 0.08191333184961405,
        "cohen_kappa_score": 0.07950953935365879,
        "roc_auc_score": 0.7892163743724726,
        "log_loss": 0.42728122441926725,
        "confusion_matrix": [
            [
                8397,
                779,
                0
            ],
            [
                1189,
                232,
                0
            ],
            [
                151,
                1,
                0
            ]
        ],
        "classification_report": "              precision    recall  f1-score   support\n\n     00 - 05       0.86      0.92      0.89      9176\n     06 - 10       0.23      0.16      0.19      1421\n     11 - 20       0.00      0.00      0.00       152\n\n    accuracy                           0.80     10749\n   macro avg       0.36      0.36      0.36     10749\nweighted avg       0.77      0.80      0.78     10749\n",
        "feature_importances": {
            "time_in_month": -0.6069665688758253,
            "time_in_hour": 0.03975275447454349,
            "time_in_weekday": -0.14174290058453354,
            "requires_power": -0.015455474228108636,
            "time_in_business_day": -0.09830815785534783,
            "time_in_week_of_year": 0.6562244992154663,
            "time_in_week_of_month": -0.07685047383586359,
            "nominal_length_NOM20": 0.3575863031032885,
            "nominal_length_NOM40": 0.41804599513127483,
            "nominal_length_NOM45": 0.04098392315394901,
            "freight_kind_FCL": 0.4690549865307294,
            "freight_kind_MTY": 0.3475612348578012,
            "category_EXPRT": -0.7249264949453611,
            "category_IMPRT": 0.8489963047549536,
            "category_STRGE": -1.0706695486063007,
            "category_THRGH": 2.7760078619754585,
            "category_TRSHP": -1.0127919017904021
        },
        "elapsed_time_minutes": null
    },
    "dataset_name": "subset_base.csv"
}