{
    "model_type": "LogisticRegression",
    "bins": [
        0,
        4,
        9,
        21
    ],
    "scaled": false,
    "tuned": false,
    "stratified_split_testing": false,
    "week": 1,
    "month": 3,
    "metrics": {
        "accuracy": 0.7764250768005462,
        "precision": 0.6720741819920338,
        "recall": 0.5484839560080531,
        "f1_score": 0.5277949098693541,
        "matthews_corrcoef": 0.5648813677320629,
        "cohen_kappa_score": 0.5598574530617042,
        "roc_auc_score": 0.8245436953586628,
        "log_loss": 0.631246926065151,
        "confusion_matrix": [
            [
                4473,
                758,
                3
            ],
            [
                641,
                2348,
                0
            ],
            [
                121,
                442,
                3
            ]
        ],
        "classification_report": "              precision    recall  f1-score   support\n\n     00 - 03       0.85      0.85      0.85      5234\n     04 - 08       0.66      0.79      0.72      2989\n     09 - 20       0.50      0.01      0.01       566\n\n    accuracy                           0.78      8789\n   macro avg       0.67      0.55      0.53      8789\nweighted avg       0.77      0.78      0.75      8789\n",
        "feature_importances": {
            "time_in_month": -0.25067907498864567,
            "time_in_hour": 0.02579432029659084,
            "time_in_weekday": -0.20492936988736885,
            "requires_power": -0.019189861942924446,
            "time_in_business_day": -0.07161322042424086,
            "time_in_week_of_year": 0.26461087222645846,
            "time_in_week_of_month": -0.022870610599803682,
            "nominal_length_NOM20": 0.3488847382080012,
            "nominal_length_NOM40": 0.3518905375246517,
            "nominal_length_NOM45": -0.2882502659632094,
            "freight_kind_FCL": 0.27854593437094965,
            "freight_kind_MTY": 0.13397907539852735,
            "category_EXPRT": -1.213630176647026,
            "category_IMPRT": 0.775330677745505,
            "category_STRGE": -0.895929940150363,
            "category_THRGH": 2.8194262108678334,
            "category_TRSHP": -1.0726717620464443
        },
        "elapsed_time_minutes": null
    },
    "dataset_name": "subset_base.csv"
}