{
    "model_type": "LogisticRegression",
    "bins": [
        0,
        4,
        11,
        21
    ],
    "scaled": true,
    "tuned": false,
    "stratified_split_testing": false,
    "week": 1,
    "month": 1,
    "metrics": {
        "accuracy": 0.7426810477657936,
        "precision": 0.6001622723123027,
        "recall": 0.7346153848231364,
        "f1_score": 0.5882783380455919,
        "matthews_corrcoef": 0.5253332814155672,
        "cohen_kappa_score": 0.5136457889411283,
        "roc_auc_score": 0.7971919955329644,
        "log_loss": 0.8336542435065606,
        "confusion_matrix": [
            [
                3178,
                246,
                373
            ],
            [
                785,
                1541,
                235
            ],
            [
                31,
                0,
                101
            ]
        ],
        "classification_report": "              precision    recall  f1-score   support\n\n     00 - 03       0.80      0.84      0.82      3797\n     04 - 10       0.86      0.60      0.71      2561\n     11 - 20       0.14      0.77      0.24       132\n\n    accuracy                           0.74      6490\n   macro avg       0.60      0.73      0.59      6490\nweighted avg       0.81      0.74      0.76      6490\n",
        "feature_importances": {
            "time_in_month": 0.08130795932359469,
            "time_in_hour": 0.023714866764444946,
            "time_in_weekday": -0.2536736642474489,
            "requires_power": -0.024064193448961144,
            "time_in_business_day": -0.07726241237774373,
            "time_in_week_of_year": -0.07946444936316649,
            "time_in_week_of_month": 0.008791164191319938,
            "nominal_length_NOM20": 0.20025813670648018,
            "nominal_length_NOM40": 0.12002562402207526,
            "nominal_length_NOM45": -0.14352189954759803,
            "freight_kind_FCL": 0.2046385085552898,
            "freight_kind_MTY": -0.02787664737250687,
            "category_EXPRT": -1.222470351301817,
            "category_IMPRT": 0.5741045827124532,
            "category_STRGE": -1.2040486944815936,
            "category_THRGH": 3.3515816156618627,
            "category_TRSHP": -1.3224052914088402
        },
        "elapsed_time_minutes": null
    },
    "dataset_name": "subset_base.csv"
}