{
    "model_type": "LogisticRegression",
    "bins": [
        0,
        3,
        11,
        21
    ],
    "scaled": true,
    "tuned": false,
    "stratified_split_testing": false,
    "week": 2,
    "month": 2,
    "metrics": {
        "accuracy": 0.6420173267326733,
        "precision": 0.5333928421916302,
        "recall": 0.5820831774736537,
        "f1_score": 0.5079603278716648,
        "matthews_corrcoef": 0.42625468920669496,
        "cohen_kappa_score": 0.3981539148902543,
        "roc_auc_score": 0.7862816038253513,
        "log_loss": 0.8977052313558307,
        "confusion_matrix": [
            [
                3350,
                315,
                298
            ],
            [
                1709,
                2750,
                956
            ],
            [
                25,
                168,
                125
            ]
        ],
        "classification_report": "              precision    recall  f1-score   support\n\n     00 - 02       0.66      0.85      0.74      3963\n     03 - 10       0.85      0.51      0.64      5415\n     11 - 20       0.09      0.39      0.15       318\n\n    accuracy                           0.64      9696\n   macro avg       0.53      0.58      0.51      9696\nweighted avg       0.75      0.64      0.66      9696\n",
        "feature_importances": {
            "time_in_month": 0.3216254065856147,
            "time_in_hour": 0.011858626512254774,
            "time_in_weekday": -0.22867995750301606,
            "requires_power": -0.020973707781236556,
            "time_in_business_day": 0.0011710866051280668,
            "time_in_week_of_year": -0.32417428352733596,
            "time_in_week_of_month": 0.033225916080942934,
            "nominal_length_NOM20": 0.1807792781716555,
            "nominal_length_NOM40": 0.06462792734422722,
            "nominal_length_NOM45": -0.17090191274521122,
            "freight_kind_FCL": 0.18206318135667127,
            "freight_kind_MTY": -0.10755788858700024,
            "category_EXPRT": -1.4855153938204946,
            "category_IMPRT": 0.6997056832668825,
            "category_STRGE": -0.9108244624357437,
            "category_THRGH": 3.053120194588702,
            "category_TRSHP": -1.281980728828733
        },
        "elapsed_time_minutes": null
    },
    "dataset_name": "subset_base.csv"
}