{
    "model_type": "LogisticRegression",
    "bins": [
        0,
        4,
        10,
        21
    ],
    "scaled": false,
    "tuned": false,
    "stratified_split_testing": true,
    "week": 1,
    "month": 2,
    "metrics": {
        "accuracy": 0.7472672064777328,
        "precision": 0.8302987610980844,
        "recall": 0.5139671139554988,
        "f1_score": 0.521324242865387,
        "matthews_corrcoef": 0.49790706025870196,
        "cohen_kappa_score": 0.49704279956530617,
        "roc_auc_score": 0.7502036561996827,
        "log_loss": 0.6296087756913801,
        "confusion_matrix": [
            [
                4049,
                1338,
                0
            ],
            [
                1074,
                3331,
                0
            ],
            [
                25,
                60,
                3
            ]
        ],
        "classification_report": "              precision    recall  f1-score   support\n\n     00 - 03       0.79      0.75      0.77      5387\n     04 - 09       0.70      0.76      0.73      4405\n     10 - 20       1.00      0.03      0.07        88\n\n    accuracy                           0.75      9880\n   macro avg       0.83      0.51      0.52      9880\nweighted avg       0.75      0.75      0.74      9880\n",
        "feature_importances": {
            "time_in_month": 0.1307909490242875,
            "time_in_hour": 0.017622047863201484,
            "time_in_weekday": -0.21541654561698956,
            "requires_power": -0.02594553792017218,
            "time_in_business_day": -0.052783617725656415,
            "time_in_week_of_year": -0.10674102508294694,
            "time_in_week_of_month": 0.01438773020852602,
            "nominal_length_NOM20": 0.3822312825395655,
            "nominal_length_NOM40": 0.38050348023318586,
            "nominal_length_NOM45": -0.34317129538281405,
            "freight_kind_FCL": 0.298418664687885,
            "freight_kind_MTY": 0.12114480270203525,
            "category_EXPRT": -1.0984232261855857,
            "category_IMPRT": 0.7782387513620262,
            "category_STRGE": -0.9538877572961544,
            "category_THRGH": 2.794116174325843,
            "category_TRSHP": -1.1004804748160062
        },
        "elapsed_time_minutes": null
    },
    "dataset_name": "subset_base.csv"
}