{
    "model_type": "LogisticRegression",
    "bins": [
        0,
        4,
        12,
        21
    ],
    "scaled": false,
    "tuned": false,
    "stratified_split_testing": false,
    "week": 3,
    "month": 2,
    "metrics": {
        "accuracy": 0.8110296953335905,
        "precision": 0.5338157322362197,
        "recall": 0.5560997219481707,
        "f1_score": 0.5398727943839939,
        "matthews_corrcoef": 0.6291006680979915,
        "cohen_kappa_score": 0.6186515347248285,
        "roc_auc_score": 0.8550460243100154,
        "log_loss": 0.487422266761143,
        "confusion_matrix": [
            [
                5173,
                1328,
                0
            ],
            [
                473,
                3239,
                0
            ],
            [
                8,
                151,
                0
            ]
        ],
        "classification_report": "              precision    recall  f1-score   support\n\n     00 - 03       0.91      0.80      0.85      6501\n     04 - 11       0.69      0.87      0.77      3712\n     12 - 20       0.00      0.00      0.00       159\n\n    accuracy                           0.81     10372\n   macro avg       0.53      0.56      0.54     10372\nweighted avg       0.82      0.81      0.81     10372\n",
        "feature_importances": {
            "time_in_month": -0.01171354815467645,
            "time_in_hour": 0.020361889000418704,
            "time_in_weekday": -0.2641395941772903,
            "requires_power": -0.04083214281018673,
            "time_in_business_day": -0.059180487357740376,
            "time_in_week_of_year": 0.04178927511758281,
            "time_in_week_of_month": -0.010966628110914657,
            "nominal_length_NOM20": 0.42073650417005104,
            "nominal_length_NOM40": 0.4126555850378994,
            "nominal_length_NOM45": -0.35432607482370504,
            "freight_kind_FCL": 0.3862187831701393,
            "freight_kind_MTY": 0.09284723121405909,
            "category_EXPRT": -0.9671907341611222,
            "category_IMPRT": 0.7968040293430161,
            "category_STRGE": -0.9906629168790184,
            "category_THRGH": 2.723689513133064,
            "category_TRSHP": -1.0835738770514287
        },
        "elapsed_time_minutes": null
    },
    "dataset_name": "subset_base.csv"
}