{
    "model_type": "LogisticRegression",
    "bins": [
        0,
        5,
        12,
        21
    ],
    "scaled": false,
    "tuned": false,
    "stratified_split_testing": false,
    "week": 3,
    "month": 2,
    "metrics": {
        "accuracy": 0.8173929811029695,
        "precision": 0.5181379312783363,
        "recall": 0.551897994121103,
        "f1_score": 0.5307123731615603,
        "matthews_corrcoef": 0.5947050609212265,
        "cohen_kappa_score": 0.5875076468672003,
        "roc_auc_score": 0.8645415197405502,
        "log_loss": 0.43388534538037543,
        "confusion_matrix": [
            [
                6139,
                1231,
                0
            ],
            [
                504,
                2339,
                0
            ],
            [
                87,
                72,
                0
            ]
        ],
        "classification_report": "              precision    recall  f1-score   support\n\n     00 - 04       0.91      0.83      0.87      7370\n     05 - 11       0.64      0.82      0.72      2843\n     12 - 20       0.00      0.00      0.00       159\n\n    accuracy                           0.82     10372\n   macro avg       0.52      0.55      0.53     10372\nweighted avg       0.82      0.82      0.82     10372\n",
        "feature_importances": {
            "time_in_month": -0.9621972230725476,
            "time_in_hour": 0.03207179262891086,
            "time_in_weekday": -0.22512345110830864,
            "requires_power": -0.027174315156124916,
            "time_in_business_day": -0.10091171763714134,
            "time_in_week_of_year": 1.008002110817055,
            "time_in_week_of_month": -0.1185439235395575,
            "nominal_length_NOM20": 0.49120684878310883,
            "nominal_length_NOM40": 0.5222845562984485,
            "nominal_length_NOM45": -0.6530724662613866,
            "freight_kind_FCL": 0.2968098698683641,
            "freight_kind_MTY": 0.06360906895182328,
            "category_EXPRT": -0.9092655663237984,
            "category_IMPRT": 0.7178930649861589,
            "category_STRGE": -1.18503073407545,
            "category_THRGH": 2.908231493057181,
            "category_TRSHP": -1.171409318823218
        },
        "elapsed_time_minutes": null
    },
    "dataset_name": "subset_base.csv"
}