{
    "model_type": "LogisticRegression",
    "bins": [
        0,
        5,
        11,
        21
    ],
    "scaled": false,
    "tuned": false,
    "stratified_split_testing": true,
    "week": 1,
    "month": 1,
    "metrics": {
        "accuracy": 0.7879815100154083,
        "precision": 0.49620963244947336,
        "recall": 0.528374882524608,
        "f1_score": 0.5087445293559859,
        "matthews_corrcoef": 0.5247612762352772,
        "cohen_kappa_score": 0.5196096731765966,
        "roc_auc_score": 0.8239016298410818,
        "log_loss": 0.5095092066026733,
        "confusion_matrix": [
            [
                3767,
                833,
                0
            ],
            [
                411,
                1347,
                0
            ],
            [
                87,
                45,
                0
            ]
        ],
        "classification_report": "              precision    recall  f1-score   support\n\n     00 - 04       0.88      0.82      0.85      4600\n     05 - 10       0.61      0.77      0.68      1758\n     11 - 20       0.00      0.00      0.00       132\n\n    accuracy                           0.79      6490\n   macro avg       0.50      0.53      0.51      6490\nweighted avg       0.79      0.79      0.79      6490\n",
        "feature_importances": {
            "time_in_month": -0.7532062678848626,
            "time_in_hour": 0.02776335052739076,
            "time_in_weekday": -0.2067376373626719,
            "requires_power": -0.023534379253708826,
            "time_in_business_day": -0.09585624676167447,
            "time_in_week_of_year": 0.7965254028679309,
            "time_in_week_of_month": -0.08879315878783081,
            "nominal_length_NOM20": 0.5287012844999002,
            "nominal_length_NOM40": 0.5607023675516347,
            "nominal_length_NOM45": -0.5478762067644799,
            "freight_kind_FCL": 0.3661919991069766,
            "freight_kind_MTY": 0.17533544618021443,
            "category_EXPRT": -0.8911922926295782,
            "category_IMPRT": 0.7713653783245867,
            "category_STRGE": -1.0934196939928738,
            "category_THRGH": 2.8698121873048867,
            "category_TRSHP": -1.1150381337188522
        },
        "elapsed_time_minutes": null
    },
    "dataset_name": "subset_base.csv"
}