{
    "model_type": "LogisticRegression",
    "bins": [
        0,
        3,
        10,
        21
    ],
    "scaled": false,
    "tuned": false,
    "stratified_split_testing": true,
    "week": 1,
    "month": 1,
    "metrics": {
        "accuracy": 0.6670261941448382,
        "precision": 0.46352254075557786,
        "recall": 0.4728044300174772,
        "f1_score": 0.4493862277341627,
        "matthews_corrcoef": 0.40238290295368423,
        "cohen_kappa_score": 0.3721158514211649,
        "roc_auc_score": 0.7565281189270707,
        "log_loss": 0.6616828942003359,
        "confusion_matrix": [
            [
                2288,
                348,
                0
            ],
            [
                1667,
                2041,
                0
            ],
            [
                39,
                107,
                0
            ]
        ],
        "classification_report": "              precision    recall  f1-score   support\n\n     00 - 02       0.57      0.87      0.69      2636\n     03 - 09       0.82      0.55      0.66      3708\n     10 - 20       0.00      0.00      0.00       146\n\n    accuracy                           0.67      6490\n   macro avg       0.46      0.47      0.45      6490\nweighted avg       0.70      0.67      0.66      6490\n",
        "feature_importances": {
            "time_in_month": 0.45153551868003994,
            "time_in_hour": 0.01299807255140046,
            "time_in_weekday": -0.17691619201572073,
            "requires_power": -0.024550714038019002,
            "time_in_business_day": 0.042490611696917,
            "time_in_week_of_year": -0.42281373431833336,
            "time_in_week_of_month": 0.04383212577551827,
            "nominal_length_NOM20": 0.36504338904028355,
            "nominal_length_NOM40": 0.31169460275156835,
            "nominal_length_NOM45": -0.5118969874233699,
            "freight_kind_FCL": 0.19376937829868904,
            "freight_kind_MTY": -0.028928373930201604,
            "category_EXPRT": -1.4045646932950901,
            "category_IMPRT": 0.8673059826542463,
            "category_STRGE": -0.7103732046300688,
            "category_THRGH": 2.523303450376792,
            "category_TRSHP": -1.1108305307378994
        },
        "elapsed_time_minutes": null
    },
    "dataset_name": "subset_base.csv"
}