{
    "model_type": "LogisticRegression",
    "bins": [
        0,
        3,
        9,
        21
    ],
    "scaled": true,
    "tuned": false,
    "stratified_split_testing": false,
    "week": 1,
    "month": 3,
    "metrics": {
        "accuracy": 0.5330526794857208,
        "precision": 0.5778507271137471,
        "recall": 0.6052514516744748,
        "f1_score": 0.4560438194145094,
        "matthews_corrcoef": 0.37484877783744747,
        "cohen_kappa_score": 0.3158377621878894,
        "roc_auc_score": 0.8192701579040351,
        "log_loss": 0.8748960583460158,
        "confusion_matrix": [
            [
                3280,
                58,
                689
            ],
            [
                1157,
                969,
                2070
            ],
            [
                35,
                95,
                436
            ]
        ],
        "classification_report": "              precision    recall  f1-score   support\n\n     00 - 02       0.73      0.81      0.77      4027\n     03 - 08       0.86      0.23      0.36      4196\n     09 - 20       0.14      0.77      0.23       566\n\n    accuracy                           0.53      8789\n   macro avg       0.58      0.61      0.46      8789\nweighted avg       0.76      0.53      0.54      8789\n",
        "feature_importances": {
            "time_in_month": 0.04785444197600342,
            "time_in_hour": 0.009872778311694764,
            "time_in_weekday": -0.16776632458131002,
            "requires_power": -0.013968746273699019,
            "time_in_business_day": 0.02542442357813811,
            "time_in_week_of_year": -0.04221253335532426,
            "time_in_week_of_month": 0.0074979533326688,
            "nominal_length_NOM20": 0.21392701655094654,
            "nominal_length_NOM40": 0.12492516036659493,
            "nominal_length_NOM45": -0.2711108746344966,
            "freight_kind_FCL": 0.13111719454293064,
            "freight_kind_MTY": -0.06337589226175332,
            "category_EXPRT": -1.6492821472162607,
            "category_IMPRT": 0.7405680691432498,
            "category_STRGE": -0.7763367451627736,
            "category_THRGH": 2.965576977807733,
            "category_TRSHP": -1.2127848522895137
        },
        "elapsed_time_minutes": null
    },
    "dataset_name": "subset_base.csv"
}