{
    "model_type": "LogisticRegression",
    "bins": [
        0,
        6,
        9,
        21
    ],
    "scaled": true,
    "tuned": false,
    "stratified_split_testing": false,
    "week": 4,
    "month": 1,
    "metrics": {
        "accuracy": 0.616094606287857,
        "precision": 0.5292847602743896,
        "recall": 0.6561999454304477,
        "f1_score": 0.5332963871598531,
        "matthews_corrcoef": 0.38222129004002686,
        "cohen_kappa_score": 0.3427277830291048,
        "roc_auc_score": 0.7923609533513233,
        "log_loss": 0.9246174356046857,
        "confusion_matrix": [
            [
                4414,
                1913,
                1155
            ],
            [
                284,
                1486,
                425
            ],
            [
                75,
                141,
                508
            ]
        ],
        "classification_report": "              precision    recall  f1-score   support\n\n     00 - 05       0.92      0.59      0.72      7482\n     06 - 08       0.42      0.68      0.52      2195\n     09 - 20       0.24      0.70      0.36       724\n\n    accuracy                           0.62     10401\n   macro avg       0.53      0.66      0.53     10401\nweighted avg       0.77      0.62      0.65     10401\n",
        "feature_importances": {
            "time_in_month": -0.6517871431086771,
            "time_in_hour": 0.026226001978323542,
            "time_in_weekday": -0.13691423239138484,
            "requires_power": -0.00687905315965127,
            "time_in_business_day": -0.11960951267730326,
            "time_in_week_of_year": 0.6876980426856202,
            "time_in_week_of_month": -0.07951154006911697,
            "nominal_length_NOM20": 0.13876333622596496,
            "nominal_length_NOM40": 0.13352449221303034,
            "nominal_length_NOM45": 0.08570413311583694,
            "freight_kind_FCL": 0.18630260911342086,
            "freight_kind_MTY": 0.171689352438295,
            "category_EXPRT": -1.249148254263918,
            "category_IMPRT": 0.551439159259825,
            "category_STRGE": -1.2911185193467734,
            "category_THRGH": 3.6414443905427327,
            "category_TRSHP": -1.2946248146384334
        },
        "elapsed_time_minutes": null
    },
    "dataset_name": "subset_base.csv"
}