{
    "model_type": "LogisticRegression",
    "bins": [
        0,
        5,
        9,
        21
    ],
    "scaled": true,
    "tuned": false,
    "stratified_split_testing": false,
    "week": 4,
    "month": 2,
    "metrics": {
        "accuracy": 0.690399849113542,
        "precision": 0.5669396558391226,
        "recall": 0.6488544962319769,
        "f1_score": 0.5629496624799836,
        "matthews_corrcoef": 0.4733997318060268,
        "cohen_kappa_score": 0.4480053058062604,
        "roc_auc_score": 0.8295020445480542,
        "log_loss": 0.7822767413357661,
        "confusion_matrix": [
            [
                5385,
                1050,
                865
            ],
            [
                154,
                1499,
                964
            ],
            [
                13,
                237,
                437
            ]
        ],
        "classification_report": "              precision    recall  f1-score   support\n\n     00 - 04       0.97      0.74      0.84      7300\n     05 - 08       0.54      0.57      0.55      2617\n     09 - 20       0.19      0.64      0.30       687\n\n    accuracy                           0.69     10604\n   macro avg       0.57      0.65      0.56     10604\nweighted avg       0.81      0.69      0.73     10604\n",
        "feature_importances": {
            "time_in_month": -0.8498215994968391,
            "time_in_hour": 0.027154086385304685,
            "time_in_weekday": -0.19284683846983164,
            "requires_power": -0.008541150495986059,
            "time_in_business_day": -0.11461301191115512,
            "time_in_week_of_year": 0.8736395779848861,
            "time_in_week_of_month": -0.09662363292428211,
            "nominal_length_NOM20": 0.21571984073388167,
            "nominal_length_NOM40": 0.1838975531387965,
            "nominal_length_NOM45": -0.12818317439144727,
            "freight_kind_FCL": 0.17671692014330073,
            "freight_kind_MTY": 0.09471729934054432,
            "category_EXPRT": -1.3225064265578916,
            "category_IMPRT": 0.5505697648499495,
            "category_STRGE": -1.2455934732764316,
            "category_THRGH": 3.6195836892264515,
            "category_TRSHP": -1.3306193347601742
        },
        "elapsed_time_minutes": null
    },
    "dataset_name": "subset_base.csv"
}