{
    "model_type": "LogisticRegression",
    "bins": [
        0,
        5,
        11,
        21
    ],
    "scaled": false,
    "tuned": false,
    "stratified_split_testing": false,
    "week": 1,
    "month": 1,
    "metrics": {
        "accuracy": 0.7879815100154083,
        "precision": 0.49620963244947336,
        "recall": 0.528374882524608,
        "f1_score": 0.5087445293559859,
        "matthews_corrcoef": 0.5247612762352772,
        "cohen_kappa_score": 0.5196096731765966,
        "roc_auc_score": 0.8251746088024546,
        "log_loss": 0.509107871947428,
        "confusion_matrix": [
            [
                3767,
                833,
                0
            ],
            [
                411,
                1347,
                0
            ],
            [
                87,
                45,
                0
            ]
        ],
        "classification_report": "              precision    recall  f1-score   support\n\n     00 - 04       0.88      0.82      0.85      4600\n     05 - 10       0.61      0.77      0.68      1758\n     11 - 20       0.00      0.00      0.00       132\n\n    accuracy                           0.79      6490\n   macro avg       0.50      0.53      0.51      6490\nweighted avg       0.79      0.79      0.79      6490\n",
        "feature_importances": {
            "time_in_month": -0.8289562915929071,
            "time_in_hour": 0.03419567902650934,
            "time_in_weekday": -0.21146063127755343,
            "requires_power": -0.02158838549391829,
            "time_in_business_day": -0.09896531122920653,
            "time_in_week_of_year": 0.8667340296433176,
            "time_in_week_of_month": -0.09859569658865798,
            "nominal_length_NOM20": 0.5195951464147249,
            "nominal_length_NOM40": 0.5435503235145426,
            "nominal_length_NOM45": -0.5868639089075046,
            "freight_kind_FCL": 0.3346902295675778,
            "freight_kind_MTY": 0.14159133145415126,
            "category_EXPRT": -0.8992855044457745,
            "category_IMPRT": 0.7581803056557012,
            "category_STRGE": -1.1027138019613176,
            "category_THRGH": 2.8537146888446436,
            "category_TRSHP": -1.1336141270713775
        },
        "elapsed_time_minutes": null
    },
    "dataset_name": "subset_base.csv"
}