{
    "model_type": "LogisticRegression",
    "bins": [
        0,
        6,
        11,
        21
    ],
    "scaled": true,
    "tuned": false,
    "stratified_split_testing": true,
    "week": 2,
    "month": 2,
    "metrics": {
        "accuracy": 0.6770833333333334,
        "precision": 0.5036528324873213,
        "recall": 0.6091419180113036,
        "f1_score": 0.5035535833316532,
        "matthews_corrcoef": 0.42944751152823185,
        "cohen_kappa_score": 0.3811320533168423,
        "roc_auc_score": 0.8004197487859678,
        "log_loss": 0.8236985532862772,
        "confusion_matrix": [
            [
                4964,
                1836,
                658
            ],
            [
                95,
                1476,
                349
            ],
            [
                25,
                168,
                125
            ]
        ],
        "classification_report": "              precision    recall  f1-score   support\n\n     00 - 05       0.98      0.67      0.79      7458\n     06 - 10       0.42      0.77      0.55      1920\n     11 - 20       0.11      0.39      0.17       318\n\n    accuracy                           0.68      9696\n   macro avg       0.50      0.61      0.50      9696\nweighted avg       0.84      0.68      0.72      9696\n",
        "feature_importances": {
            "time_in_month": -0.3490594027516738,
            "time_in_hour": 0.03530493057566562,
            "time_in_weekday": -0.1549875152927603,
            "requires_power": -0.014908309370436433,
            "time_in_business_day": -0.11452224673301832,
            "time_in_week_of_year": 0.38163869324056826,
            "time_in_week_of_month": -0.04393015580388635,
            "nominal_length_NOM20": 0.1436993330526257,
            "nominal_length_NOM40": 0.12067999540219941,
            "nominal_length_NOM45": 0.06298120557157229,
            "freight_kind_FCL": 0.21543235666654503,
            "freight_kind_MTY": 0.11192817736122566,
            "category_EXPRT": -1.072841892264854,
            "category_IMPRT": 0.5109427753577462,
            "category_STRGE": -1.4368514166445037,
            "category_THRGH": 3.6997097497163356,
            "category_TRSHP": -1.3735986821360766
        },
        "elapsed_time_minutes": null
    },
    "dataset_name": "subset_base.csv"
}