{
    "model_type": "LogisticRegression",
    "bins": [
        0,
        4,
        12,
        21
    ],
    "scaled": false,
    "tuned": false,
    "stratified_split_testing": true,
    "week": 2,
    "month": 2,
    "metrics": {
        "accuracy": 0.7928011551155115,
        "precision": 0.5259293966412592,
        "recall": 0.5382295989907119,
        "f1_score": 0.5317970507672602,
        "matthews_corrcoef": 0.5898546554406037,
        "cohen_kappa_score": 0.5890425229843721,
        "roc_auc_score": 0.8378505955632823,
        "log_loss": 0.5317112086518191,
        "confusion_matrix": [
            [
                4399,
                970,
                0
            ],
            [
                846,
                3288,
                0
            ],
            [
                42,
                151,
                0
            ]
        ],
        "classification_report": "              precision    recall  f1-score   support\n\n     00 - 03       0.83      0.82      0.83      5369\n     04 - 11       0.75      0.80      0.77      4134\n     12 - 20       0.00      0.00      0.00       193\n\n    accuracy                           0.79      9696\n   macro avg       0.53      0.54      0.53      9696\nweighted avg       0.78      0.79      0.79      9696\n",
        "feature_importances": {
            "time_in_month": 0.09544910670112734,
            "time_in_hour": 0.01275474888467674,
            "time_in_weekday": -0.2628981647114422,
            "requires_power": -0.04154584667178006,
            "time_in_business_day": -0.059390875135890725,
            "time_in_week_of_year": -0.06047789446014461,
            "time_in_week_of_month": 0.0010782375365957014,
            "nominal_length_NOM20": 0.45133836665001326,
            "nominal_length_NOM40": 0.44770294583956904,
            "nominal_length_NOM45": -0.43969978637167706,
            "freight_kind_FCL": 0.37362845152252494,
            "freight_kind_MTY": 0.08571307459539604,
            "category_EXPRT": -0.986417525054771,
            "category_IMPRT": 0.791246461802057,
            "category_STRGE": -1.004723426560085,
            "category_THRGH": 2.742666172266289,
            "category_TRSHP": -1.0834301563358897
        },
        "elapsed_time_minutes": null
    },
    "dataset_name": "subset_base.csv"
}