{
    "model_type": "LogisticRegression",
    "bins": [
        0,
        3,
        10,
        21
    ],
    "scaled": true,
    "tuned": false,
    "stratified_split_testing": true,
    "week": 1,
    "month": 2,
    "metrics": {
        "accuracy": 0.5216599190283401,
        "precision": 0.5184537715736625,
        "recall": 0.5863863034269766,
        "f1_score": 0.4108912356926098,
        "matthews_corrcoef": 0.35610927478119553,
        "cohen_kappa_score": 0.2887619561047726,
        "roc_auc_score": 0.7569134643108982,
        "log_loss": 0.9430155419145784,
        "confusion_matrix": [
            [
                3150,
                181,
                389
            ],
            [
                1852,
                1952,
                2268
            ],
            [
                22,
                14,
                52
            ]
        ],
        "classification_report": "              precision    recall  f1-score   support\n\n     00 - 02       0.63      0.85      0.72      3720\n     03 - 09       0.91      0.32      0.47      6072\n     10 - 20       0.02      0.59      0.04        88\n\n    accuracy                           0.52      9880\n   macro avg       0.52      0.59      0.41      9880\nweighted avg       0.80      0.52      0.56      9880\n",
        "feature_importances": {
            "time_in_month": 0.40828345179454645,
            "time_in_hour": 0.0069092653644253965,
            "time_in_weekday": -0.18901956563979855,
            "requires_power": -0.023426187624054105,
            "time_in_business_day": 0.02196624850518936,
            "time_in_week_of_year": -0.4010781198202219,
            "time_in_week_of_month": 0.04463320006540917,
            "nominal_length_NOM20": 0.25009785045598626,
            "nominal_length_NOM40": 0.1565116299938071,
            "nominal_length_NOM45": -0.35024264958272,
            "freight_kind_FCL": 0.14157241643489935,
            "freight_kind_MTY": -0.08520558556573193,
            "category_EXPRT": -1.6014595480992615,
            "category_IMPRT": 0.6736886651285567,
            "category_STRGE": -0.8855697682996198,
            "category_THRGH": 3.1743500509310394,
            "category_TRSHP": -1.304642568794377
        },
        "elapsed_time_minutes": null
    },
    "dataset_name": "subset_base.csv"
}