{
    "model_type": "LogisticRegression",
    "bins": [
        0,
        4,
        11,
        21
    ],
    "scaled": false,
    "tuned": false,
    "stratified_split_testing": true,
    "week": 4,
    "month": 1,
    "metrics": {
        "accuracy": 0.6879146235938852,
        "precision": 0.45991907490444256,
        "recall": 0.47757261134744583,
        "f1_score": 0.4674637997396824,
        "matthews_corrcoef": 0.4029139124976383,
        "cohen_kappa_score": 0.40006855517394313,
        "roc_auc_score": 0.8043424504989725,
        "log_loss": 0.6895811288100225,
        "confusion_matrix": [
            [
                3679,
                1606,
                0
            ],
            [
                1243,
                3476,
                0
            ],
            [
                65,
                332,
                0
            ]
        ],
        "classification_report": "              precision    recall  f1-score   support\n\n     00 - 03       0.74      0.70      0.72      5285\n     04 - 10       0.64      0.74      0.69      4719\n     11 - 20       0.00      0.00      0.00       397\n\n    accuracy                           0.69     10401\n   macro avg       0.46      0.48      0.47     10401\nweighted avg       0.67      0.69      0.68     10401\n",
        "feature_importances": {
            "time_in_month": 0.19265739228997883,
            "time_in_hour": 0.01661104083581523,
            "time_in_weekday": -0.24578193593845113,
            "requires_power": -0.03671784058532397,
            "time_in_business_day": -0.054957340382983715,
            "time_in_week_of_year": -0.16658902911851714,
            "time_in_week_of_month": 0.018533846500118623,
            "nominal_length_NOM20": 0.4287617235946903,
            "nominal_length_NOM40": 0.4216369246373354,
            "nominal_length_NOM45": -0.39692032629204077,
            "freight_kind_FCL": 0.3520932327521232,
            "freight_kind_MTY": 0.10138508918798192,
            "category_EXPRT": -1.02197732669947,
            "category_IMPRT": 0.773480021687734,
            "category_STRGE": -0.9774935373387551,
            "category_THRGH": 2.7812181229640944,
            "category_TRSHP": -1.1017489586727907
        },
        "elapsed_time_minutes": null
    },
    "dataset_name": "subset_base.csv"
}