{
    "model_type": "LogisticRegression",
    "bins": [
        0,
        3,
        11,
        21
    ],
    "scaled": true,
    "tuned": false,
    "stratified_split_testing": false,
    "week": 4,
    "month": 2,
    "metrics": {
        "accuracy": 0.6525839305922293,
        "precision": 0.5478956429120397,
        "recall": 0.619414226584038,
        "f1_score": 0.5282107495917324,
        "matthews_corrcoef": 0.43651991318438965,
        "cohen_kappa_score": 0.41585784979795015,
        "roc_auc_score": 0.8074114683410033,
        "log_loss": 0.8849139708352431,
        "confusion_matrix": [
            [
                4107,
                545,
                262
            ],
            [
                1434,
                2606,
                1260
            ],
            [
                11,
                172,
                207
            ]
        ],
        "classification_report": "              precision    recall  f1-score   support\n\n     00 - 02       0.74      0.84      0.78      4914\n     03 - 10       0.78      0.49      0.60      5300\n     11 - 20       0.12      0.53      0.20       390\n\n    accuracy                           0.65     10604\n   macro avg       0.55      0.62      0.53     10604\nweighted avg       0.74      0.65      0.67     10604\n",
        "feature_importances": {
            "time_in_month": 0.3216254065856147,
            "time_in_hour": 0.011858626512254774,
            "time_in_weekday": -0.22867995750301606,
            "requires_power": -0.020973707781236556,
            "time_in_business_day": 0.0011710866051280668,
            "time_in_week_of_year": -0.32417428352733596,
            "time_in_week_of_month": 0.033225916080942934,
            "nominal_length_NOM20": 0.1807792781716555,
            "nominal_length_NOM40": 0.06462792734422722,
            "nominal_length_NOM45": -0.17090191274521122,
            "freight_kind_FCL": 0.18206318135667127,
            "freight_kind_MTY": -0.10755788858700024,
            "category_EXPRT": -1.4855153938204946,
            "category_IMPRT": 0.6997056832668825,
            "category_STRGE": -0.9108244624357437,
            "category_THRGH": 3.053120194588702,
            "category_TRSHP": -1.281980728828733
        },
        "elapsed_time_minutes": null
    },
    "dataset_name": "subset_base.csv"
}