{
    "model_type": "LogisticRegression",
    "bins": [
        0,
        3,
        9,
        21
    ],
    "scaled": true,
    "tuned": false,
    "stratified_split_testing": true,
    "week": 2,
    "month": 1,
    "metrics": {
        "accuracy": 0.5287933761280119,
        "precision": 0.5707235389564983,
        "recall": 0.6153729881272061,
        "f1_score": 0.4209596420358926,
        "matthews_corrcoef": 0.3808286255722535,
        "cohen_kappa_score": 0.3066919740077515,
        "roc_auc_score": 0.8160327135451583,
        "log_loss": 0.8690871847517347,
        "confusion_matrix": [
            [
                4069,
                38,
                537
            ],
            [
                1797,
                1430,
                2623
            ],
            [
                65,
                5,
                185
            ]
        ],
        "classification_report": "              precision    recall  f1-score   support\n\n     00 - 02       0.69      0.88      0.77      4644\n     03 - 08       0.97      0.24      0.39      5850\n     09 - 20       0.06      0.73      0.10       255\n\n    accuracy                           0.53     10749\n   macro avg       0.57      0.62      0.42     10749\nweighted avg       0.83      0.53      0.55     10749\n",
        "feature_importances": {
            "time_in_month": 0.30055919858107716,
            "time_in_hour": 0.00907128394391064,
            "time_in_weekday": -0.17298679754705185,
            "requires_power": -0.016958418201813676,
            "time_in_business_day": 0.023483615776243534,
            "time_in_week_of_year": -0.2910776350906203,
            "time_in_week_of_month": 0.039891156628622686,
            "nominal_length_NOM20": 0.23283677090246938,
            "nominal_length_NOM40": 0.1501612979672136,
            "nominal_length_NOM45": -0.3097087114186268,
            "freight_kind_FCL": 0.13475249538344783,
            "freight_kind_MTY": -0.061463137932322456,
            "category_EXPRT": -1.6792958531294875,
            "category_IMPRT": 0.7132943102470956,
            "category_STRGE": -0.7920014672397943,
            "category_THRGH": 3.0610257570591752,
            "category_TRSHP": -1.2297333894870108
        },
        "elapsed_time_minutes": null
    },
    "dataset_name": "subset_base.csv"
}