{
    "model_type": "LogisticRegression",
    "bins": [
        0,
        3,
        10,
        21
    ],
    "scaled": false,
    "tuned": false,
    "stratified_split_testing": true,
    "week": 2,
    "month": 2,
    "metrics": {
        "accuracy": 0.716996699669967,
        "precision": 0.480175612896714,
        "recall": 0.5070587714891273,
        "f1_score": 0.48838470058802325,
        "matthews_corrcoef": 0.47008080237447675,
        "cohen_kappa_score": 0.4604324482245654,
        "roc_auc_score": 0.7822508514739465,
        "log_loss": 0.6445904924990609,
        "confusion_matrix": [
            [
                3347,
                616,
                0
            ],
            [
                1723,
                3605,
                0
            ],
            [
                27,
                378,
                0
            ]
        ],
        "classification_report": "              precision    recall  f1-score   support\n\n     00 - 02       0.66      0.84      0.74      3963\n     03 - 09       0.78      0.68      0.73      5328\n     10 - 20       0.00      0.00      0.00       405\n\n    accuracy                           0.72      9696\n   macro avg       0.48      0.51      0.49      9696\nweighted avg       0.70      0.72      0.70      9696\n",
        "feature_importances": {
            "time_in_month": 0.45153551868003994,
            "time_in_hour": 0.01299807255140046,
            "time_in_weekday": -0.17691619201572073,
            "requires_power": -0.024550714038019002,
            "time_in_business_day": 0.042490611696917,
            "time_in_week_of_year": -0.42281373431833336,
            "time_in_week_of_month": 0.04383212577551827,
            "nominal_length_NOM20": 0.36504338904028355,
            "nominal_length_NOM40": 0.31169460275156835,
            "nominal_length_NOM45": -0.5118969874233699,
            "freight_kind_FCL": 0.19376937829868904,
            "freight_kind_MTY": -0.028928373930201604,
            "category_EXPRT": -1.4045646932950901,
            "category_IMPRT": 0.8673059826542463,
            "category_STRGE": -0.7103732046300688,
            "category_THRGH": 2.523303450376792,
            "category_TRSHP": -1.1108305307378994
        },
        "elapsed_time_minutes": null
    },
    "dataset_name": "subset_base.csv"
}