{
    "model_type": "LogisticRegression",
    "bins": [
        0,
        4,
        9,
        21
    ],
    "scaled": true,
    "tuned": false,
    "stratified_split_testing": false,
    "week": 1,
    "month": 1,
    "metrics": {
        "accuracy": 0.7268104776579353,
        "precision": 0.6203466192381843,
        "recall": 0.6944427520362165,
        "f1_score": 0.6054929503910741,
        "matthews_corrcoef": 0.5101353233124737,
        "cohen_kappa_score": 0.49743776360532,
        "roc_auc_score": 0.7952488238131505,
        "log_loss": 0.8120531385767469,
        "confusion_matrix": [
            [
                3178,
                204,
                415
            ],
            [
                758,
                1342,
                307
            ],
            [
                58,
                31,
                197
            ]
        ],
        "classification_report": "              precision    recall  f1-score   support\n\n     00 - 03       0.80      0.84      0.82      3797\n     04 - 08       0.85      0.56      0.67      2407\n     09 - 20       0.21      0.69      0.33       286\n\n    accuracy                           0.73      6490\n   macro avg       0.62      0.69      0.61      6490\nweighted avg       0.79      0.73      0.74      6490\n",
        "feature_importances": {
            "time_in_month": -0.1683630172434039,
            "time_in_hour": 0.017769383089318296,
            "time_in_weekday": -0.20638676884964385,
            "requires_power": -0.01767415172559168,
            "time_in_business_day": -0.06347566839593048,
            "time_in_week_of_year": 0.17796842973902555,
            "time_in_week_of_month": -0.01358456535123935,
            "nominal_length_NOM20": 0.21457951665222513,
            "nominal_length_NOM40": 0.16172320410690197,
            "nominal_length_NOM45": -0.18893295566843987,
            "freight_kind_FCL": 0.16207646594988934,
            "freight_kind_MTY": 0.025293299141589,
            "category_EXPRT": -1.4091747292382144,
            "category_IMPRT": 0.5904174706758353,
            "category_STRGE": -1.0940952858222535,
            "category_THRGH": 3.37093680245148,
            "category_TRSHP": -1.270714492974506
        },
        "elapsed_time_minutes": null
    },
    "dataset_name": "subset_base.csv"
}