{
    "model_type": "LogisticRegression",
    "bins": [
        0,
        6,
        10,
        21
    ],
    "scaled": false,
    "tuned": false,
    "stratified_split_testing": true,
    "week": 4,
    "month": 2,
    "metrics": {
        "accuracy": 0.7663145982648057,
        "precision": 0.40932295049608114,
        "recall": 0.3751352304436961,
        "f1_score": 0.3711935583642482,
        "matthews_corrcoef": 0.1679440984784146,
        "cohen_kappa_score": 0.13875103339045447,
        "roc_auc_score": 0.823638820739669,
        "log_loss": 0.4883975485770742,
        "confusion_matrix": [
            [
                7786,
                400,
                0
            ],
            [
                1611,
                340,
                0
            ],
            [
                426,
                41,
                0
            ]
        ],
        "classification_report": "              precision    recall  f1-score   support\n\n     00 - 05       0.79      0.95      0.86      8186\n     06 - 09       0.44      0.17      0.25      1951\n     10 - 20       0.00      0.00      0.00       467\n\n    accuracy                           0.77     10604\n   macro avg       0.41      0.38      0.37     10604\nweighted avg       0.69      0.77      0.71     10604\n",
        "feature_importances": {
            "time_in_month": -0.4416706921938427,
            "time_in_hour": 0.035327759372729445,
            "time_in_weekday": -0.11699502679650059,
            "requires_power": -0.0065305216787735765,
            "time_in_business_day": -0.09594128651659915,
            "time_in_week_of_year": 0.4944809004645491,
            "time_in_week_of_month": -0.055919815177185986,
            "nominal_length_NOM20": 0.3222919710655949,
            "nominal_length_NOM40": 0.39412638770065794,
            "nominal_length_NOM45": -0.03871741984447692,
            "freight_kind_FCL": 0.3611428912926703,
            "freight_kind_MTY": 0.3165580476292368,
            "category_EXPRT": -0.8557808640533624,
            "category_IMPRT": 0.8199541673679589,
            "category_STRGE": -1.092147044765189,
            "category_THRGH": 2.8466439928412535,
            "category_TRSHP": -1.040969312468904
        },
        "elapsed_time_minutes": null
    },
    "dataset_name": "subset_base.csv"
}