{
    "model_type": "LogisticRegression",
    "bins": [
        0,
        4,
        11,
        21
    ],
    "scaled": true,
    "tuned": false,
    "stratified_split_testing": true,
    "week": 2,
    "month": 1,
    "metrics": {
        "accuracy": 0.7153223555679598,
        "precision": 0.5701706466939617,
        "recall": 0.7485682478063596,
        "f1_score": 0.5495611490329461,
        "matthews_corrcoef": 0.49715142782198024,
        "cohen_kappa_score": 0.4834767536476733,
        "roc_auc_score": 0.8189680181747789,
        "log_loss": 0.8591612982604947,
        "confusion_matrix": [
            [
                5004,
                705,
                682
            ],
            [
                907,
                2555,
                744
            ],
            [
                20,
                2,
                130
            ]
        ],
        "classification_report": "              precision    recall  f1-score   support\n\n     00 - 03       0.84      0.78      0.81      6391\n     04 - 10       0.78      0.61      0.68      4206\n     11 - 20       0.08      0.86      0.15       152\n\n    accuracy                           0.72     10749\n   macro avg       0.57      0.75      0.55     10749\nweighted avg       0.81      0.72      0.75     10749\n",
        "feature_importances": {
            "time_in_month": 0.18676446346637018,
            "time_in_hour": 0.017739602738640455,
            "time_in_weekday": -0.24477378780334852,
            "requires_power": -0.026110043935036954,
            "time_in_business_day": -0.07617076595457617,
            "time_in_week_of_year": -0.1828241813133226,
            "time_in_week_of_month": 0.02393147324767105,
            "nominal_length_NOM20": 0.17037141119114493,
            "nominal_length_NOM40": 0.0992895992233648,
            "nominal_length_NOM45": -0.08004252122643528,
            "freight_kind_FCL": 0.2100751667784529,
            "freight_kind_MTY": -0.020456677592277175,
            "category_EXPRT": -1.2337498544876786,
            "category_IMPRT": 0.5610554268517333,
            "category_STRGE": -1.2115080366972297,
            "category_THRGH": 3.392229496056966,
            "category_TRSHP": -1.3184085425360397
        },
        "elapsed_time_minutes": null
    },
    "dataset_name": "subset_base.csv"
}