{
    "model_type": "LogisticRegression",
    "bins": [
        0,
        4,
        9,
        21
    ],
    "scaled": false,
    "tuned": false,
    "stratified_split_testing": true,
    "week": 2,
    "month": 2,
    "metrics": {
        "accuracy": 0.7642326732673267,
        "precision": 0.7456606223187731,
        "recall": 0.5442775414027013,
        "f1_score": 0.5289151965379885,
        "matthews_corrcoef": 0.5525697102589413,
        "cohen_kappa_score": 0.5481884307748354,
        "roc_auc_score": 0.8001573075120748,
        "log_loss": 0.6440829226646195,
        "confusion_matrix": [
            [
                4524,
                844,
                1
            ],
            [
                822,
                2878,
                2
            ],
            [
                109,
                508,
                8
            ]
        ],
        "classification_report": "              precision    recall  f1-score   support\n\n     00 - 03       0.83      0.84      0.84      5369\n     04 - 08       0.68      0.78      0.73      3702\n     09 - 20       0.73      0.01      0.03       625\n\n    accuracy                           0.76      9696\n   macro avg       0.75      0.54      0.53      9696\nweighted avg       0.77      0.76      0.74      9696\n",
        "feature_importances": {
            "time_in_month": -0.20121024824576847,
            "time_in_hour": 0.02042964565029142,
            "time_in_weekday": -0.202831422628163,
            "requires_power": -0.019743260790255287,
            "time_in_business_day": -0.07058522515668213,
            "time_in_week_of_year": 0.2167944366745834,
            "time_in_week_of_month": -0.014642738543389744,
            "nominal_length_NOM20": 0.3417431775440864,
            "nominal_length_NOM40": 0.3484038542425843,
            "nominal_length_NOM45": -0.29625465126046185,
            "freight_kind_FCL": 0.2681963566703961,
            "freight_kind_MTY": 0.1256960238557912,
            "category_EXPRT": -1.2128253672548068,
            "category_IMPRT": 0.7775072995232634,
            "category_STRGE": -0.8948171446496493,
            "category_THRGH": 2.782055014882449,
            "category_TRSHP": -1.058027421974874
        },
        "elapsed_time_minutes": null
    },
    "dataset_name": "subset_base.csv"
}