{
    "model_type": "LogisticRegression",
    "bins": [
        0,
        3,
        10,
        21
    ],
    "scaled": true,
    "tuned": false,
    "stratified_split_testing": true,
    "week": 1,
    "month": 3,
    "metrics": {
        "accuracy": 0.6157697121401752,
        "precision": 0.5854422469813484,
        "recall": 0.6767587369021344,
        "f1_score": 0.5190372819515612,
        "matthews_corrcoef": 0.44168559918356887,
        "cohen_kappa_score": 0.39864098584092633,
        "roc_auc_score": 0.8325677750259862,
        "log_loss": 0.8953393622628059,
        "confusion_matrix": [
            [
                3280,
                164,
                583
            ],
            [
                1162,
                1856,
                1397
            ],
            [
                30,
                41,
                276
            ]
        ],
        "classification_report": "              precision    recall  f1-score   support\n\n     00 - 02       0.73      0.81      0.77      4027\n     03 - 09       0.90      0.42      0.57      4415\n     10 - 20       0.12      0.80      0.21       347\n\n    accuracy                           0.62      8789\n   macro avg       0.59      0.68      0.52      8789\nweighted avg       0.79      0.62      0.65      8789\n",
        "feature_importances": {
            "time_in_month": 0.40828345179454645,
            "time_in_hour": 0.0069092653644253965,
            "time_in_weekday": -0.18901956563979855,
            "requires_power": -0.023426187624054105,
            "time_in_business_day": 0.02196624850518936,
            "time_in_week_of_year": -0.4010781198202219,
            "time_in_week_of_month": 0.04463320006540917,
            "nominal_length_NOM20": 0.25009785045598626,
            "nominal_length_NOM40": 0.1565116299938071,
            "nominal_length_NOM45": -0.35024264958272,
            "freight_kind_FCL": 0.14157241643489935,
            "freight_kind_MTY": -0.08520558556573193,
            "category_EXPRT": -1.6014595480992615,
            "category_IMPRT": 0.6736886651285567,
            "category_STRGE": -0.8855697682996198,
            "category_THRGH": 3.1743500509310394,
            "category_TRSHP": -1.304642568794377
        },
        "elapsed_time_minutes": null
    },
    "dataset_name": "subset_base.csv"
}