{
    "model_type": "LogisticRegression",
    "bins": [
        0,
        6,
        11,
        21
    ],
    "scaled": false,
    "tuned": false,
    "stratified_split_testing": false,
    "week": 3,
    "month": 1,
    "metrics": {
        "accuracy": 0.6906803097345132,
        "precision": 0.37070749618058435,
        "recall": 0.36168470816104187,
        "f1_score": 0.3518967901050036,
        "matthews_corrcoef": 0.11683947572883109,
        "cohen_kappa_score": 0.10345187992937777,
        "roc_auc_score": 0.7438145896226263,
        "log_loss": 0.5601227442498694,
        "confusion_matrix": [
            [
                4653,
                493,
                0
            ],
            [
                1549,
                342,
                0
            ],
            [
                121,
                74,
                0
            ]
        ],
        "classification_report": "              precision    recall  f1-score   support\n\n     00 - 05       0.74      0.90      0.81      5146\n     06 - 10       0.38      0.18      0.24      1891\n     11 - 20       0.00      0.00      0.00       195\n\n    accuracy                           0.69      7232\n   macro avg       0.37      0.36      0.35      7232\nweighted avg       0.62      0.69      0.64      7232\n",
        "feature_importances": {
            "time_in_month": -0.6069665688758253,
            "time_in_hour": 0.03975275447454349,
            "time_in_weekday": -0.14174290058453354,
            "requires_power": -0.015455474228108636,
            "time_in_business_day": -0.09830815785534783,
            "time_in_week_of_year": 0.6562244992154663,
            "time_in_week_of_month": -0.07685047383586359,
            "nominal_length_NOM20": 0.3575863031032885,
            "nominal_length_NOM40": 0.41804599513127483,
            "nominal_length_NOM45": 0.04098392315394901,
            "freight_kind_FCL": 0.4690549865307294,
            "freight_kind_MTY": 0.3475612348578012,
            "category_EXPRT": -0.7249264949453611,
            "category_IMPRT": 0.8489963047549536,
            "category_STRGE": -1.0706695486063007,
            "category_THRGH": 2.7760078619754585,
            "category_TRSHP": -1.0127919017904021
        },
        "elapsed_time_minutes": null
    },
    "dataset_name": "subset_base.csv"
}