{
    "model_type": "LogisticRegression",
    "bins": [
        0,
        6,
        9,
        21
    ],
    "scaled": false,
    "tuned": false,
    "stratified_split_testing": false,
    "week": 1,
    "month": 2,
    "metrics": {
        "accuracy": 0.7820850202429149,
        "precision": 0.3821072266891501,
        "recall": 0.3489008967518253,
        "f1_score": 0.33713938023543205,
        "matthews_corrcoef": 0.08264614649817685,
        "cohen_kappa_score": 0.06101969989466327,
        "roc_auc_score": 0.7565702995535806,
        "log_loss": 0.505680904483373,
        "confusion_matrix": [
            [
                7569,
                298,
                0
            ],
            [
                1710,
                158,
                0
            ],
            [
                140,
                5,
                0
            ]
        ],
        "classification_report": "              precision    recall  f1-score   support\n\n     00 - 05       0.80      0.96      0.88      7867\n     06 - 08       0.34      0.08      0.14      1868\n     09 - 20       0.00      0.00      0.00       145\n\n    accuracy                           0.78      9880\n   macro avg       0.38      0.35      0.34      9880\nweighted avg       0.70      0.78      0.72      9880\n",
        "feature_importances": {
            "time_in_month": -0.9012029052101064,
            "time_in_hour": 0.03661846401752361,
            "time_in_weekday": -0.12075962431764212,
            "requires_power": -0.0007226322079069691,
            "time_in_business_day": -0.12429572660842675,
            "time_in_week_of_year": 0.9444244732914914,
            "time_in_week_of_month": -0.1042455618270715,
            "nominal_length_NOM20": 0.30987948890822387,
            "nominal_length_NOM40": 0.3879527191960974,
            "nominal_length_NOM45": 0.06242467349211346,
            "freight_kind_FCL": 0.38738773504824714,
            "freight_kind_MTY": 0.37286914654815695,
            "category_EXPRT": -0.9788523912369037,
            "category_IMPRT": 0.8194119072713023,
            "category_STRGE": -1.0252743898141643,
            "category_THRGH": 2.950105745618755,
            "category_TRSHP": -1.005133990242673
        },
        "elapsed_time_minutes": null
    },
    "dataset_name": "subset_base.csv"
}