{
    "model_type": "LogisticRegression",
    "bins": [
        0,
        6,
        11,
        21
    ],
    "scaled": false,
    "tuned": false,
    "stratified_split_testing": false,
    "week": 1,
    "month": 3,
    "metrics": {
        "accuracy": 0.7903060643986801,
        "precision": 0.4500862494272205,
        "recall": 0.40105598957671784,
        "f1_score": 0.40835533011344666,
        "matthews_corrcoef": 0.25514155943571665,
        "cohen_kappa_score": 0.22911107514271067,
        "roc_auc_score": 0.8252628336346497,
        "log_loss": 0.45082466049079833,
        "confusion_matrix": [
            [
                6501,
                389,
                0
            ],
            [
                1269,
                445,
                0
            ],
            [
                184,
                1,
                0
            ]
        ],
        "classification_report": "              precision    recall  f1-score   support\n\n     00 - 05       0.82      0.94      0.88      6890\n     06 - 10       0.53      0.26      0.35      1714\n     11 - 20       0.00      0.00      0.00       185\n\n    accuracy                           0.79      8789\n   macro avg       0.45      0.40      0.41      8789\nweighted avg       0.74      0.79      0.75      8789\n",
        "feature_importances": {
            "time_in_month": -0.6069665688758253,
            "time_in_hour": 0.03975275447454349,
            "time_in_weekday": -0.14174290058453354,
            "requires_power": -0.015455474228108636,
            "time_in_business_day": -0.09830815785534783,
            "time_in_week_of_year": 0.6562244992154663,
            "time_in_week_of_month": -0.07685047383586359,
            "nominal_length_NOM20": 0.3575863031032885,
            "nominal_length_NOM40": 0.41804599513127483,
            "nominal_length_NOM45": 0.04098392315394901,
            "freight_kind_FCL": 0.4690549865307294,
            "freight_kind_MTY": 0.3475612348578012,
            "category_EXPRT": -0.7249264949453611,
            "category_IMPRT": 0.8489963047549536,
            "category_STRGE": -1.0706695486063007,
            "category_THRGH": 2.7760078619754585,
            "category_TRSHP": -1.0127919017904021
        },
        "elapsed_time_minutes": null
    },
    "dataset_name": "subset_base.csv"
}