{
    "model_type": "LogisticRegression",
    "bins": [
        0,
        4,
        11,
        21
    ],
    "scaled": false,
    "tuned": false,
    "stratified_split_testing": true,
    "week": 4,
    "month": 2,
    "metrics": {
        "accuracy": 0.7781969068276122,
        "precision": 0.5135396767706485,
        "recall": 0.5405517626056194,
        "f1_score": 0.5238236196520777,
        "matthews_corrcoef": 0.5715449846338633,
        "cohen_kappa_score": 0.5651235951733453,
        "roc_auc_score": 0.8317564556419836,
        "log_loss": 0.5780725509786706,
        "confusion_matrix": [
            [
                4981,
                1263,
                0
            ],
            [
                699,
                3271,
                0
            ],
            [
                35,
                355,
                0
            ]
        ],
        "classification_report": "              precision    recall  f1-score   support\n\n     00 - 03       0.87      0.80      0.83      6244\n     04 - 10       0.67      0.82      0.74      3970\n     11 - 20       0.00      0.00      0.00       390\n\n    accuracy                           0.78     10604\n   macro avg       0.51      0.54      0.52     10604\nweighted avg       0.76      0.78      0.77     10604\n",
        "feature_importances": {
            "time_in_month": 0.19265739228997883,
            "time_in_hour": 0.01661104083581523,
            "time_in_weekday": -0.24578193593845113,
            "requires_power": -0.03671784058532397,
            "time_in_business_day": -0.054957340382983715,
            "time_in_week_of_year": -0.16658902911851714,
            "time_in_week_of_month": 0.018533846500118623,
            "nominal_length_NOM20": 0.4287617235946903,
            "nominal_length_NOM40": 0.4216369246373354,
            "nominal_length_NOM45": -0.39692032629204077,
            "freight_kind_FCL": 0.3520932327521232,
            "freight_kind_MTY": 0.10138508918798192,
            "category_EXPRT": -1.02197732669947,
            "category_IMPRT": 0.773480021687734,
            "category_STRGE": -0.9774935373387551,
            "category_THRGH": 2.7812181229640944,
            "category_TRSHP": -1.1017489586727907
        },
        "elapsed_time_minutes": null
    },
    "dataset_name": "subset_base.csv"
}