{
    "model_type": "LogisticRegression",
    "bins": [
        0,
        5,
        11,
        21
    ],
    "scaled": true,
    "tuned": false,
    "stratified_split_testing": true,
    "week": 4,
    "month": 1,
    "metrics": {
        "accuracy": 0.6363811172002692,
        "precision": 0.5350813483131961,
        "recall": 0.6860892896812256,
        "f1_score": 0.5488800825524142,
        "matthews_corrcoef": 0.37993784157473065,
        "cohen_kappa_score": 0.363179930867774,
        "roc_auc_score": 0.7984444282618138,
        "log_loss": 0.935579681125415,
        "confusion_matrix": [
            [
                4147,
                2021,
                388
            ],
            [
                595,
                2154,
                699
            ],
            [
                31,
                48,
                318
            ]
        ],
        "classification_report": "              precision    recall  f1-score   support\n\n     00 - 04       0.87      0.63      0.73      6556\n     05 - 10       0.51      0.62      0.56      3448\n     11 - 20       0.23      0.80      0.35       397\n\n    accuracy                           0.64     10401\n   macro avg       0.54      0.69      0.55     10401\nweighted avg       0.73      0.64      0.66     10401\n",
        "feature_importances": {
            "time_in_month": -0.5589531258171457,
            "time_in_hour": 0.03049728846231913,
            "time_in_weekday": -0.21638475050377678,
            "requires_power": -0.018655012900582416,
            "time_in_business_day": -0.11827649594142245,
            "time_in_week_of_year": 0.5790578913349032,
            "time_in_week_of_month": -0.06273833127400595,
            "nominal_length_NOM20": 0.29790954449810186,
            "nominal_length_NOM40": 0.24802716747012046,
            "nominal_length_NOM45": -0.36458468329052574,
            "freight_kind_FCL": 0.17833997961676581,
            "freight_kind_MTY": 0.0030120490643536168,
            "category_EXPRT": -1.1692481755391972,
            "category_IMPRT": 0.4897839117679283,
            "category_STRGE": -1.3906464400164769,
            "category_THRGH": 3.664536905317032,
            "category_TRSHP": -1.4130741728486729
        },
        "elapsed_time_minutes": null
    },
    "dataset_name": "subset_base.csv"
}