{
    "model_type": "LogisticRegression",
    "bins": [
        0,
        4,
        12,
        21
    ],
    "scaled": true,
    "tuned": false,
    "stratified_split_testing": false,
    "week": 2,
    "month": 1,
    "metrics": {
        "accuracy": 0.7169038980370267,
        "precision": 0.5592423299693849,
        "recall": 0.7732924873139346,
        "f1_score": 0.5454644596871099,
        "matthews_corrcoef": 0.4909050472696545,
        "cohen_kappa_score": 0.4798968501210832,
        "roc_auc_score": 0.8334449902166142,
        "log_loss": 0.8542362021069324,
        "confusion_matrix": [
            [
                5004,
                850,
                537
            ],
            [
                919,
                2590,
                728
            ],
            [
                8,
                1,
                112
            ]
        ],
        "classification_report": "              precision    recall  f1-score   support\n\n     00 - 03       0.84      0.78      0.81      6391\n     04 - 11       0.75      0.61      0.67      4237\n     12 - 20       0.08      0.93      0.15       121\n\n    accuracy                           0.72     10749\n   macro avg       0.56      0.77      0.55     10749\nweighted avg       0.80      0.72      0.75     10749\n",
        "feature_importances": {
            "time_in_month": 0.010401377200898168,
            "time_in_hour": 0.02007809637059323,
            "time_in_weekday": -0.26511454037410465,
            "requires_power": -0.03174676263688866,
            "time_in_business_day": -0.08722504464672158,
            "time_in_week_of_year": -0.007747145215220587,
            "time_in_week_of_month": -0.0063188002864629535,
            "nominal_length_NOM20": 0.15868661165666664,
            "nominal_length_NOM40": 0.0868905490757232,
            "nominal_length_NOM45": -0.0420163707363995,
            "freight_kind_FCL": 0.2320624785071353,
            "freight_kind_MTY": -0.02850168851100882,
            "category_EXPRT": -1.1948170345129514,
            "category_IMPRT": 0.5724593789774813,
            "category_STRGE": -1.2584950652943943,
            "category_THRGH": 3.3954182543169993,
            "category_TRSHP": -1.3110047434910297
        },
        "elapsed_time_minutes": null
    },
    "dataset_name": "subset_base.csv"
}