{
    "model_type": "LogisticRegression",
    "bins": [
        0,
        5,
        11,
        21
    ],
    "scaled": true,
    "tuned": false,
    "stratified_split_testing": true,
    "week": 3,
    "month": 2,
    "metrics": {
        "accuracy": 0.7206903200925568,
        "precision": 0.5399211831064862,
        "recall": 0.6047170492579408,
        "f1_score": 0.5310896800193622,
        "matthews_corrcoef": 0.5001147322792595,
        "cohen_kappa_score": 0.4719143921484964,
        "roc_auc_score": 0.8282925071589796,
        "log_loss": 0.7711076470338399,
        "confusion_matrix": [
            [
                5402,
                1268,
                700
            ],
            [
                149,
                1978,
                610
            ],
            [
                10,
                160,
                95
            ]
        ],
        "classification_report": "              precision    recall  f1-score   support\n\n     00 - 04       0.97      0.73      0.84      7370\n     05 - 10       0.58      0.72      0.64      2737\n     11 - 20       0.07      0.36      0.11       265\n\n    accuracy                           0.72     10372\n   macro avg       0.54      0.60      0.53     10372\nweighted avg       0.85      0.72      0.77     10372\n",
        "feature_importances": {
            "time_in_month": -0.5589531258171457,
            "time_in_hour": 0.03049728846231913,
            "time_in_weekday": -0.21638475050377678,
            "requires_power": -0.018655012900582416,
            "time_in_business_day": -0.11827649594142245,
            "time_in_week_of_year": 0.5790578913349032,
            "time_in_week_of_month": -0.06273833127400595,
            "nominal_length_NOM20": 0.29790954449810186,
            "nominal_length_NOM40": 0.24802716747012046,
            "nominal_length_NOM45": -0.36458468329052574,
            "freight_kind_FCL": 0.17833997961676581,
            "freight_kind_MTY": 0.0030120490643536168,
            "category_EXPRT": -1.1692481755391972,
            "category_IMPRT": 0.4897839117679283,
            "category_STRGE": -1.3906464400164769,
            "category_THRGH": 3.664536905317032,
            "category_TRSHP": -1.4130741728486729
        },
        "elapsed_time_minutes": null
    },
    "dataset_name": "subset_base.csv"
}