{
    "model_type": "LogisticRegression",
    "bins": [
        0,
        3,
        12,
        21
    ],
    "scaled": true,
    "tuned": false,
    "stratified_split_testing": false,
    "week": 2,
    "month": 2,
    "metrics": {
        "accuracy": 0.647483498349835,
        "precision": 0.5394259830146408,
        "recall": 0.6363097079584267,
        "f1_score": 0.5064566699376064,
        "matthews_corrcoef": 0.4412950042066105,
        "cohen_kappa_score": 0.4072676643285158,
        "roc_auc_score": 0.7999095445406148,
        "log_loss": 0.9012265897667585,
        "confusion_matrix": [
            [
                3350,
                303,
                310
            ],
            [
                1715,
                2821,
                1004
            ],
            [
                19,
                67,
                107
            ]
        ],
        "classification_report": "              precision    recall  f1-score   support\n\n     00 - 02       0.66      0.85      0.74      3963\n     03 - 11       0.88      0.51      0.65      5540\n     12 - 20       0.08      0.55      0.13       193\n\n    accuracy                           0.65      9696\n   macro avg       0.54      0.64      0.51      9696\nweighted avg       0.78      0.65      0.67      9696\n",
        "feature_importances": {
            "time_in_month": 0.14697673297310107,
            "time_in_hour": 0.007540966331072294,
            "time_in_weekday": -0.24000898137656737,
            "requires_power": -0.028801012779120744,
            "time_in_business_day": -0.01024936548270351,
            "time_in_week_of_year": -0.15015957857883344,
            "time_in_week_of_month": 0.00814000981182633,
            "nominal_length_NOM20": 0.17213110087250363,
            "nominal_length_NOM40": 0.06394267449592399,
            "nominal_length_NOM45": -0.16143243450571682,
            "freight_kind_FCL": 0.19673319271520523,
            "freight_kind_MTY": -0.12209185185332441,
            "category_EXPRT": -1.4557891777208174,
            "category_IMPRT": 0.7016832893431462,
            "category_STRGE": -0.9629362247709227,
            "category_THRGH": 3.054815014681643,
            "category_TRSHP": -1.263131560670843
        },
        "elapsed_time_minutes": null
    },
    "dataset_name": "subset_base.csv"
}