{
    "model_type": "LogisticRegression",
    "bins": [
        0,
        4,
        11,
        21
    ],
    "scaled": true,
    "tuned": false,
    "stratified_split_testing": true,
    "week": 1,
    "month": 2,
    "metrics": {
        "accuracy": 0.6172064777327935,
        "precision": 0.4976027403840381,
        "recall": 0.5396256396034587,
        "f1_score": 0.4519878907971087,
        "matthews_corrcoef": 0.36137005191405597,
        "cohen_kappa_score": 0.34382417583652614,
        "roc_auc_score": 0.7353852714017574,
        "log_loss": 0.9314578717283509,
        "confusion_matrix": [
            [
                3988,
                942,
                457
            ],
            [
                1019,
                2079,
                1319
            ],
            [
                17,
                28,
                31
            ]
        ],
        "classification_report": "              precision    recall  f1-score   support\n\n     00 - 03       0.79      0.74      0.77      5387\n     04 - 10       0.68      0.47      0.56      4417\n     11 - 20       0.02      0.41      0.03        76\n\n    accuracy                           0.62      9880\n   macro avg       0.50      0.54      0.45      9880\nweighted avg       0.74      0.62      0.67      9880\n",
        "feature_importances": {
            "time_in_month": 0.18676446346637018,
            "time_in_hour": 0.017739602738640455,
            "time_in_weekday": -0.24477378780334852,
            "requires_power": -0.026110043935036954,
            "time_in_business_day": -0.07617076595457617,
            "time_in_week_of_year": -0.1828241813133226,
            "time_in_week_of_month": 0.02393147324767105,
            "nominal_length_NOM20": 0.17037141119114493,
            "nominal_length_NOM40": 0.0992895992233648,
            "nominal_length_NOM45": -0.08004252122643528,
            "freight_kind_FCL": 0.2100751667784529,
            "freight_kind_MTY": -0.020456677592277175,
            "category_EXPRT": -1.2337498544876786,
            "category_IMPRT": 0.5610554268517333,
            "category_STRGE": -1.2115080366972297,
            "category_THRGH": 3.392229496056966,
            "category_TRSHP": -1.3184085425360397
        },
        "elapsed_time_minutes": null
    },
    "dataset_name": "subset_base.csv"
}