{
    "model_type": "LogisticRegression",
    "bins": [
        0,
        6,
        10,
        21
    ],
    "scaled": false,
    "tuned": false,
    "stratified_split_testing": false,
    "week": 3,
    "month": 1,
    "metrics": {
        "accuracy": 0.6858407079646017,
        "precision": 0.35781529908818427,
        "recall": 0.3571112708176371,
        "f1_score": 0.34419906868614136,
        "matthews_corrcoef": 0.09905279863497893,
        "cohen_kappa_score": 0.08676759013103852,
        "roc_auc_score": 0.7474089741744541,
        "log_loss": 0.5883395454844363,
        "confusion_matrix": [
            [
                4665,
                481,
                0
            ],
            [
                1495,
                295,
                0
            ],
            [
                206,
                90,
                0
            ]
        ],
        "classification_report": "              precision    recall  f1-score   support\n\n     00 - 05       0.73      0.91      0.81      5146\n     06 - 09       0.34      0.16      0.22      1790\n     10 - 20       0.00      0.00      0.00       296\n\n    accuracy                           0.69      7232\n   macro avg       0.36      0.36      0.34      7232\nweighted avg       0.61      0.69      0.63      7232\n",
        "feature_importances": {
            "time_in_month": -0.6328297234164157,
            "time_in_hour": 0.03943986477603461,
            "time_in_weekday": -0.11882381015969183,
            "requires_power": -0.006569953882922589,
            "time_in_business_day": -0.10075721055920074,
            "time_in_week_of_year": 0.6822885984727913,
            "time_in_week_of_month": -0.07741654095988307,
            "nominal_length_NOM20": 0.36267616805815994,
            "nominal_length_NOM40": 0.4320541813976468,
            "nominal_length_NOM45": 0.022354224510839956,
            "freight_kind_FCL": 0.4315411439104138,
            "freight_kind_MTY": 0.3855434300562326,
            "category_EXPRT": -0.8174362134102828,
            "category_IMPRT": 0.8554916501495639,
            "category_STRGE": -1.0539093890754236,
            "category_THRGH": 2.843085820805519,
            "category_TRSHP": -1.0101472945026289
        },
        "elapsed_time_minutes": null
    },
    "dataset_name": "subset_base.csv"
}