{
    "model_type": "LogisticRegression",
    "bins": [
        0,
        4,
        12,
        21
    ],
    "scaled": false,
    "tuned": false,
    "stratified_split_testing": false,
    "week": 2,
    "month": 1,
    "metrics": {
        "accuracy": 0.7836077774676714,
        "precision": 0.5166184379579951,
        "recall": 0.5271079875042101,
        "f1_score": 0.5210865648231565,
        "matthews_corrcoef": 0.5622195684914725,
        "cohen_kappa_score": 0.5607032788997143,
        "roc_auc_score": 0.8478985961304003,
        "log_loss": 0.5405768978972364,
        "confusion_matrix": [
            [
                5112,
                1279,
                0
            ],
            [
                926,
                3311,
                0
            ],
            [
                36,
                85,
                0
            ]
        ],
        "classification_report": "              precision    recall  f1-score   support\n\n     00 - 03       0.84      0.80      0.82      6391\n     04 - 11       0.71      0.78      0.74      4237\n     12 - 20       0.00      0.00      0.00       121\n\n    accuracy                           0.78     10749\n   macro avg       0.52      0.53      0.52     10749\nweighted avg       0.78      0.78      0.78     10749\n",
        "feature_importances": {
            "time_in_month": -0.01171354815467645,
            "time_in_hour": 0.020361889000418704,
            "time_in_weekday": -0.2641395941772903,
            "requires_power": -0.04083214281018673,
            "time_in_business_day": -0.059180487357740376,
            "time_in_week_of_year": 0.04178927511758281,
            "time_in_week_of_month": -0.010966628110914657,
            "nominal_length_NOM20": 0.42073650417005104,
            "nominal_length_NOM40": 0.4126555850378994,
            "nominal_length_NOM45": -0.35432607482370504,
            "freight_kind_FCL": 0.3862187831701393,
            "freight_kind_MTY": 0.09284723121405909,
            "category_EXPRT": -0.9671907341611222,
            "category_IMPRT": 0.7968040293430161,
            "category_STRGE": -0.9906629168790184,
            "category_THRGH": 2.723689513133064,
            "category_TRSHP": -1.0835738770514287
        },
        "elapsed_time_minutes": null
    },
    "dataset_name": "subset_base.csv"
}