{
    "model_type": "LogisticRegression",
    "bins": [
        0,
        5,
        11,
        21
    ],
    "scaled": true,
    "tuned": false,
    "stratified_split_testing": true,
    "week": 4,
    "month": 2,
    "metrics": {
        "accuracy": 0.7066201433421351,
        "precision": 0.5624602180798145,
        "recall": 0.6994942920164572,
        "f1_score": 0.563791606748217,
        "matthews_corrcoef": 0.49044717732649135,
        "cohen_kappa_score": 0.46512618977606823,
        "roc_auc_score": 0.8387713107907171,
        "log_loss": 0.7992069302559297,
        "confusion_matrix": [
            [
                5385,
                1363,
                552
            ],
            [
                156,
                1821,
                937
            ],
            [
                11,
                92,
                287
            ]
        ],
        "classification_report": "              precision    recall  f1-score   support\n\n     00 - 04       0.97      0.74      0.84      7300\n     05 - 10       0.56      0.62      0.59      2914\n     11 - 20       0.16      0.74      0.27       390\n\n    accuracy                           0.71     10604\n   macro avg       0.56      0.70      0.56     10604\nweighted avg       0.83      0.71      0.75     10604\n",
        "feature_importances": {
            "time_in_month": -0.5589531258171457,
            "time_in_hour": 0.03049728846231913,
            "time_in_weekday": -0.21638475050377678,
            "requires_power": -0.018655012900582416,
            "time_in_business_day": -0.11827649594142245,
            "time_in_week_of_year": 0.5790578913349032,
            "time_in_week_of_month": -0.06273833127400595,
            "nominal_length_NOM20": 0.29790954449810186,
            "nominal_length_NOM40": 0.24802716747012046,
            "nominal_length_NOM45": -0.36458468329052574,
            "freight_kind_FCL": 0.17833997961676581,
            "freight_kind_MTY": 0.0030120490643536168,
            "category_EXPRT": -1.1692481755391972,
            "category_IMPRT": 0.4897839117679283,
            "category_STRGE": -1.3906464400164769,
            "category_THRGH": 3.664536905317032,
            "category_TRSHP": -1.4130741728486729
        },
        "elapsed_time_minutes": null
    },
    "dataset_name": "subset_base.csv"
}