{
    "model_type": "LogisticRegression",
    "bins": [
        0,
        4,
        9,
        21
    ],
    "scaled": false,
    "tuned": false,
    "stratified_split_testing": false,
    "week": 2,
    "month": 1,
    "metrics": {
        "accuracy": 0.7756070332123919,
        "precision": 0.5584099457701166,
        "recall": 0.5300913703689291,
        "f1_score": 0.5232563367598607,
        "matthews_corrcoef": 0.5500252194257432,
        "cohen_kappa_score": 0.5483707696081568,
        "roc_auc_score": 0.8088269521994528,
        "log_loss": 0.5989763973554042,
        "confusion_matrix": [
            [
                5146,
                1238,
                7
            ],
            [
                909,
                3189,
                5
            ],
            [
                101,
                152,
                2
            ]
        ],
        "classification_report": "              precision    recall  f1-score   support\n\n     00 - 03       0.84      0.81      0.82      6391\n     04 - 08       0.70      0.78      0.73      4103\n     09 - 20       0.14      0.01      0.01       255\n\n    accuracy                           0.78     10749\n   macro avg       0.56      0.53      0.52     10749\nweighted avg       0.77      0.78      0.77     10749\n",
        "feature_importances": {
            "time_in_month": -0.25067907498864567,
            "time_in_hour": 0.02579432029659084,
            "time_in_weekday": -0.20492936988736885,
            "requires_power": -0.019189861942924446,
            "time_in_business_day": -0.07161322042424086,
            "time_in_week_of_year": 0.26461087222645846,
            "time_in_week_of_month": -0.022870610599803682,
            "nominal_length_NOM20": 0.3488847382080012,
            "nominal_length_NOM40": 0.3518905375246517,
            "nominal_length_NOM45": -0.2882502659632094,
            "freight_kind_FCL": 0.27854593437094965,
            "freight_kind_MTY": 0.13397907539852735,
            "category_EXPRT": -1.213630176647026,
            "category_IMPRT": 0.775330677745505,
            "category_STRGE": -0.895929940150363,
            "category_THRGH": 2.8194262108678334,
            "category_TRSHP": -1.0726717620464443
        },
        "elapsed_time_minutes": null
    },
    "dataset_name": "subset_base.csv"
}