{
    "model_type": "LogisticRegression",
    "bins": [
        0,
        6,
        9,
        21
    ],
    "scaled": false,
    "tuned": false,
    "stratified_split_testing": false,
    "week": 2,
    "month": 3,
    "metrics": {
        "accuracy": 0.8458369741605293,
        "precision": 0.43669841104099877,
        "recall": 0.40237727953757635,
        "f1_score": 0.41032522167393193,
        "matthews_corrcoef": 0.2617774338935194,
        "cohen_kappa_score": 0.24033466911248114,
        "roc_auc_score": 0.788063908797259,
        "log_loss": 0.46795026685867214,
        "confusion_matrix": [
            [
                6531,
                264,
                0
            ],
            [
                751,
                245,
                0
            ],
            [
                163,
                57,
                0
            ]
        ],
        "classification_report": "              precision    recall  f1-score   support\n\n     00 - 05       0.88      0.96      0.92      6795\n     06 - 08       0.43      0.25      0.31       996\n     09 - 20       0.00      0.00      0.00       220\n\n    accuracy                           0.85      8011\n   macro avg       0.44      0.40      0.41      8011\nweighted avg       0.80      0.85      0.82      8011\n",
        "feature_importances": {
            "time_in_month": -0.9012029052101064,
            "time_in_hour": 0.03661846401752361,
            "time_in_weekday": -0.12075962431764212,
            "requires_power": -0.0007226322079069691,
            "time_in_business_day": -0.12429572660842675,
            "time_in_week_of_year": 0.9444244732914914,
            "time_in_week_of_month": -0.1042455618270715,
            "nominal_length_NOM20": 0.30987948890822387,
            "nominal_length_NOM40": 0.3879527191960974,
            "nominal_length_NOM45": 0.06242467349211346,
            "freight_kind_FCL": 0.38738773504824714,
            "freight_kind_MTY": 0.37286914654815695,
            "category_EXPRT": -0.9788523912369037,
            "category_IMPRT": 0.8194119072713023,
            "category_STRGE": -1.0252743898141643,
            "category_THRGH": 2.950105745618755,
            "category_TRSHP": -1.005133990242673
        },
        "elapsed_time_minutes": null
    },
    "dataset_name": "subset_base.csv"
}