{
    "model_type": "LogisticRegression",
    "bins": [
        0,
        3,
        10,
        21
    ],
    "scaled": false,
    "tuned": false,
    "stratified_split_testing": true,
    "week": 3,
    "month": 2,
    "metrics": {
        "accuracy": 0.7925183185499421,
        "precision": 0.52806310595333,
        "recall": 0.5462522664192635,
        "f1_score": 0.5368875136068888,
        "matthews_corrcoef": 0.5997235397794238,
        "cohen_kappa_score": 0.5981962475468426,
        "roc_auc_score": 0.8273948283636471,
        "log_loss": 0.5785640732445924,
        "confusion_matrix": [
            [
                4340,
                745,
                0
            ],
            [
                1061,
                3880,
                0
            ],
            [
                12,
                334,
                0
            ]
        ],
        "classification_report": "              precision    recall  f1-score   support\n\n     00 - 02       0.80      0.85      0.83      5085\n     03 - 09       0.78      0.79      0.78      4941\n     10 - 20       0.00      0.00      0.00       346\n\n    accuracy                           0.79     10372\n   macro avg       0.53      0.55      0.54     10372\nweighted avg       0.77      0.79      0.78     10372\n",
        "feature_importances": {
            "time_in_month": 0.45153551868003994,
            "time_in_hour": 0.01299807255140046,
            "time_in_weekday": -0.17691619201572073,
            "requires_power": -0.024550714038019002,
            "time_in_business_day": 0.042490611696917,
            "time_in_week_of_year": -0.42281373431833336,
            "time_in_week_of_month": 0.04383212577551827,
            "nominal_length_NOM20": 0.36504338904028355,
            "nominal_length_NOM40": 0.31169460275156835,
            "nominal_length_NOM45": -0.5118969874233699,
            "freight_kind_FCL": 0.19376937829868904,
            "freight_kind_MTY": -0.028928373930201604,
            "category_EXPRT": -1.4045646932950901,
            "category_IMPRT": 0.8673059826542463,
            "category_STRGE": -0.7103732046300688,
            "category_THRGH": 2.523303450376792,
            "category_TRSHP": -1.1108305307378994
        },
        "elapsed_time_minutes": null
    },
    "dataset_name": "subset_base.csv"
}