{
    "model_type": "LogisticRegression",
    "bins": [
        0,
        5,
        10,
        21
    ],
    "scaled": false,
    "tuned": false,
    "stratified_split_testing": false,
    "week": 4,
    "month": 1,
    "metrics": {
        "accuracy": 0.7009902893952504,
        "precision": 0.45245210210252046,
        "recall": 0.4861519209888649,
        "f1_score": 0.4669221125513627,
        "matthews_corrcoef": 0.3955898046130862,
        "cohen_kappa_score": 0.3920953571311584,
        "roc_auc_score": 0.8157722175923023,
        "log_loss": 0.6475095770442661,
        "confusion_matrix": [
            [
                4940,
                1616,
                0
            ],
            [
                984,
                2351,
                0
            ],
            [
                373,
                137,
                0
            ]
        ],
        "classification_report": "              precision    recall  f1-score   support\n\n     00 - 04       0.78      0.75      0.77      6556\n     05 - 09       0.57      0.70      0.63      3335\n     10 - 20       0.00      0.00      0.00       510\n\n    accuracy                           0.70     10401\n   macro avg       0.45      0.49      0.47     10401\nweighted avg       0.68      0.70      0.69     10401\n",
        "feature_importances": {
            "time_in_month": -0.8667133010072082,
            "time_in_hour": 0.034522335162434796,
            "time_in_weekday": -0.18571907171286228,
            "requires_power": -0.012629085363710064,
            "time_in_business_day": -0.09909617344590953,
            "time_in_week_of_year": 0.9044637030387997,
            "time_in_week_of_month": -0.09996297781367762,
            "nominal_length_NOM20": 0.530263564410212,
            "nominal_length_NOM40": 0.5627921597706658,
            "nominal_length_NOM45": -0.5935761497547414,
            "freight_kind_FCL": 0.30854309361058757,
            "freight_kind_MTY": 0.19093648081538772,
            "category_EXPRT": -0.983011819319619,
            "category_IMPRT": 0.7647710005577639,
            "category_STRGE": -1.0835405913906644,
            "category_THRGH": 2.933569080053002,
            "category_TRSHP": -1.1323080954741211
        },
        "elapsed_time_minutes": null
    },
    "dataset_name": "subset_base.csv"
}