{
    "model_type": "LogisticRegression",
    "bins": [
        0,
        6,
        11,
        21
    ],
    "scaled": true,
    "tuned": false,
    "stratified_split_testing": true,
    "week": 3,
    "month": 1,
    "metrics": {
        "accuracy": 0.5767422566371682,
        "precision": 0.4740467962356008,
        "recall": 0.5089807493679991,
        "f1_score": 0.4309277879919134,
        "matthews_corrcoef": 0.3270052022513223,
        "cohen_kappa_score": 0.285071588590574,
        "roc_auc_score": 0.7442182771216449,
        "log_loss": 0.9664686095254608,
        "confusion_matrix": [
            [
                2923,
                1692,
                531
            ],
            [
                64,
                1183,
                644
            ],
            [
                13,
                117,
                65
            ]
        ],
        "classification_report": "              precision    recall  f1-score   support\n\n     00 - 05       0.97      0.57      0.72      5146\n     06 - 10       0.40      0.63      0.48      1891\n     11 - 20       0.05      0.33      0.09       195\n\n    accuracy                           0.58      7232\n   macro avg       0.47      0.51      0.43      7232\nweighted avg       0.80      0.58      0.64      7232\n",
        "feature_importances": {
            "time_in_month": -0.3490594027516738,
            "time_in_hour": 0.03530493057566562,
            "time_in_weekday": -0.1549875152927603,
            "requires_power": -0.014908309370436433,
            "time_in_business_day": -0.11452224673301832,
            "time_in_week_of_year": 0.38163869324056826,
            "time_in_week_of_month": -0.04393015580388635,
            "nominal_length_NOM20": 0.1436993330526257,
            "nominal_length_NOM40": 0.12067999540219941,
            "nominal_length_NOM45": 0.06298120557157229,
            "freight_kind_FCL": 0.21543235666654503,
            "freight_kind_MTY": 0.11192817736122566,
            "category_EXPRT": -1.072841892264854,
            "category_IMPRT": 0.5109427753577462,
            "category_STRGE": -1.4368514166445037,
            "category_THRGH": 3.6997097497163356,
            "category_TRSHP": -1.3735986821360766
        },
        "elapsed_time_minutes": null
    },
    "dataset_name": "subset_base.csv"
}