{
    "model_type": "LogisticRegression",
    "bins": [
        0,
        4,
        12,
        21
    ],
    "scaled": false,
    "tuned": false,
    "stratified_split_testing": false,
    "week": 1,
    "month": 1,
    "metrics": {
        "accuracy": 0.7677966101694915,
        "precision": 0.5060216176866227,
        "recall": 0.5110866819931648,
        "f1_score": 0.5082420375510005,
        "matthews_corrcoef": 0.5235453118954883,
        "cohen_kappa_score": 0.52246106690788,
        "roc_auc_score": 0.816906645650596,
        "log_loss": 0.5752443625187712,
        "confusion_matrix": [
            [
                3194,
                603,
                0
            ],
            [
                796,
                1789,
                0
            ],
            [
                22,
                86,
                0
            ]
        ],
        "classification_report": "              precision    recall  f1-score   support\n\n     00 - 03       0.80      0.84      0.82      3797\n     04 - 11       0.72      0.69      0.71      2585\n     12 - 20       0.00      0.00      0.00       108\n\n    accuracy                           0.77      6490\n   macro avg       0.51      0.51      0.51      6490\nweighted avg       0.75      0.77      0.76      6490\n",
        "feature_importances": {
            "time_in_month": -0.01171354815467645,
            "time_in_hour": 0.020361889000418704,
            "time_in_weekday": -0.2641395941772903,
            "requires_power": -0.04083214281018673,
            "time_in_business_day": -0.059180487357740376,
            "time_in_week_of_year": 0.04178927511758281,
            "time_in_week_of_month": -0.010966628110914657,
            "nominal_length_NOM20": 0.42073650417005104,
            "nominal_length_NOM40": 0.4126555850378994,
            "nominal_length_NOM45": -0.35432607482370504,
            "freight_kind_FCL": 0.3862187831701393,
            "freight_kind_MTY": 0.09284723121405909,
            "category_EXPRT": -0.9671907341611222,
            "category_IMPRT": 0.7968040293430161,
            "category_STRGE": -0.9906629168790184,
            "category_THRGH": 2.723689513133064,
            "category_TRSHP": -1.0835738770514287
        },
        "elapsed_time_minutes": null
    },
    "dataset_name": "subset_base.csv"
}