{
    "model_type": "LogisticRegression",
    "bins": [
        0,
        3,
        12,
        21
    ],
    "scaled": true,
    "tuned": false,
    "stratified_split_testing": false,
    "week": 4,
    "month": 2,
    "metrics": {
        "accuracy": 0.6504149377593361,
        "precision": 0.5483618829030721,
        "recall": 0.6562436803323413,
        "f1_score": 0.5128722738610677,
        "matthews_corrcoef": 0.44340873188976815,
        "cohen_kappa_score": 0.41547906801237977,
        "roc_auc_score": 0.8149849069138262,
        "log_loss": 0.8925959206429568,
        "confusion_matrix": [
            [
                4107,
                493,
                314
            ],
            [
                1434,
                2640,
                1385
            ],
            [
                11,
                70,
                150
            ]
        ],
        "classification_report": "              precision    recall  f1-score   support\n\n     00 - 02       0.74      0.84      0.78      4914\n     03 - 11       0.82      0.48      0.61      5459\n     12 - 20       0.08      0.65      0.14       231\n\n    accuracy                           0.65     10604\n   macro avg       0.55      0.66      0.51     10604\nweighted avg       0.77      0.65      0.68     10604\n",
        "feature_importances": {
            "time_in_month": 0.14697673297310107,
            "time_in_hour": 0.007540966331072294,
            "time_in_weekday": -0.24000898137656737,
            "requires_power": -0.028801012779120744,
            "time_in_business_day": -0.01024936548270351,
            "time_in_week_of_year": -0.15015957857883344,
            "time_in_week_of_month": 0.00814000981182633,
            "nominal_length_NOM20": 0.17213110087250363,
            "nominal_length_NOM40": 0.06394267449592399,
            "nominal_length_NOM45": -0.16143243450571682,
            "freight_kind_FCL": 0.19673319271520523,
            "freight_kind_MTY": -0.12209185185332441,
            "category_EXPRT": -1.4557891777208174,
            "category_IMPRT": 0.7016832893431462,
            "category_STRGE": -0.9629362247709227,
            "category_THRGH": 3.054815014681643,
            "category_TRSHP": -1.263131560670843
        },
        "elapsed_time_minutes": null
    },
    "dataset_name": "subset_base.csv"
}