{
    "model_type": "LogisticRegression",
    "bins": [
        0,
        6,
        11,
        21
    ],
    "scaled": true,
    "tuned": false,
    "stratified_split_testing": false,
    "week": 1,
    "month": 3,
    "metrics": {
        "accuracy": 0.6334053931050176,
        "precision": 0.48607950434710007,
        "recall": 0.6779994197047983,
        "f1_score": 0.46807060543996576,
        "matthews_corrcoef": 0.3717207121029471,
        "cohen_kappa_score": 0.3188118728999243,
        "roc_auc_score": 0.8222463617337077,
        "log_loss": 0.8971524165934183,
        "confusion_matrix": [
            [
                4387,
                1613,
                890
            ],
            [
                59,
                1033,
                622
            ],
            [
                26,
                12,
                147
            ]
        ],
        "classification_report": "              precision    recall  f1-score   support\n\n     00 - 05       0.98      0.64      0.77      6890\n     06 - 10       0.39      0.60      0.47      1714\n     11 - 20       0.09      0.79      0.16       185\n\n    accuracy                           0.63      8789\n   macro avg       0.49      0.68      0.47      8789\nweighted avg       0.85      0.63      0.70      8789\n",
        "feature_importances": {
            "time_in_month": -0.4775079272967075,
            "time_in_hour": 0.035839385267183374,
            "time_in_weekday": -0.16215039923816194,
            "requires_power": -0.008004012236171401,
            "time_in_business_day": -0.11838387259703041,
            "time_in_week_of_year": 0.5063903635893975,
            "time_in_week_of_month": -0.06062984961735644,
            "nominal_length_NOM20": 0.14415053145879614,
            "nominal_length_NOM40": 0.11600158988753187,
            "nominal_length_NOM45": 0.06860766108344364,
            "freight_kind_FCL": 0.21884446673896962,
            "freight_kind_MTY": 0.10991531569038412,
            "category_EXPRT": -1.0660693669022716,
            "category_IMPRT": 0.5095222164605722,
            "category_STRGE": -1.4228760075051936,
            "category_THRGH": 3.689471521579793,
            "category_TRSHP": -1.381288581203535
        },
        "elapsed_time_minutes": null
    },
    "dataset_name": "subset_base.csv"
}