{
    "model_type": "LogisticRegression",
    "bins": [
        0,
        3,
        10,
        21
    ],
    "scaled": true,
    "tuned": false,
    "stratified_split_testing": true,
    "week": 1,
    "month": 1,
    "metrics": {
        "accuracy": 0.5801232665639445,
        "precision": 0.5429940600463031,
        "recall": 0.6567766386937689,
        "f1_score": 0.4667383283960304,
        "matthews_corrcoef": 0.3802965700058302,
        "cohen_kappa_score": 0.3229124712208369,
        "roc_auc_score": 0.7561123626096657,
        "log_loss": 0.9692584057064147,
        "confusion_matrix": [
            [
                2288,
                64,
                284
            ],
            [
                1667,
                1370,
                671
            ],
            [
                39,
                0,
                107
            ]
        ],
        "classification_report": "              precision    recall  f1-score   support\n\n     00 - 02       0.57      0.87      0.69      2636\n     03 - 09       0.96      0.37      0.53      3708\n     10 - 20       0.10      0.73      0.18       146\n\n    accuracy                           0.58      6490\n   macro avg       0.54      0.66      0.47      6490\nweighted avg       0.78      0.58      0.59      6490\n",
        "feature_importances": {
            "time_in_month": 0.40828345179454645,
            "time_in_hour": 0.0069092653644253965,
            "time_in_weekday": -0.18901956563979855,
            "requires_power": -0.023426187624054105,
            "time_in_business_day": 0.02196624850518936,
            "time_in_week_of_year": -0.4010781198202219,
            "time_in_week_of_month": 0.04463320006540917,
            "nominal_length_NOM20": 0.25009785045598626,
            "nominal_length_NOM40": 0.1565116299938071,
            "nominal_length_NOM45": -0.35024264958272,
            "freight_kind_FCL": 0.14157241643489935,
            "freight_kind_MTY": -0.08520558556573193,
            "category_EXPRT": -1.6014595480992615,
            "category_IMPRT": 0.6736886651285567,
            "category_STRGE": -0.8855697682996198,
            "category_THRGH": 3.1743500509310394,
            "category_TRSHP": -1.304642568794377
        },
        "elapsed_time_minutes": null
    },
    "dataset_name": "subset_base.csv"
}