{
    "model_type": "LogisticRegression",
    "bins": [
        0,
        6,
        11,
        21
    ],
    "scaled": true,
    "tuned": false,
    "stratified_split_testing": true,
    "week": 3,
    "month": 2,
    "metrics": {
        "accuracy": 0.6967797917470112,
        "precision": 0.5059706535596299,
        "recall": 0.5947940192849562,
        "f1_score": 0.501582891347779,
        "matthews_corrcoef": 0.45542120385476065,
        "cohen_kappa_score": 0.4102363096331604,
        "roc_auc_score": 0.8226432031627273,
        "log_loss": 0.7848516137312588,
        "confusion_matrix": [
            [
                5490,
                1795,
                642
            ],
            [
                61,
                1648,
                471
            ],
            [
                10,
                166,
                89
            ]
        ],
        "classification_report": "              precision    recall  f1-score   support\n\n     00 - 05       0.99      0.69      0.81      7927\n     06 - 10       0.46      0.76      0.57      2180\n     11 - 20       0.07      0.34      0.12       265\n\n    accuracy                           0.70     10372\n   macro avg       0.51      0.59      0.50     10372\nweighted avg       0.85      0.70      0.74     10372\n",
        "feature_importances": {
            "time_in_month": -0.3490594027516738,
            "time_in_hour": 0.03530493057566562,
            "time_in_weekday": -0.1549875152927603,
            "requires_power": -0.014908309370436433,
            "time_in_business_day": -0.11452224673301832,
            "time_in_week_of_year": 0.38163869324056826,
            "time_in_week_of_month": -0.04393015580388635,
            "nominal_length_NOM20": 0.1436993330526257,
            "nominal_length_NOM40": 0.12067999540219941,
            "nominal_length_NOM45": 0.06298120557157229,
            "freight_kind_FCL": 0.21543235666654503,
            "freight_kind_MTY": 0.11192817736122566,
            "category_EXPRT": -1.072841892264854,
            "category_IMPRT": 0.5109427753577462,
            "category_STRGE": -1.4368514166445037,
            "category_THRGH": 3.6997097497163356,
            "category_TRSHP": -1.3735986821360766
        },
        "elapsed_time_minutes": null
    },
    "dataset_name": "subset_base.csv"
}