{
    "model_type": "LogisticRegression",
    "bins": [
        0,
        6,
        11,
        21
    ],
    "scaled": false,
    "tuned": false,
    "stratified_split_testing": false,
    "week": 4,
    "month": 1,
    "metrics": {
        "accuracy": 0.7276223440053841,
        "precision": 0.42782232678164417,
        "recall": 0.3967455808823545,
        "f1_score": 0.39568043302227257,
        "matthews_corrcoef": 0.2224750239323491,
        "cohen_kappa_score": 0.1982895502495391,
        "roc_auc_score": 0.78989296641381,
        "log_loss": 0.5851723455693028,
        "confusion_matrix": [
            [
                6888,
                594,
                0
            ],
            [
                1842,
                680,
                0
            ],
            [
                382,
                15,
                0
            ]
        ],
        "classification_report": "              precision    recall  f1-score   support\n\n     00 - 05       0.76      0.92      0.83      7482\n     06 - 10       0.53      0.27      0.36      2522\n     11 - 20       0.00      0.00      0.00       397\n\n    accuracy                           0.73     10401\n   macro avg       0.43      0.40      0.40     10401\nweighted avg       0.67      0.73      0.68     10401\n",
        "feature_importances": {
            "time_in_month": -0.6069665688758253,
            "time_in_hour": 0.03975275447454349,
            "time_in_weekday": -0.14174290058453354,
            "requires_power": -0.015455474228108636,
            "time_in_business_day": -0.09830815785534783,
            "time_in_week_of_year": 0.6562244992154663,
            "time_in_week_of_month": -0.07685047383586359,
            "nominal_length_NOM20": 0.3575863031032885,
            "nominal_length_NOM40": 0.41804599513127483,
            "nominal_length_NOM45": 0.04098392315394901,
            "freight_kind_FCL": 0.4690549865307294,
            "freight_kind_MTY": 0.3475612348578012,
            "category_EXPRT": -0.7249264949453611,
            "category_IMPRT": 0.8489963047549536,
            "category_STRGE": -1.0706695486063007,
            "category_THRGH": 2.7760078619754585,
            "category_TRSHP": -1.0127919017904021
        },
        "elapsed_time_minutes": null
    },
    "dataset_name": "subset_base.csv"
}