{
    "model_type": "LogisticRegression",
    "bins": [
        0,
        4,
        9,
        21
    ],
    "scaled": false,
    "tuned": false,
    "stratified_split_testing": true,
    "week": 2,
    "month": 3,
    "metrics": {
        "accuracy": 0.7312445387592061,
        "precision": 0.556146870752262,
        "recall": 0.5109261013289088,
        "f1_score": 0.494909562224519,
        "matthews_corrcoef": 0.49302423596702144,
        "cohen_kappa_score": 0.4794556239533766,
        "roc_auc_score": 0.8040483981895443,
        "log_loss": 0.6301329149280019,
        "confusion_matrix": [
            [
                3358,
                1388,
                0
            ],
            [
                542,
                2499,
                4
            ],
            [
                17,
                202,
                1
            ]
        ],
        "classification_report": "              precision    recall  f1-score   support\n\n     00 - 03       0.86      0.71      0.78      4746\n     04 - 08       0.61      0.82      0.70      3045\n     09 - 20       0.20      0.00      0.01       220\n\n    accuracy                           0.73      8011\n   macro avg       0.56      0.51      0.49      8011\nweighted avg       0.75      0.73      0.73      8011\n",
        "feature_importances": {
            "time_in_month": -0.20121024824576847,
            "time_in_hour": 0.02042964565029142,
            "time_in_weekday": -0.202831422628163,
            "requires_power": -0.019743260790255287,
            "time_in_business_day": -0.07058522515668213,
            "time_in_week_of_year": 0.2167944366745834,
            "time_in_week_of_month": -0.014642738543389744,
            "nominal_length_NOM20": 0.3417431775440864,
            "nominal_length_NOM40": 0.3484038542425843,
            "nominal_length_NOM45": -0.29625465126046185,
            "freight_kind_FCL": 0.2681963566703961,
            "freight_kind_MTY": 0.1256960238557912,
            "category_EXPRT": -1.2128253672548068,
            "category_IMPRT": 0.7775072995232634,
            "category_STRGE": -0.8948171446496493,
            "category_THRGH": 2.782055014882449,
            "category_TRSHP": -1.058027421974874
        },
        "elapsed_time_minutes": null
    },
    "dataset_name": "subset_base.csv"
}