{
    "model_type": "LogisticRegression",
    "bins": [
        0,
        5,
        12,
        21
    ],
    "scaled": true,
    "tuned": false,
    "stratified_split_testing": true,
    "week": 2,
    "month": 1,
    "metrics": {
        "accuracy": 0.6889012931435482,
        "precision": 0.5080018600428357,
        "recall": 0.7585827294425882,
        "f1_score": 0.5071011235032337,
        "matthews_corrcoef": 0.41981931179226883,
        "cohen_kappa_score": 0.39083468327150783,
        "roc_auc_score": 0.82159163525202,
        "log_loss": 0.8705191443283821,
        "confusion_matrix": [
            [
                5534,
                1699,
                699
            ],
            [
                389,
                1759,
                548
            ],
            [
                8,
                1,
                112
            ]
        ],
        "classification_report": "              precision    recall  f1-score   support\n\n     00 - 04       0.93      0.70      0.80      7932\n     05 - 11       0.51      0.65      0.57      2696\n     12 - 20       0.08      0.93      0.15       121\n\n    accuracy                           0.69     10749\n   macro avg       0.51      0.76      0.51     10749\nweighted avg       0.82      0.69      0.73     10749\n",
        "feature_importances": {
            "time_in_month": -0.717229844548225,
            "time_in_hour": 0.028116927722313802,
            "time_in_weekday": -0.23232639361468474,
            "requires_power": -0.02353883697745508,
            "time_in_business_day": -0.13127993606166746,
            "time_in_week_of_year": 0.74031021022074,
            "time_in_week_of_month": -0.09023497582279824,
            "nominal_length_NOM20": 0.17871820214840242,
            "nominal_length_NOM40": 0.13856928595848148,
            "nominal_length_NOM45": -0.05180122606068499,
            "freight_kind_FCL": 0.23207878333420423,
            "freight_kind_MTY": 0.033407478717555346,
            "category_EXPRT": -1.1533242717281686,
            "category_IMPRT": 0.4940446908327806,
            "category_STRGE": -1.4535067956323564,
            "category_THRGH": 3.780868906135985,
            "category_TRSHP": -1.4025962675609118
        },
        "elapsed_time_minutes": null
    },
    "dataset_name": "subset_base.csv"
}