{
    "model_type": "LogisticRegression",
    "bins": [
        0,
        3,
        9,
        21
    ],
    "scaled": true,
    "tuned": false,
    "stratified_split_testing": true,
    "week": 1,
    "month": 3,
    "metrics": {
        "accuracy": 0.5311184435089317,
        "precision": 0.5824839349795371,
        "recall": 0.6095053206910154,
        "f1_score": 0.4545595113962588,
        "matthews_corrcoef": 0.3762453023085752,
        "cohen_kappa_score": 0.31526674125995224,
        "roc_auc_score": 0.8175451258272283,
        "log_loss": 0.8807303325426814,
        "confusion_matrix": [
            [
                3280,
                49,
                698
            ],
            [
                1157,
                941,
                2098
            ],
            [
                35,
                84,
                447
            ]
        ],
        "classification_report": "              precision    recall  f1-score   support\n\n     00 - 02       0.73      0.81      0.77      4027\n     03 - 08       0.88      0.22      0.36      4196\n     09 - 20       0.14      0.79      0.23       566\n\n    accuracy                           0.53      8789\n   macro avg       0.58      0.61      0.45      8789\nweighted avg       0.76      0.53      0.54      8789\n",
        "feature_importances": {
            "time_in_month": 0.30055919858107716,
            "time_in_hour": 0.00907128394391064,
            "time_in_weekday": -0.17298679754705185,
            "requires_power": -0.016958418201813676,
            "time_in_business_day": 0.023483615776243534,
            "time_in_week_of_year": -0.2910776350906203,
            "time_in_week_of_month": 0.039891156628622686,
            "nominal_length_NOM20": 0.23283677090246938,
            "nominal_length_NOM40": 0.1501612979672136,
            "nominal_length_NOM45": -0.3097087114186268,
            "freight_kind_FCL": 0.13475249538344783,
            "freight_kind_MTY": -0.061463137932322456,
            "category_EXPRT": -1.6792958531294875,
            "category_IMPRT": 0.7132943102470956,
            "category_STRGE": -0.7920014672397943,
            "category_THRGH": 3.0610257570591752,
            "category_TRSHP": -1.2297333894870108
        },
        "elapsed_time_minutes": null
    },
    "dataset_name": "subset_base.csv"
}