{
    "model_type": "LogisticRegression",
    "bins": [
        0,
        3,
        10,
        21
    ],
    "scaled": false,
    "tuned": false,
    "stratified_split_testing": false,
    "week": 4,
    "month": 2,
    "metrics": {
        "accuracy": 0.7475480950584685,
        "precision": 0.4984825045554913,
        "recall": 0.5223692036826251,
        "f1_score": 0.5094969008656515,
        "matthews_corrcoef": 0.5200277603805523,
        "cohen_kappa_score": 0.5169459901597017,
        "roc_auc_score": 0.8125091976823916,
        "log_loss": 0.6506760102365908,
        "confusion_matrix": [
            [
                4103,
                811,
                0
            ],
            [
                1399,
                3824,
                0
            ],
            [
                17,
                450,
                0
            ]
        ],
        "classification_report": "              precision    recall  f1-score   support\n\n     00 - 02       0.74      0.83      0.79      4914\n     03 - 09       0.75      0.73      0.74      5223\n     10 - 20       0.00      0.00      0.00       467\n\n    accuracy                           0.75     10604\n   macro avg       0.50      0.52      0.51     10604\nweighted avg       0.71      0.75      0.73     10604\n",
        "feature_importances": {
            "time_in_month": 0.3272377613695569,
            "time_in_hour": 0.016398870408653975,
            "time_in_weekday": -0.17892370934958055,
            "requires_power": -0.023696905621791768,
            "time_in_business_day": 0.04195105584105906,
            "time_in_week_of_year": -0.30314304674962844,
            "time_in_week_of_month": 0.03035276926696249,
            "nominal_length_NOM20": 0.30410987430890996,
            "nominal_length_NOM40": 0.2456449530839466,
            "nominal_length_NOM45": -0.33362969093524797,
            "freight_kind_FCL": 0.2193360615372984,
            "freight_kind_MTY": -0.0032109250797262706,
            "category_EXPRT": -1.3717201030020307,
            "category_IMPRT": 0.8986966173220007,
            "category_STRGE": -0.6850730944350989,
            "category_THRGH": 2.4641380498862286,
            "category_TRSHP": -1.0899163333135913
        },
        "elapsed_time_minutes": null
    },
    "dataset_name": "subset_base.csv"
}