{
    "model_type": "LogisticRegression",
    "bins": [
        0,
        5,
        12,
        21
    ],
    "scaled": true,
    "tuned": false,
    "stratified_split_testing": false,
    "week": 1,
    "month": 2,
    "metrics": {
        "accuracy": 0.6726720647773279,
        "precision": 0.4887052767180289,
        "recall": 0.5854850864922487,
        "f1_score": 0.4753710149194507,
        "matthews_corrcoef": 0.40455177169570594,
        "cohen_kappa_score": 0.3806084041135521,
        "roc_auc_score": 0.7388179094678639,
        "log_loss": 0.8862516726590323,
        "confusion_matrix": [
            [
                4534,
                1788,
                536
            ],
            [
                474,
                2084,
                392
            ],
            [
                16,
                28,
                28
            ]
        ],
        "classification_report": "              precision    recall  f1-score   support\n\n     00 - 04       0.90      0.66      0.76      6858\n     05 - 11       0.53      0.71      0.61      2950\n     12 - 20       0.03      0.39      0.05        72\n\n    accuracy                           0.67      9880\n   macro avg       0.49      0.59      0.48      9880\nweighted avg       0.79      0.67      0.71      9880\n",
        "feature_importances": {
            "time_in_month": -0.7196635670459728,
            "time_in_hour": 0.031268071637884434,
            "time_in_weekday": -0.2370828303275562,
            "requires_power": -0.022543116387469045,
            "time_in_business_day": -0.12948935974198753,
            "time_in_week_of_year": 0.7387070439949746,
            "time_in_week_of_month": -0.09273144994616107,
            "nominal_length_NOM20": 0.21021714762279145,
            "nominal_length_NOM40": 0.1602066015124544,
            "nominal_length_NOM45": -0.1202973372300845,
            "freight_kind_FCL": 0.2289521786895852,
            "freight_kind_MTY": 0.021174233217745215,
            "category_EXPRT": -1.1289087934789672,
            "category_IMPRT": 0.5002083072752529,
            "category_STRGE": -1.436598906933086,
            "category_THRGH": 3.7177034944176373,
            "category_TRSHP": -1.402277689369918
        },
        "elapsed_time_minutes": null
    },
    "dataset_name": "subset_base.csv"
}