{
    "model_type": "LogisticRegression",
    "bins": [
        0,
        4,
        10,
        21
    ],
    "scaled": true,
    "tuned": false,
    "stratified_split_testing": false,
    "week": 1,
    "month": 3,
    "metrics": {
        "accuracy": 0.685971100238935,
        "precision": 0.5927867110291959,
        "recall": 0.6993242420112981,
        "f1_score": 0.5672141825029451,
        "matthews_corrcoef": 0.4872149999515772,
        "cohen_kappa_score": 0.4658068947167896,
        "roc_auc_score": 0.8239336916067451,
        "log_loss": 0.8807350827417938,
        "confusion_matrix": [
            [
                3918,
                533,
                783
            ],
            [
                524,
                1842,
                842
            ],
            [
                30,
                48,
                269
            ]
        ],
        "classification_report": "              precision    recall  f1-score   support\n\n     00 - 03       0.88      0.75      0.81      5234\n     04 - 09       0.76      0.57      0.65      3208\n     10 - 20       0.14      0.78      0.24       347\n\n    accuracy                           0.69      8789\n   macro avg       0.59      0.70      0.57      8789\nweighted avg       0.80      0.69      0.73      8789\n",
        "feature_importances": {
            "time_in_month": 0.12632951795487068,
            "time_in_hour": 0.021336713741323333,
            "time_in_weekday": -0.22887550455066288,
            "requires_power": -0.0222701564453958,
            "time_in_business_day": -0.06614492655416752,
            "time_in_week_of_year": -0.1191364862372472,
            "time_in_week_of_month": 0.012093886987111963,
            "nominal_length_NOM20": 0.2055579298778232,
            "nominal_length_NOM40": 0.14477058556597225,
            "nominal_length_NOM45": -0.1870574247979287,
            "freight_kind_FCL": 0.16724270225770593,
            "freight_kind_MTY": -0.0039716116127430715,
            "category_EXPRT": -1.297005883594337,
            "category_IMPRT": 0.5841525236610846,
            "category_STRGE": -1.1571684675913583,
            "category_THRGH": 3.352940789100348,
            "category_TRSHP": -1.319647870927022
        },
        "elapsed_time_minutes": null
    },
    "dataset_name": "subset_base.csv"
}