{
    "model_type": "LogisticRegression",
    "bins": [
        0,
        6,
        11,
        21
    ],
    "scaled": false,
    "tuned": false,
    "stratified_split_testing": false,
    "week": 1,
    "month": 1,
    "metrics": {
        "accuracy": 0.8215716486902928,
        "precision": 0.4962905082530272,
        "recall": 0.47631026551439226,
        "f1_score": 0.48354261796042614,
        "matthews_corrcoef": 0.4378943882765378,
        "cohen_kappa_score": 0.43003063328817315,
        "roc_auc_score": 0.8212487544156554,
        "log_loss": 0.45810772359756735,
        "confusion_matrix": [
            [
                4677,
                383,
                0
            ],
            [
                643,
                655,
                0
            ],
            [
                132,
                0,
                0
            ]
        ],
        "classification_report": "              precision    recall  f1-score   support\n\n     00 - 05       0.86      0.92      0.89      5060\n     06 - 10       0.63      0.50      0.56      1298\n     11 - 20       0.00      0.00      0.00       132\n\n    accuracy                           0.82      6490\n   macro avg       0.50      0.48      0.48      6490\nweighted avg       0.80      0.82      0.81      6490\n",
        "feature_importances": {
            "time_in_month": -0.6069665688758253,
            "time_in_hour": 0.03975275447454349,
            "time_in_weekday": -0.14174290058453354,
            "requires_power": -0.015455474228108636,
            "time_in_business_day": -0.09830815785534783,
            "time_in_week_of_year": 0.6562244992154663,
            "time_in_week_of_month": -0.07685047383586359,
            "nominal_length_NOM20": 0.3575863031032885,
            "nominal_length_NOM40": 0.41804599513127483,
            "nominal_length_NOM45": 0.04098392315394901,
            "freight_kind_FCL": 0.4690549865307294,
            "freight_kind_MTY": 0.3475612348578012,
            "category_EXPRT": -0.7249264949453611,
            "category_IMPRT": 0.8489963047549536,
            "category_STRGE": -1.0706695486063007,
            "category_THRGH": 2.7760078619754585,
            "category_TRSHP": -1.0127919017904021
        },
        "elapsed_time_minutes": null
    },
    "dataset_name": "subset_base.csv"
}