{
    "model_type": "LogisticRegression",
    "bins": [
        0,
        6,
        11,
        21
    ],
    "scaled": false,
    "tuned": false,
    "stratified_split_testing": false,
    "week": 2,
    "month": 2,
    "metrics": {
        "accuracy": 0.7895008250825083,
        "precision": 0.4534052904349153,
        "recall": 0.4176831925449182,
        "f1_score": 0.4232324944416639,
        "matthews_corrcoef": 0.31160534106027876,
        "cohen_kappa_score": 0.2860777127861176,
        "roc_auc_score": 0.8223535656130515,
        "log_loss": 0.470620842852175,
        "confusion_matrix": [
            [
                7069,
                389,
                0
            ],
            [
                1334,
                586,
                0
            ],
            [
                206,
                112,
                0
            ]
        ],
        "classification_report": "              precision    recall  f1-score   support\n\n     00 - 05       0.82      0.95      0.88      7458\n     06 - 10       0.54      0.31      0.39      1920\n     11 - 20       0.00      0.00      0.00       318\n\n    accuracy                           0.79      9696\n   macro avg       0.45      0.42      0.42      9696\nweighted avg       0.74      0.79      0.75      9696\n",
        "feature_importances": {
            "time_in_month": -0.6069665688758253,
            "time_in_hour": 0.03975275447454349,
            "time_in_weekday": -0.14174290058453354,
            "requires_power": -0.015455474228108636,
            "time_in_business_day": -0.09830815785534783,
            "time_in_week_of_year": 0.6562244992154663,
            "time_in_week_of_month": -0.07685047383586359,
            "nominal_length_NOM20": 0.3575863031032885,
            "nominal_length_NOM40": 0.41804599513127483,
            "nominal_length_NOM45": 0.04098392315394901,
            "freight_kind_FCL": 0.4690549865307294,
            "freight_kind_MTY": 0.3475612348578012,
            "category_EXPRT": -0.7249264949453611,
            "category_IMPRT": 0.8489963047549536,
            "category_STRGE": -1.0706695486063007,
            "category_THRGH": 2.7760078619754585,
            "category_TRSHP": -1.0127919017904021
        },
        "elapsed_time_minutes": null
    },
    "dataset_name": "subset_base.csv"
}