{
    "model_type": "LogisticRegression",
    "bins": [
        0,
        6,
        9,
        21
    ],
    "scaled": false,
    "tuned": false,
    "stratified_split_testing": true,
    "week": 1,
    "month": 2,
    "metrics": {
        "accuracy": 0.7793522267206477,
        "precision": 0.3807490947488912,
        "recall": 0.35075048084831456,
        "f1_score": 0.34121499115244464,
        "matthews_corrcoef": 0.08637614257958932,
        "cohen_kappa_score": 0.06703254067513997,
        "roc_auc_score": 0.7562225782999162,
        "log_loss": 0.5072739282955149,
        "confusion_matrix": [
            [
                7520,
                347,
                0
            ],
            [
                1688,
                180,
                0
            ],
            [
                139,
                6,
                0
            ]
        ],
        "classification_report": "              precision    recall  f1-score   support\n\n     00 - 05       0.80      0.96      0.87      7867\n     06 - 08       0.34      0.10      0.15      1868\n     09 - 20       0.00      0.00      0.00       145\n\n    accuracy                           0.78      9880\n   macro avg       0.38      0.35      0.34      9880\nweighted avg       0.70      0.78      0.72      9880\n",
        "feature_importances": {
            "time_in_month": -0.783959196511441,
            "time_in_hour": 0.03360570120861251,
            "time_in_weekday": -0.11945392260913752,
            "requires_power": -0.0010916716992668437,
            "time_in_business_day": -0.120870903371869,
            "time_in_week_of_year": 0.8293007366060633,
            "time_in_week_of_month": -0.08877273933605788,
            "nominal_length_NOM20": 0.32314587809360024,
            "nominal_length_NOM40": 0.4023282240498622,
            "nominal_length_NOM45": -0.02115191653042425,
            "freight_kind_FCL": 0.3576239005492441,
            "freight_kind_MTY": 0.3466982850638163,
            "category_EXPRT": -0.968494049519532,
            "category_IMPRT": 0.8321932731640734,
            "category_STRGE": -1.01588273677889,
            "category_THRGH": 2.8436017325932266,
            "category_TRSHP": -0.9870960338454899
        },
        "elapsed_time_minutes": null
    },
    "dataset_name": "subset_base.csv"
}