{
    "model_type": "LogisticRegression",
    "bins": [
        0,
        3,
        12,
        21
    ],
    "scaled": true,
    "tuned": false,
    "stratified_split_testing": true,
    "week": 3,
    "month": 2,
    "metrics": {
        "accuracy": 0.6521403779406093,
        "precision": 0.5704559256240392,
        "recall": 0.6371341196943919,
        "f1_score": 0.4978402658247963,
        "matthews_corrcoef": 0.472870682913112,
        "cohen_kappa_score": 0.4313186203661925,
        "roc_auc_score": 0.8314659726839327,
        "log_loss": 0.8179471207355766,
        "confusion_matrix": [
            [
                4437,
                276,
                372
            ],
            [
                1116,
                2231,
                1781
            ],
            [
                8,
                55,
                96
            ]
        ],
        "classification_report": "              precision    recall  f1-score   support\n\n     00 - 02       0.80      0.87      0.83      5085\n     03 - 11       0.87      0.44      0.58      5128\n     12 - 20       0.04      0.60      0.08       159\n\n    accuracy                           0.65     10372\n   macro avg       0.57      0.64      0.50     10372\nweighted avg       0.82      0.65      0.70     10372\n",
        "feature_importances": {
            "time_in_month": 0.2248368999642455,
            "time_in_hour": 0.008564049730143262,
            "time_in_weekday": -0.23699521802922718,
            "requires_power": -0.03204594712729103,
            "time_in_business_day": -0.010349647020827836,
            "time_in_week_of_year": -0.22316551013489402,
            "time_in_week_of_month": 0.019899649179420727,
            "nominal_length_NOM20": 0.23259987900557402,
            "nominal_length_NOM40": 0.12703142883880683,
            "nominal_length_NOM45": -0.3157034014423395,
            "freight_kind_FCL": 0.17777995187749776,
            "freight_kind_MTY": -0.13385204547674087,
            "category_EXPRT": -1.4890387590049283,
            "category_IMPRT": 0.6909343354371003,
            "category_STRGE": -0.9714401195807087,
            "category_THRGH": 3.0749086392362623,
            "category_TRSHP": -1.261436189686742
        },
        "elapsed_time_minutes": null
    },
    "dataset_name": "subset_base.csv"
}