{
    "model_type": "LogisticRegression",
    "bins": [
        0,
        4,
        11,
        21
    ],
    "scaled": true,
    "tuned": false,
    "stratified_split_testing": true,
    "week": 3,
    "month": 2,
    "metrics": {
        "accuracy": 0.7310065561126109,
        "precision": 0.5628389413750335,
        "recall": 0.6068966680452724,
        "f1_score": 0.5478448235431691,
        "matthews_corrcoef": 0.5203796369457268,
        "cohen_kappa_score": 0.5080718338457025,
        "roc_auc_score": 0.8240027161870961,
        "log_loss": 0.7916562330847497,
        "confusion_matrix": [
            [
                5114,
                867,
                520
            ],
            [
                437,
                2368,
                801
            ],
            [
                10,
                155,
                100
            ]
        ],
        "classification_report": "              precision    recall  f1-score   support\n\n     00 - 03       0.92      0.79      0.85      6501\n     04 - 10       0.70      0.66      0.68      3606\n     11 - 20       0.07      0.38      0.12       265\n\n    accuracy                           0.73     10372\n   macro avg       0.56      0.61      0.55     10372\nweighted avg       0.82      0.73      0.77     10372\n",
        "feature_importances": {
            "time_in_month": 0.18676446346637018,
            "time_in_hour": 0.017739602738640455,
            "time_in_weekday": -0.24477378780334852,
            "requires_power": -0.026110043935036954,
            "time_in_business_day": -0.07617076595457617,
            "time_in_week_of_year": -0.1828241813133226,
            "time_in_week_of_month": 0.02393147324767105,
            "nominal_length_NOM20": 0.17037141119114493,
            "nominal_length_NOM40": 0.0992895992233648,
            "nominal_length_NOM45": -0.08004252122643528,
            "freight_kind_FCL": 0.2100751667784529,
            "freight_kind_MTY": -0.020456677592277175,
            "category_EXPRT": -1.2337498544876786,
            "category_IMPRT": 0.5610554268517333,
            "category_STRGE": -1.2115080366972297,
            "category_THRGH": 3.392229496056966,
            "category_TRSHP": -1.3184085425360397
        },
        "elapsed_time_minutes": null
    },
    "dataset_name": "subset_base.csv"
}