{
    "model_type": "LogisticRegression",
    "bins": [
        0,
        6,
        10,
        21
    ],
    "scaled": true,
    "tuned": false,
    "stratified_split_testing": false,
    "week": 1,
    "month": 1,
    "metrics": {
        "accuracy": 0.7416024653312789,
        "precision": 0.5432310068048984,
        "recall": 0.7390369071195441,
        "f1_score": 0.5669140177001084,
        "matthews_corrcoef": 0.47365042615943914,
        "cohen_kappa_score": 0.4432224204607843,
        "roc_auc_score": 0.8054109598791701,
        "log_loss": 0.7836106234394671,
        "confusion_matrix": [
            [
                3742,
                790,
                528
            ],
            [
                213,
                965,
                106
            ],
            [
                39,
                1,
                106
            ]
        ],
        "classification_report": "              precision    recall  f1-score   support\n\n     00 - 05       0.94      0.74      0.83      5060\n     06 - 09       0.55      0.75      0.63      1284\n     10 - 20       0.14      0.73      0.24       146\n\n    accuracy                           0.74      6490\n   macro avg       0.54      0.74      0.57      6490\nweighted avg       0.84      0.74      0.78      6490\n",
        "feature_importances": {
            "time_in_month": -0.4474837635666104,
            "time_in_hour": 0.03312570358395534,
            "time_in_weekday": -0.1409338190326418,
            "requires_power": -0.007451654249291556,
            "time_in_business_day": -0.1101320568113976,
            "time_in_week_of_year": 0.48148427950282463,
            "time_in_week_of_month": -0.05905143838149764,
            "nominal_length_NOM20": 0.1487536176611398,
            "nominal_length_NOM40": 0.13593581879070085,
            "nominal_length_NOM45": 0.0552144786471008,
            "freight_kind_FCL": 0.19148178067434143,
            "freight_kind_MTY": 0.148422134426374,
            "category_EXPRT": -1.1389267254063489,
            "category_IMPRT": 0.5364936871332819,
            "category_STRGE": -1.3805890975293809,
            "category_THRGH": 3.681053919801104,
            "category_TRSHP": -1.3581278688978546
        },
        "elapsed_time_minutes": null
    },
    "dataset_name": "subset_base.csv"
}