{
    "model_type": "LogisticRegression",
    "bins": [
        0,
        5,
        9,
        21
    ],
    "scaled": false,
    "tuned": false,
    "stratified_split_testing": false,
    "week": 2,
    "month": 3,
    "metrics": {
        "accuracy": 0.7032829858943952,
        "precision": 0.4204886877316503,
        "recall": 0.4472985989561596,
        "f1_score": 0.43050906173488207,
        "matthews_corrcoef": 0.3047857210396378,
        "cohen_kappa_score": 0.30144256023544014,
        "roc_auc_score": 0.795790349735323,
        "log_loss": 0.5704574249441572,
        "confusion_matrix": [
            [
                4535,
                1318,
                0
            ],
            [
                839,
                1099,
                0
            ],
            [
                90,
                130,
                0
            ]
        ],
        "classification_report": "              precision    recall  f1-score   support\n\n     00 - 04       0.83      0.77      0.80      5853\n     05 - 08       0.43      0.57      0.49      1938\n     09 - 20       0.00      0.00      0.00       220\n\n    accuracy                           0.70      8011\n   macro avg       0.42      0.45      0.43      8011\nweighted avg       0.71      0.70      0.70      8011\n",
        "feature_importances": {
            "time_in_month": -1.215591182654093,
            "time_in_hour": 0.03409074911461643,
            "time_in_weekday": -0.17903069611733316,
            "requires_power": -0.006254786065469141,
            "time_in_business_day": -0.11884148603448447,
            "time_in_week_of_year": 1.2457876118002542,
            "time_in_week_of_month": -0.13358848408905702,
            "nominal_length_NOM20": 0.4718621935612228,
            "nominal_length_NOM40": 0.5124684455681178,
            "nominal_length_NOM45": -0.4357047948217061,
            "freight_kind_FCL": 0.3177388175120229,
            "freight_kind_MTY": 0.2308870267955487,
            "category_EXPRT": -1.1331978217349286,
            "category_IMPRT": 0.7344854126663124,
            "category_STRGE": -1.0526440785716344,
            "category_THRGH": 3.123523746867146,
            "category_TRSHP": -1.123541414919799
        },
        "elapsed_time_minutes": null
    },
    "dataset_name": "subset_base.csv"
}