{
    "model_type": "LogisticRegression",
    "bins": [
        0,
        5,
        11,
        21
    ],
    "scaled": false,
    "tuned": false,
    "stratified_split_testing": true,
    "week": 2,
    "month": 3,
    "metrics": {
        "accuracy": 0.6888028960179753,
        "precision": 0.4382378169151791,
        "recall": 0.4679552803642843,
        "f1_score": 0.43849232928268417,
        "matthews_corrcoef": 0.35722754942982066,
        "cohen_kappa_score": 0.33589825050088395,
        "roc_auc_score": 0.8281391588381641,
        "log_loss": 0.5068981582064978,
        "confusion_matrix": [
            [
                4000,
                1853,
                0
            ],
            [
                589,
                1518,
                0
            ],
            [
                9,
                42,
                0
            ]
        ],
        "classification_report": "              precision    recall  f1-score   support\n\n     00 - 04       0.87      0.68      0.77      5853\n     05 - 10       0.44      0.72      0.55      2107\n     11 - 20       0.00      0.00      0.00        51\n\n    accuracy                           0.69      8011\n   macro avg       0.44      0.47      0.44      8011\nweighted avg       0.75      0.69      0.70      8011\n",
        "feature_importances": {
            "time_in_month": -0.7532062678848626,
            "time_in_hour": 0.02776335052739076,
            "time_in_weekday": -0.2067376373626719,
            "requires_power": -0.023534379253708826,
            "time_in_business_day": -0.09585624676167447,
            "time_in_week_of_year": 0.7965254028679309,
            "time_in_week_of_month": -0.08879315878783081,
            "nominal_length_NOM20": 0.5287012844999002,
            "nominal_length_NOM40": 0.5607023675516347,
            "nominal_length_NOM45": -0.5478762067644799,
            "freight_kind_FCL": 0.3661919991069766,
            "freight_kind_MTY": 0.17533544618021443,
            "category_EXPRT": -0.8911922926295782,
            "category_IMPRT": 0.7713653783245867,
            "category_STRGE": -1.0934196939928738,
            "category_THRGH": 2.8698121873048867,
            "category_TRSHP": -1.1150381337188522
        },
        "elapsed_time_minutes": null
    },
    "dataset_name": "subset_base.csv"
}