{
    "model_type": "LogisticRegression",
    "bins": [
        0,
        4,
        10,
        21
    ],
    "scaled": true,
    "tuned": false,
    "stratified_split_testing": true,
    "week": 4,
    "month": 2,
    "metrics": {
        "accuracy": 0.6499434175782723,
        "precision": 0.5494067024772687,
        "recall": 0.6168871758120535,
        "f1_score": 0.5169645701220699,
        "matthews_corrcoef": 0.4293767196891158,
        "cohen_kappa_score": 0.40822005130597505,
        "roc_auc_score": 0.8133404250949762,
        "log_loss": 0.8451594245434367,
        "confusion_matrix": [
            [
                4937,
                782,
                525
            ],
            [
                602,
                1659,
                1632
            ],
            [
                13,
                158,
                296
            ]
        ],
        "classification_report": "              precision    recall  f1-score   support\n\n     00 - 03       0.89      0.79      0.84      6244\n     04 - 09       0.64      0.43      0.51      3893\n     10 - 20       0.12      0.63      0.20       467\n\n    accuracy                           0.65     10604\n   macro avg       0.55      0.62      0.52     10604\nweighted avg       0.76      0.65      0.69     10604\n",
        "feature_importances": {
            "time_in_month": 0.18087759898315817,
            "time_in_hour": 0.01312666256789721,
            "time_in_weekday": -0.21629197408173406,
            "requires_power": -0.02451021149894584,
            "time_in_business_day": -0.0593925880340507,
            "time_in_week_of_year": -0.16866942691759537,
            "time_in_week_of_month": 0.02158773304911039,
            "nominal_length_NOM20": 0.2160872731559856,
            "nominal_length_NOM40": 0.159214174226099,
            "nominal_length_NOM45": -0.21931487407314604,
            "freight_kind_FCL": 0.16076005725897324,
            "freight_kind_MTY": -0.004773483952371597,
            "category_EXPRT": -1.2922181143363438,
            "category_IMPRT": 0.5904689103880225,
            "category_STRGE": -1.1462456547285842,
            "category_THRGH": 3.3040257515100824,
            "category_TRSHP": -1.3000443195276048
        },
        "elapsed_time_minutes": null
    },
    "dataset_name": "subset_base.csv"
}