{
    "model_type": "LogisticRegression",
    "bins": [
        0,
        5,
        12,
        21
    ],
    "scaled": false,
    "tuned": false,
    "stratified_split_testing": true,
    "week": 1,
    "month": 3,
    "metrics": {
        "accuracy": 0.771873933325748,
        "precision": 0.4820889888505753,
        "recall": 0.5066436185253047,
        "f1_score": 0.49163300406350735,
        "matthews_corrcoef": 0.4780222432610692,
        "cohen_kappa_score": 0.4739859855722103,
        "roc_auc_score": 0.8267548206299349,
        "log_loss": 0.48032479754141566,
        "confusion_matrix": [
            [
                5089,
                1195,
                0
            ],
            [
                692,
                1695,
                0
            ],
            [
                61,
                57,
                0
            ]
        ],
        "classification_report": "              precision    recall  f1-score   support\n\n     00 - 04       0.87      0.81      0.84      6284\n     05 - 11       0.58      0.71      0.64      2387\n     12 - 20       0.00      0.00      0.00       118\n\n    accuracy                           0.77      8789\n   macro avg       0.48      0.51      0.49      8789\nweighted avg       0.78      0.77      0.77      8789\n",
        "feature_importances": {
            "time_in_month": -0.8265728098930413,
            "time_in_hour": 0.02435463449884334,
            "time_in_weekday": -0.22283540034096935,
            "requires_power": -0.02853547508415323,
            "time_in_business_day": -0.09910712273450091,
            "time_in_week_of_year": 0.8787030985359565,
            "time_in_week_of_month": -0.10362961138072735,
            "nominal_length_NOM20": 0.5415277876878999,
            "nominal_length_NOM40": 0.5767699029173613,
            "nominal_length_NOM45": -0.5334705149946214,
            "freight_kind_FCL": 0.40654272980219613,
            "freight_kind_MTY": 0.17828444580851213,
            "category_EXPRT": -0.8818139935511126,
            "category_IMPRT": 0.7579694420825391,
            "category_STRGE": -1.152517503575023,
            "category_THRGH": 2.9879711674026637,
            "category_TRSHP": -1.1267819367477971
        },
        "elapsed_time_minutes": null
    },
    "dataset_name": "subset_base.csv"
}