{
    "model_type": "LogisticRegression",
    "bins": [
        0,
        6,
        9,
        21
    ],
    "scaled": true,
    "tuned": false,
    "stratified_split_testing": true,
    "week": 1,
    "month": 3,
    "metrics": {
        "accuracy": 0.6190692911594038,
        "precision": 0.4949478751717922,
        "recall": 0.5974586157835083,
        "f1_score": 0.4796086919105271,
        "matthews_corrcoef": 0.35828545958307223,
        "cohen_kappa_score": 0.30709541693442355,
        "roc_auc_score": 0.8033171402860885,
        "log_loss": 0.8825067302815383,
        "confusion_matrix": [
            [
                4387,
                1120,
                1383
            ],
            [
                50,
                695,
                588
            ],
            [
                35,
                172,
                359
            ]
        ],
        "classification_report": "              precision    recall  f1-score   support\n\n     00 - 05       0.98      0.64      0.77      6890\n     06 - 08       0.35      0.52      0.42      1333\n     09 - 20       0.15      0.63      0.25       566\n\n    accuracy                           0.62      8789\n   macro avg       0.49      0.60      0.48      8789\nweighted avg       0.83      0.62      0.68      8789\n",
        "feature_importances": {
            "time_in_month": -0.43778462220922865,
            "time_in_hour": 0.02364185934837002,
            "time_in_weekday": -0.13738467913737176,
            "requires_power": -0.01047055263625758,
            "time_in_business_day": -0.11741647108100058,
            "time_in_week_of_year": 0.4759800877411692,
            "time_in_week_of_month": -0.04932758099953315,
            "nominal_length_NOM20": 0.04407590611543808,
            "nominal_length_NOM40": 0.04339405455214822,
            "nominal_length_NOM45": 0.312962029204529,
            "freight_kind_FCL": 0.2067042753631144,
            "freight_kind_MTY": 0.19372771450712561,
            "category_EXPRT": -1.2818928793516715,
            "category_IMPRT": 0.5215659807092167,
            "category_STRGE": -1.3234130204071972,
            "category_THRGH": 3.8108918950669177,
            "category_TRSHP": -1.3267199861484333
        },
        "elapsed_time_minutes": null
    },
    "dataset_name": "subset_base.csv"
}