{
    "model_type": "LogisticRegression",
    "bins": [
        0,
        3,
        12,
        21
    ],
    "scaled": false,
    "tuned": false,
    "stratified_split_testing": true,
    "week": 1,
    "month": 2,
    "metrics": {
        "accuracy": 0.7469635627530364,
        "precision": 0.49935925350738203,
        "recall": 0.5138612182612013,
        "f1_score": 0.4978401229514775,
        "matthews_corrcoef": 0.5165997086448876,
        "cohen_kappa_score": 0.4996129800149881,
        "roc_auc_score": 0.7659031248680476,
        "log_loss": 0.5527982879951261,
        "confusion_matrix": [
            [
                3150,
                570,
                0
            ],
            [
                1858,
                4230,
                0
            ],
            [
                16,
                56,
                0
            ]
        ],
        "classification_report": "              precision    recall  f1-score   support\n\n     00 - 02       0.63      0.85      0.72      3720\n     03 - 11       0.87      0.69      0.77      6088\n     12 - 20       0.00      0.00      0.00        72\n\n    accuracy                           0.75      9880\n   macro avg       0.50      0.51      0.50      9880\nweighted avg       0.77      0.75      0.75      9880\n",
        "feature_importances": {
            "time_in_month": 0.37773865861867156,
            "time_in_hour": 0.006953074160924413,
            "time_in_weekday": -0.22757759017187243,
            "requires_power": -0.04045488799740362,
            "time_in_business_day": 0.03389064662600743,
            "time_in_week_of_year": -0.3388217401851001,
            "time_in_week_of_month": 0.026376753799258724,
            "nominal_length_NOM20": 0.4157714468240887,
            "nominal_length_NOM40": 0.3598482361335491,
            "nominal_length_NOM45": -0.5634708097367109,
            "freight_kind_FCL": 0.27330872376121657,
            "freight_kind_MTY": -0.06115985054034169,
            "category_EXPRT": -1.2849782779951657,
            "category_IMPRT": 0.8917395534890777,
            "category_STRGE": -0.7458350847369892,
            "category_THRGH": 2.4292179170866794,
            "category_TRSHP": -1.0779952346219253
        },
        "elapsed_time_minutes": null
    },
    "dataset_name": "subset_base.csv"
}