{
    "model_type": "LogisticRegression",
    "bins": [
        0,
        6,
        12,
        21
    ],
    "scaled": true,
    "tuned": false,
    "stratified_split_testing": true,
    "week": 3,
    "month": 1,
    "metrics": {
        "accuracy": 0.5797842920353983,
        "precision": 0.4762549809403742,
        "recall": 0.5315715572405928,
        "f1_score": 0.42909636738670787,
        "matthews_corrcoef": 0.3330485000432458,
        "cohen_kappa_score": 0.2897507488818397,
        "roc_auc_score": 0.7322452051433599,
        "log_loss": 0.9746318174328547,
        "confusion_matrix": [
            [
                2923,
                1656,
                567
            ],
            [
                64,
                1219,
                677
            ],
            [
                13,
                62,
                51
            ]
        ],
        "classification_report": "              precision    recall  f1-score   support\n\n     00 - 05       0.97      0.57      0.72      5146\n     06 - 11       0.42      0.62      0.50      1960\n     12 - 20       0.04      0.40      0.07       126\n\n    accuracy                           0.58      7232\n   macro avg       0.48      0.53      0.43      7232\nweighted avg       0.81      0.58      0.65      7232\n",
        "feature_importances": {
            "time_in_month": -0.41458703083397774,
            "time_in_hour": 0.03481714118012544,
            "time_in_weekday": -0.16642603873953105,
            "requires_power": -0.02106801025787145,
            "time_in_business_day": -0.12173222830505384,
            "time_in_week_of_year": 0.4510133689826227,
            "time_in_week_of_month": -0.058927278684703474,
            "nominal_length_NOM20": 0.13149993470288082,
            "nominal_length_NOM40": 0.11724256708188119,
            "nominal_length_NOM45": 0.07842357557605252,
            "freight_kind_FCL": 0.23219622815941893,
            "freight_kind_MTY": 0.09496984920226877,
            "category_EXPRT": -1.0451661919557624,
            "category_IMPRT": 0.509348781803853,
            "category_STRGE": -1.4821919220277908,
            "category_THRGH": 3.7115393292018766,
            "category_TRSHP": -1.366363919660281
        },
        "elapsed_time_minutes": null
    },
    "dataset_name": "subset_base.csv"
}