{
    "model_type": "LogisticRegression",
    "bins": [
        0,
        5,
        11,
        21
    ],
    "scaled": true,
    "tuned": false,
    "stratified_split_testing": false,
    "week": 3,
    "month": 1,
    "metrics": {
        "accuracy": 0.6301161504424779,
        "precision": 0.513325196729694,
        "recall": 0.5368311170775221,
        "f1_score": 0.47847817123835196,
        "matthews_corrcoef": 0.40178723618005213,
        "cohen_kappa_score": 0.37200049861841156,
        "roc_auc_score": 0.7585031241491714,
        "log_loss": 0.933266990693072,
        "confusion_matrix": [
            [
                2888,
                1339,
                411
            ],
            [
                99,
                1607,
                693
            ],
            [
                13,
                120,
                62
            ]
        ],
        "classification_report": "              precision    recall  f1-score   support\n\n     00 - 04       0.96      0.62      0.76      4638\n     05 - 10       0.52      0.67      0.59      2399\n     11 - 20       0.05      0.32      0.09       195\n\n    accuracy                           0.63      7232\n   macro avg       0.51      0.54      0.48      7232\nweighted avg       0.79      0.63      0.68      7232\n",
        "feature_importances": {
            "time_in_month": -0.6017660921907679,
            "time_in_hour": 0.034884459797213774,
            "time_in_weekday": -0.22790575801819504,
            "requires_power": -0.01430552516453055,
            "time_in_business_day": -0.12189249949613133,
            "time_in_week_of_year": 0.6176509257071643,
            "time_in_week_of_month": -0.0721532123083366,
            "nominal_length_NOM20": 0.1952029864555984,
            "nominal_length_NOM40": 0.13911724534424555,
            "nominal_length_NOM45": -0.06127457635168166,
            "freight_kind_FCL": 0.22385880742395067,
            "freight_kind_MTY": 0.049186848025112175,
            "category_EXPRT": -1.1610589974619465,
            "category_IMPRT": 0.5008728490342411,
            "category_STRGE": -1.3889439478174552,
            "category_THRGH": 3.7393664405116835,
            "category_TRSHP": -1.4171906888189798
        },
        "elapsed_time_minutes": null
    },
    "dataset_name": "subset_base.csv"
}