{
    "model_type": "LogisticRegression",
    "bins": [
        0,
        5,
        12,
        21
    ],
    "scaled": false,
    "tuned": false,
    "stratified_split_testing": false,
    "week": 1,
    "month": 3,
    "metrics": {
        "accuracy": 0.7789282057116851,
        "precision": 0.4881215829635277,
        "recall": 0.5153016271833134,
        "f1_score": 0.49829674566548626,
        "matthews_corrcoef": 0.49916028364299897,
        "cohen_kappa_score": 0.4939018184712831,
        "roc_auc_score": 0.8274385969865611,
        "log_loss": 0.4789991713931375,
        "confusion_matrix": [
            [
                5089,
                1195,
                0
            ],
            [
                630,
                1757,
                0
            ],
            [
                61,
                57,
                0
            ]
        ],
        "classification_report": "              precision    recall  f1-score   support\n\n     00 - 04       0.88      0.81      0.84      6284\n     05 - 11       0.58      0.74      0.65      2387\n     12 - 20       0.00      0.00      0.00       118\n\n    accuracy                           0.78      8789\n   macro avg       0.49      0.52      0.50      8789\nweighted avg       0.79      0.78      0.78      8789\n",
        "feature_importances": {
            "time_in_month": -0.9621972230725476,
            "time_in_hour": 0.03207179262891086,
            "time_in_weekday": -0.22512345110830864,
            "requires_power": -0.027174315156124916,
            "time_in_business_day": -0.10091171763714134,
            "time_in_week_of_year": 1.008002110817055,
            "time_in_week_of_month": -0.1185439235395575,
            "nominal_length_NOM20": 0.49120684878310883,
            "nominal_length_NOM40": 0.5222845562984485,
            "nominal_length_NOM45": -0.6530724662613866,
            "freight_kind_FCL": 0.2968098698683641,
            "freight_kind_MTY": 0.06360906895182328,
            "category_EXPRT": -0.9092655663237984,
            "category_IMPRT": 0.7178930649861589,
            "category_STRGE": -1.18503073407545,
            "category_THRGH": 2.908231493057181,
            "category_TRSHP": -1.171409318823218
        },
        "elapsed_time_minutes": null
    },
    "dataset_name": "subset_base.csv"
}