{
    "model_type": "LogisticRegression",
    "bins": [
        0,
        5,
        10,
        21
    ],
    "scaled": true,
    "tuned": false,
    "stratified_split_testing": true,
    "week": 1,
    "month": 3,
    "metrics": {
        "accuracy": 0.6739105700307202,
        "precision": 0.5556269938489605,
        "recall": 0.698375275252065,
        "f1_score": 0.5453662005907112,
        "matthews_corrcoef": 0.45534051128208547,
        "cohen_kappa_score": 0.4178242798355051,
        "roc_auc_score": 0.8211730067690032,
        "log_loss": 0.8837566881365195,
        "confusion_matrix": [
            [
                4281,
                999,
                1004
            ],
            [
                161,
                1372,
                625
            ],
            [
                30,
                47,
                270
            ]
        ],
        "classification_report": "              precision    recall  f1-score   support\n\n     00 - 04       0.96      0.68      0.80      6284\n     05 - 09       0.57      0.64      0.60      2158\n     10 - 20       0.14      0.78      0.24       347\n\n    accuracy                           0.67      8789\n   macro avg       0.56      0.70      0.55      8789\nweighted avg       0.83      0.67      0.73      8789\n",
        "feature_importances": {
            "time_in_month": -0.6372557852610878,
            "time_in_hour": 0.022888797693914845,
            "time_in_weekday": -0.19197579368765894,
            "requires_power": -0.015957084441556402,
            "time_in_business_day": -0.10575698131207696,
            "time_in_week_of_year": 0.6634406828553188,
            "time_in_week_of_month": -0.07431869678548209,
            "nominal_length_NOM20": 0.21206784454757088,
            "nominal_length_NOM40": 0.18239290797684113,
            "nominal_length_NOM45": -0.13569770606583945,
            "freight_kind_FCL": 0.18476042332681045,
            "freight_kind_MTY": 0.07400262313231017,
            "category_EXPRT": -1.222978846478234,
            "category_IMPRT": 0.5306492247766548,
            "category_STRGE": -1.3166561774629069,
            "category_THRGH": 3.6486156063359796,
            "category_TRSHP": -1.3808667607141667
        },
        "elapsed_time_minutes": null
    },
    "dataset_name": "subset_base.csv"
}