{
    "model_type": "LogisticRegression",
    "bins": [
        0,
        3,
        11,
        21
    ],
    "scaled": true,
    "tuned": false,
    "stratified_split_testing": true,
    "week": 1,
    "month": 1,
    "metrics": {
        "accuracy": 0.5693374422187981,
        "precision": 0.5353767407347777,
        "recall": 0.6613399752800143,
        "f1_score": 0.45473057262303834,
        "matthews_corrcoef": 0.367961009673353,
        "cohen_kappa_score": 0.3099344063827858,
        "roc_auc_score": 0.7632737043825483,
        "log_loss": 0.9796557512456212,
        "confusion_matrix": [
            [
                2288,
                80,
                268
            ],
            [
                1675,
                1306,
                741
            ],
            [
                31,
                0,
                101
            ]
        ],
        "classification_report": "              precision    recall  f1-score   support\n\n     00 - 02       0.57      0.87      0.69      2636\n     03 - 10       0.94      0.35      0.51      3722\n     11 - 20       0.09      0.77      0.16       132\n\n    accuracy                           0.57      6490\n   macro avg       0.54      0.66      0.45      6490\nweighted avg       0.77      0.57      0.58      6490\n",
        "feature_importances": {
            "time_in_month": 0.49285414105412034,
            "time_in_hour": 0.010599195886274898,
            "time_in_weekday": -0.22216542417689442,
            "requires_power": -0.024030537436527843,
            "time_in_business_day": 0.004298558427466231,
            "time_in_week_of_year": -0.4932813327295102,
            "time_in_week_of_month": 0.05692738106202435,
            "nominal_length_NOM20": 0.23787455215954112,
            "nominal_length_NOM40": 0.12611885233419176,
            "nominal_length_NOM45": -0.3222250111768919,
            "freight_kind_FCL": 0.16706942923145973,
            "freight_kind_MTY": -0.1253010359151524,
            "category_EXPRT": -1.5056046280006508,
            "category_IMPRT": 0.6837849850202687,
            "category_STRGE": -0.9111982669603957,
            "category_THRGH": 3.05506683453988,
            "category_TRSHP": -1.2802805312817207
        },
        "elapsed_time_minutes": null
    },
    "dataset_name": "subset_base.csv"
}