{
    "model_type": "LogisticRegression",
    "bins": [
        0,
        4,
        11,
        21
    ],
    "scaled": true,
    "tuned": false,
    "stratified_split_testing": true,
    "week": 2,
    "month": 3,
    "metrics": {
        "accuracy": 0.6894270378229934,
        "precision": 0.5375116833681018,
        "recall": 0.7074559197197757,
        "f1_score": 0.5094499913934433,
        "matthews_corrcoef": 0.4709559283516957,
        "cohen_kappa_score": 0.4525224211428196,
        "roc_auc_score": 0.8185140024115163,
        "log_loss": 0.9229862818080669,
        "confusion_matrix": [
            [
                3279,
                1079,
                388
            ],
            [
                327,
                2206,
                681
            ],
            [
                0,
                13,
                38
            ]
        ],
        "classification_report": "              precision    recall  f1-score   support\n\n     00 - 03       0.91      0.69      0.79      4746\n     04 - 10       0.67      0.69      0.68      3214\n     11 - 20       0.03      0.75      0.07        51\n\n    accuracy                           0.69      8011\n   macro avg       0.54      0.71      0.51      8011\nweighted avg       0.81      0.69      0.74      8011\n",
        "feature_importances": {
            "time_in_month": 0.18676446346637018,
            "time_in_hour": 0.017739602738640455,
            "time_in_weekday": -0.24477378780334852,
            "requires_power": -0.026110043935036954,
            "time_in_business_day": -0.07617076595457617,
            "time_in_week_of_year": -0.1828241813133226,
            "time_in_week_of_month": 0.02393147324767105,
            "nominal_length_NOM20": 0.17037141119114493,
            "nominal_length_NOM40": 0.0992895992233648,
            "nominal_length_NOM45": -0.08004252122643528,
            "freight_kind_FCL": 0.2100751667784529,
            "freight_kind_MTY": -0.020456677592277175,
            "category_EXPRT": -1.2337498544876786,
            "category_IMPRT": 0.5610554268517333,
            "category_STRGE": -1.2115080366972297,
            "category_THRGH": 3.392229496056966,
            "category_TRSHP": -1.3184085425360397
        },
        "elapsed_time_minutes": null
    },
    "dataset_name": "subset_base.csv"
}