{
    "model_type": "LogisticRegression",
    "bins": [
        0,
        5,
        11,
        21
    ],
    "scaled": false,
    "tuned": false,
    "stratified_split_testing": true,
    "week": 1,
    "month": 3,
    "metrics": {
        "accuracy": 0.7612925247468426,
        "precision": 0.47251252444265585,
        "recall": 0.4983045794098495,
        "f1_score": 0.4833515457745928,
        "matthews_corrcoef": 0.4463256988469811,
        "cohen_kappa_score": 0.4437831904194707,
        "roc_auc_score": 0.8353824749289728,
        "log_loss": 0.49626738659795044,
        "confusion_matrix": [
            [
                5109,
                1175,
                0
            ],
            [
                738,
                1582,
                0
            ],
            [
                133,
                52,
                0
            ]
        ],
        "classification_report": "              precision    recall  f1-score   support\n\n     00 - 04       0.85      0.81      0.83      6284\n     05 - 10       0.56      0.68      0.62      2320\n     11 - 20       0.00      0.00      0.00       185\n\n    accuracy                           0.76      8789\n   macro avg       0.47      0.50      0.48      8789\nweighted avg       0.76      0.76      0.76      8789\n",
        "feature_importances": {
            "time_in_month": -0.7532062678848626,
            "time_in_hour": 0.02776335052739076,
            "time_in_weekday": -0.2067376373626719,
            "requires_power": -0.023534379253708826,
            "time_in_business_day": -0.09585624676167447,
            "time_in_week_of_year": 0.7965254028679309,
            "time_in_week_of_month": -0.08879315878783081,
            "nominal_length_NOM20": 0.5287012844999002,
            "nominal_length_NOM40": 0.5607023675516347,
            "nominal_length_NOM45": -0.5478762067644799,
            "freight_kind_FCL": 0.3661919991069766,
            "freight_kind_MTY": 0.17533544618021443,
            "category_EXPRT": -0.8911922926295782,
            "category_IMPRT": 0.7713653783245867,
            "category_STRGE": -1.0934196939928738,
            "category_THRGH": 2.8698121873048867,
            "category_TRSHP": -1.1150381337188522
        },
        "elapsed_time_minutes": null
    },
    "dataset_name": "subset_base.csv"
}