{
    "model_type": "LogisticRegression",
    "bins": [
        0,
        4,
        10,
        21
    ],
    "scaled": true,
    "tuned": false,
    "stratified_split_testing": false,
    "week": 1,
    "month": 2,
    "metrics": {
        "accuracy": 0.5939271255060729,
        "precision": 0.5012615064988337,
        "recall": 0.5746398485173803,
        "f1_score": 0.44259333711324067,
        "matthews_corrcoef": 0.34817113089143353,
        "cohen_kappa_score": 0.3238811186312264,
        "roc_auc_score": 0.7366662971913546,
        "log_loss": 0.9391088526864911,
        "confusion_matrix": [
            [
                3988,
                817,
                582
            ],
            [
                1014,
                1830,
                1561
            ],
            [
                22,
                16,
                50
            ]
        ],
        "classification_report": "              precision    recall  f1-score   support\n\n     00 - 03       0.79      0.74      0.77      5387\n     04 - 09       0.69      0.42      0.52      4405\n     10 - 20       0.02      0.57      0.04        88\n\n    accuracy                           0.59      9880\n   macro avg       0.50      0.57      0.44      9880\nweighted avg       0.74      0.59      0.65      9880\n",
        "feature_importances": {
            "time_in_month": 0.12632951795487068,
            "time_in_hour": 0.021336713741323333,
            "time_in_weekday": -0.22887550455066288,
            "requires_power": -0.0222701564453958,
            "time_in_business_day": -0.06614492655416752,
            "time_in_week_of_year": -0.1191364862372472,
            "time_in_week_of_month": 0.012093886987111963,
            "nominal_length_NOM20": 0.2055579298778232,
            "nominal_length_NOM40": 0.14477058556597225,
            "nominal_length_NOM45": -0.1870574247979287,
            "freight_kind_FCL": 0.16724270225770593,
            "freight_kind_MTY": -0.0039716116127430715,
            "category_EXPRT": -1.297005883594337,
            "category_IMPRT": 0.5841525236610846,
            "category_STRGE": -1.1571684675913583,
            "category_THRGH": 3.352940789100348,
            "category_TRSHP": -1.319647870927022
        },
        "elapsed_time_minutes": null
    },
    "dataset_name": "subset_base.csv"
}