{
    "model_type": "LogisticRegression",
    "bins": [
        0,
        6,
        10,
        21
    ],
    "scaled": true,
    "tuned": false,
    "stratified_split_testing": true,
    "week": 4,
    "month": 2,
    "metrics": {
        "accuracy": 0.6684270086759714,
        "precision": 0.5167416455580267,
        "recall": 0.6555211884044776,
        "f1_score": 0.5206670156668313,
        "matthews_corrcoef": 0.4230928449165,
        "cohen_kappa_score": 0.37490382210759976,
        "roc_auc_score": 0.8276814087927172,
        "log_loss": 0.8390592172398342,
        "confusion_matrix": [
            [
                5491,
                1899,
                796
            ],
            [
                48,
                1304,
                599
            ],
            [
                13,
                161,
                293
            ]
        ],
        "classification_report": "              precision    recall  f1-score   support\n\n     00 - 05       0.99      0.67      0.80      8186\n     06 - 09       0.39      0.67      0.49      1951\n     10 - 20       0.17      0.63      0.27       467\n\n    accuracy                           0.67     10604\n   macro avg       0.52      0.66      0.52     10604\nweighted avg       0.84      0.67      0.72     10604\n",
        "feature_importances": {
            "time_in_month": -0.3515905121368305,
            "time_in_hour": 0.029255603389666453,
            "time_in_weekday": -0.13056303988788995,
            "requires_power": -0.013720769088811277,
            "time_in_business_day": -0.10213282245614004,
            "time_in_week_of_year": 0.3899619332923007,
            "time_in_week_of_month": -0.045526032169504536,
            "nominal_length_NOM20": 0.1441761872540104,
            "nominal_length_NOM40": 0.1398625470497785,
            "nominal_length_NOM45": 0.05573834527104383,
            "freight_kind_FCL": 0.18900394007034912,
            "freight_kind_MTY": 0.1507731395035228,
            "category_EXPRT": -1.1433715765302994,
            "category_IMPRT": 0.5343222876911382,
            "category_STRGE": -1.384227050091578,
            "category_THRGH": 3.6832084241529217,
            "category_TRSHP": -1.35015500564831
        },
        "elapsed_time_minutes": null
    },
    "dataset_name": "subset_base.csv"
}