{
    "model_type": "LogisticRegression",
    "bins": [
        0,
        5,
        11,
        21
    ],
    "scaled": true,
    "tuned": false,
    "stratified_split_testing": false,
    "week": 4,
    "month": 2,
    "metrics": {
        "accuracy": 0.7105809128630706,
        "precision": 0.5490261026613391,
        "recall": 0.6324885607691336,
        "f1_score": 0.5485245573668112,
        "matthews_corrcoef": 0.4891710272074993,
        "cohen_kappa_score": 0.46589937735562814,
        "roc_auc_score": 0.8395052717657959,
        "log_loss": 0.7916107712547865,
        "confusion_matrix": [
            [
                5385,
                1422,
                493
            ],
            [
                156,
                1960,
                798
            ],
            [
                11,
                189,
                190
            ]
        ],
        "classification_report": "              precision    recall  f1-score   support\n\n     00 - 04       0.97      0.74      0.84      7300\n     05 - 10       0.55      0.67      0.60      2914\n     11 - 20       0.13      0.49      0.20       390\n\n    accuracy                           0.71     10604\n   macro avg       0.55      0.63      0.55     10604\nweighted avg       0.82      0.71      0.75     10604\n",
        "feature_importances": {
            "time_in_month": -0.6017660921907679,
            "time_in_hour": 0.034884459797213774,
            "time_in_weekday": -0.22790575801819504,
            "requires_power": -0.01430552516453055,
            "time_in_business_day": -0.12189249949613133,
            "time_in_week_of_year": 0.6176509257071643,
            "time_in_week_of_month": -0.0721532123083366,
            "nominal_length_NOM20": 0.1952029864555984,
            "nominal_length_NOM40": 0.13911724534424555,
            "nominal_length_NOM45": -0.06127457635168166,
            "freight_kind_FCL": 0.22385880742395067,
            "freight_kind_MTY": 0.049186848025112175,
            "category_EXPRT": -1.1610589974619465,
            "category_IMPRT": 0.5008728490342411,
            "category_STRGE": -1.3889439478174552,
            "category_THRGH": 3.7393664405116835,
            "category_TRSHP": -1.4171906888189798
        },
        "elapsed_time_minutes": null
    },
    "dataset_name": "subset_base.csv"
}