{
    "model_type": "LogisticRegression",
    "bins": [
        0,
        5,
        10,
        21
    ],
    "scaled": false,
    "tuned": false,
    "stratified_split_testing": true,
    "week": 1,
    "month": 3,
    "metrics": {
        "accuracy": 0.7562862669245648,
        "precision": 0.46479389560627266,
        "recall": 0.49437268242533866,
        "f1_score": 0.4785324533414284,
        "matthews_corrcoef": 0.41891046587912123,
        "cohen_kappa_score": 0.41727120349596947,
        "roc_auc_score": 0.833869676733331,
        "log_loss": 0.5272636195130304,
        "confusion_matrix": [
            [
                5249,
                1035,
                0
            ],
            [
                760,
                1398,
                0
            ],
            [
                286,
                61,
                0
            ]
        ],
        "classification_report": "              precision    recall  f1-score   support\n\n     00 - 04       0.83      0.84      0.83      6284\n     05 - 09       0.56      0.65      0.60      2158\n     10 - 20       0.00      0.00      0.00       347\n\n    accuracy                           0.76      8789\n   macro avg       0.46      0.49      0.48      8789\nweighted avg       0.73      0.76      0.74      8789\n",
        "feature_importances": {
            "time_in_month": -0.8111398018783655,
            "time_in_hour": 0.02796599583757591,
            "time_in_weekday": -0.18019493041663603,
            "requires_power": -0.013149211364157837,
            "time_in_business_day": -0.09528388933386667,
            "time_in_week_of_year": 0.8525287051858053,
            "time_in_week_of_month": -0.09278863906853875,
            "nominal_length_NOM20": 0.5040257046899511,
            "nominal_length_NOM40": 0.5409006546273428,
            "nominal_length_NOM45": -0.5562660903606452,
            "freight_kind_FCL": 0.30330027841384877,
            "freight_kind_MTY": 0.18535999054277721,
            "category_EXPRT": -1.0106673610228059,
            "category_IMPRT": 0.7397646180903505,
            "category_STRGE": -1.1079065543176623,
            "category_THRGH": 3.0176499225655067,
            "category_TRSHP": -1.1501803563585646
        },
        "elapsed_time_minutes": null
    },
    "dataset_name": "subset_base.csv"
}