{
    "model_type": "LogisticRegression",
    "bins": [
        0,
        5,
        12,
        21
    ],
    "scaled": true,
    "tuned": false,
    "stratified_split_testing": false,
    "week": 1,
    "month": 3,
    "metrics": {
        "accuracy": 0.6700420980771419,
        "precision": 0.5251159556662511,
        "recall": 0.6798774471278151,
        "f1_score": 0.4977593899576676,
        "matthews_corrcoef": 0.43736540292985804,
        "cohen_kappa_score": 0.4006596151487014,
        "roc_auc_score": 0.8130617865245,
        "log_loss": 0.8916207560652075,
        "confusion_matrix": [
            [
                4281,
                1160,
                843
            ],
            [
                167,
                1523,
                697
            ],
            [
                24,
                9,
                85
            ]
        ],
        "classification_report": "              precision    recall  f1-score   support\n\n     00 - 04       0.96      0.68      0.80      6284\n     05 - 11       0.57      0.64      0.60      2387\n     12 - 20       0.05      0.72      0.10       118\n\n    accuracy                           0.67      8789\n   macro avg       0.53      0.68      0.50      8789\nweighted avg       0.84      0.67      0.73      8789\n",
        "feature_importances": {
            "time_in_month": -0.7196635670459728,
            "time_in_hour": 0.031268071637884434,
            "time_in_weekday": -0.2370828303275562,
            "requires_power": -0.022543116387469045,
            "time_in_business_day": -0.12948935974198753,
            "time_in_week_of_year": 0.7387070439949746,
            "time_in_week_of_month": -0.09273144994616107,
            "nominal_length_NOM20": 0.21021714762279145,
            "nominal_length_NOM40": 0.1602066015124544,
            "nominal_length_NOM45": -0.1202973372300845,
            "freight_kind_FCL": 0.2289521786895852,
            "freight_kind_MTY": 0.021174233217745215,
            "category_EXPRT": -1.1289087934789672,
            "category_IMPRT": 0.5002083072752529,
            "category_STRGE": -1.436598906933086,
            "category_THRGH": 3.7177034944176373,
            "category_TRSHP": -1.402277689369918
        },
        "elapsed_time_minutes": null
    },
    "dataset_name": "subset_base.csv"
}