{
    "model_type": "LogisticRegression",
    "bins": [
        0,
        3,
        11,
        21
    ],
    "scaled": false,
    "tuned": false,
    "stratified_split_testing": false,
    "week": 4,
    "month": 2,
    "metrics": {
        "accuracy": 0.7544322897019993,
        "precision": 0.5032568839183537,
        "recall": 0.5234049039709417,
        "f1_score": 0.5123541427402357,
        "matthews_corrcoef": 0.5297864153273,
        "cohen_kappa_score": 0.5269542941231513,
        "roc_auc_score": 0.8183688054645408,
        "log_loss": 0.6321844322016961,
        "confusion_matrix": [
            [
                4101,
                813,
                0
            ],
            [
                1401,
                3899,
                0
            ],
            [
                13,
                377,
                0
            ]
        ],
        "classification_report": "              precision    recall  f1-score   support\n\n     00 - 02       0.74      0.83      0.79      4914\n     03 - 10       0.77      0.74      0.75      5300\n     11 - 20       0.00      0.00      0.00       390\n\n    accuracy                           0.75     10604\n   macro avg       0.50      0.52      0.51     10604\nweighted avg       0.73      0.75      0.74     10604\n",
        "feature_importances": {
            "time_in_month": 0.3507485372026998,
            "time_in_hour": 0.014543471875359246,
            "time_in_weekday": -0.21091715044773074,
            "requires_power": -0.03331742526139235,
            "time_in_business_day": 0.03930847316686004,
            "time_in_week_of_year": -0.3272513122225886,
            "time_in_week_of_month": 0.029839135237094097,
            "nominal_length_NOM20": 0.31256576889468257,
            "nominal_length_NOM40": 0.24475918555860626,
            "nominal_length_NOM45": -0.2813734120533203,
            "freight_kind_FCL": 0.287849342099947,
            "freight_kind_MTY": -0.011897799699931802,
            "category_EXPRT": -1.3007898151488886,
            "category_IMPRT": 0.8883334028636481,
            "category_STRGE": -0.7091417992186024,
            "category_THRGH": 2.4896101427522384,
            "category_TRSHP": -1.0920603888482403
        },
        "elapsed_time_minutes": null
    },
    "dataset_name": "subset_base.csv"
}