{
    "model_type": "LogisticRegression",
    "bins": [
        0,
        5,
        11,
        21
    ],
    "scaled": true,
    "tuned": false,
    "stratified_split_testing": false,
    "week": 2,
    "month": 3,
    "metrics": {
        "accuracy": 0.6352515291474223,
        "precision": 0.48661946183480015,
        "recall": 0.6908390174358119,
        "f1_score": 0.45685982467124425,
        "matthews_corrcoef": 0.39495879341580914,
        "cohen_kappa_score": 0.345345092886712,
        "roc_auc_score": 0.8200294358603317,
        "log_loss": 0.9320144545633754,
        "confusion_matrix": [
            [
                3522,
                1906,
                425
            ],
            [
                84,
                1529,
                494
            ],
            [
                0,
                13,
                38
            ]
        ],
        "classification_report": "              precision    recall  f1-score   support\n\n     00 - 04       0.98      0.60      0.74      5853\n     05 - 10       0.44      0.73      0.55      2107\n     11 - 20       0.04      0.75      0.08        51\n\n    accuracy                           0.64      8011\n   macro avg       0.49      0.69      0.46      8011\nweighted avg       0.83      0.64      0.69      8011\n",
        "feature_importances": {
            "time_in_month": -0.6017660921907679,
            "time_in_hour": 0.034884459797213774,
            "time_in_weekday": -0.22790575801819504,
            "requires_power": -0.01430552516453055,
            "time_in_business_day": -0.12189249949613133,
            "time_in_week_of_year": 0.6176509257071643,
            "time_in_week_of_month": -0.0721532123083366,
            "nominal_length_NOM20": 0.1952029864555984,
            "nominal_length_NOM40": 0.13911724534424555,
            "nominal_length_NOM45": -0.06127457635168166,
            "freight_kind_FCL": 0.22385880742395067,
            "freight_kind_MTY": 0.049186848025112175,
            "category_EXPRT": -1.1610589974619465,
            "category_IMPRT": 0.5008728490342411,
            "category_STRGE": -1.3889439478174552,
            "category_THRGH": 3.7393664405116835,
            "category_TRSHP": -1.4171906888189798
        },
        "elapsed_time_minutes": null
    },
    "dataset_name": "subset_base.csv"
}