{
    "model_type": "LogisticRegression",
    "bins": [
        0,
        4,
        9,
        21
    ],
    "scaled": true,
    "tuned": false,
    "stratified_split_testing": false,
    "week": 4,
    "month": 2,
    "metrics": {
        "accuracy": 0.6595624292719728,
        "precision": 0.5633668588359175,
        "recall": 0.6237948104544598,
        "f1_score": 0.544324007778881,
        "matthews_corrcoef": 0.4414748842701867,
        "cohen_kappa_score": 0.42465576609285316,
        "roc_auc_score": 0.8126173529018459,
        "log_loss": 0.8132280672346258,
        "confusion_matrix": [
            [
                4937,
                752,
                555
            ],
            [
                602,
                1617,
                1454
            ],
            [
                13,
                234,
                440
            ]
        ],
        "classification_report": "              precision    recall  f1-score   support\n\n     00 - 03       0.89      0.79      0.84      6244\n     04 - 08       0.62      0.44      0.52      3673\n     09 - 20       0.18      0.64      0.28       687\n\n    accuracy                           0.66     10604\n   macro avg       0.56      0.62      0.54     10604\nweighted avg       0.75      0.66      0.69     10604\n",
        "feature_importances": {
            "time_in_month": -0.1683630172434039,
            "time_in_hour": 0.017769383089318296,
            "time_in_weekday": -0.20638676884964385,
            "requires_power": -0.01767415172559168,
            "time_in_business_day": -0.06347566839593048,
            "time_in_week_of_year": 0.17796842973902555,
            "time_in_week_of_month": -0.01358456535123935,
            "nominal_length_NOM20": 0.21457951665222513,
            "nominal_length_NOM40": 0.16172320410690197,
            "nominal_length_NOM45": -0.18893295566843987,
            "freight_kind_FCL": 0.16207646594988934,
            "freight_kind_MTY": 0.025293299141589,
            "category_EXPRT": -1.4091747292382144,
            "category_IMPRT": 0.5904174706758353,
            "category_STRGE": -1.0940952858222535,
            "category_THRGH": 3.37093680245148,
            "category_TRSHP": -1.270714492974506
        },
        "elapsed_time_minutes": null
    },
    "dataset_name": "subset_base.csv"
}