{
    "model_type": "LogisticRegression",
    "bins": [
        0,
        3,
        11,
        21
    ],
    "scaled": false,
    "tuned": false,
    "stratified_split_testing": false,
    "week": 3,
    "month": 2,
    "metrics": {
        "accuracy": 0.7999421519475511,
        "precision": 0.5332416106891688,
        "recall": 0.5471428957425087,
        "f1_score": 0.5399163206516118,
        "matthews_corrcoef": 0.6109395563496267,
        "cohen_kappa_score": 0.6097521225425371,
        "roc_auc_score": 0.8261533562036089,
        "log_loss": 0.5554875632612934,
        "confusion_matrix": [
            [
                4338,
                747,
                0
            ],
            [
                1063,
                3959,
                0
            ],
            [
                10,
                255,
                0
            ]
        ],
        "classification_report": "              precision    recall  f1-score   support\n\n     00 - 02       0.80      0.85      0.83      5085\n     03 - 10       0.80      0.79      0.79      5022\n     11 - 20       0.00      0.00      0.00       265\n\n    accuracy                           0.80     10372\n   macro avg       0.53      0.55      0.54     10372\nweighted avg       0.78      0.80      0.79     10372\n",
        "feature_importances": {
            "time_in_month": 0.3507485372026998,
            "time_in_hour": 0.014543471875359246,
            "time_in_weekday": -0.21091715044773074,
            "requires_power": -0.03331742526139235,
            "time_in_business_day": 0.03930847316686004,
            "time_in_week_of_year": -0.3272513122225886,
            "time_in_week_of_month": 0.029839135237094097,
            "nominal_length_NOM20": 0.31256576889468257,
            "nominal_length_NOM40": 0.24475918555860626,
            "nominal_length_NOM45": -0.2813734120533203,
            "freight_kind_FCL": 0.287849342099947,
            "freight_kind_MTY": -0.011897799699931802,
            "category_EXPRT": -1.3007898151488886,
            "category_IMPRT": 0.8883334028636481,
            "category_STRGE": -0.7091417992186024,
            "category_THRGH": 2.4896101427522384,
            "category_TRSHP": -1.0920603888482403
        },
        "elapsed_time_minutes": null
    },
    "dataset_name": "subset_base.csv"
}