{
    "model_type": "LogisticRegression",
    "bins": [
        0,
        4,
        11,
        21
    ],
    "scaled": true,
    "tuned": false,
    "stratified_split_testing": false,
    "week": 3,
    "month": 2,
    "metrics": {
        "accuracy": 0.7434438873891246,
        "precision": 0.5632228876172918,
        "recall": 0.6071670071377006,
        "f1_score": 0.5552148562345648,
        "matthews_corrcoef": 0.5351635944166117,
        "cohen_kappa_score": 0.5250168985364836,
        "roc_auc_score": 0.8249968694135136,
        "log_loss": 0.7825576322218162,
        "confusion_matrix": [
            [
                5114,
                933,
                454
            ],
            [
                437,
                2507,
                662
            ],
            [
                10,
                165,
                90
            ]
        ],
        "classification_report": "              precision    recall  f1-score   support\n\n     00 - 03       0.92      0.79      0.85      6501\n     04 - 10       0.70      0.70      0.70      3606\n     11 - 20       0.07      0.34      0.12       265\n\n    accuracy                           0.74     10372\n   macro avg       0.56      0.61      0.56     10372\nweighted avg       0.82      0.74      0.78     10372\n",
        "feature_importances": {
            "time_in_month": 0.08130795932359469,
            "time_in_hour": 0.023714866764444946,
            "time_in_weekday": -0.2536736642474489,
            "requires_power": -0.024064193448961144,
            "time_in_business_day": -0.07726241237774373,
            "time_in_week_of_year": -0.07946444936316649,
            "time_in_week_of_month": 0.008791164191319938,
            "nominal_length_NOM20": 0.20025813670648018,
            "nominal_length_NOM40": 0.12002562402207526,
            "nominal_length_NOM45": -0.14352189954759803,
            "freight_kind_FCL": 0.2046385085552898,
            "freight_kind_MTY": -0.02787664737250687,
            "category_EXPRT": -1.222470351301817,
            "category_IMPRT": 0.5741045827124532,
            "category_STRGE": -1.2040486944815936,
            "category_THRGH": 3.3515816156618627,
            "category_TRSHP": -1.3224052914088402
        },
        "elapsed_time_minutes": null
    },
    "dataset_name": "subset_base.csv"
}