{
    "model_type": "LogisticRegression",
    "bins": [
        0,
        3,
        10,
        21
    ],
    "scaled": true,
    "tuned": false,
    "stratified_split_testing": false,
    "week": 2,
    "month": 2,
    "metrics": {
        "accuracy": 0.5672442244224423,
        "precision": 0.5174575480573375,
        "recall": 0.5425227060688411,
        "f1_score": 0.4601440684750305,
        "matthews_corrcoef": 0.36202676478771134,
        "cohen_kappa_score": 0.32247455196373376,
        "roc_auc_score": 0.7787339141820452,
        "log_loss": 0.9133461356180942,
        "confusion_matrix": [
            [
                3350,
                231,
                382
            ],
            [
                1707,
                1984,
                1637
            ],
            [
                27,
                212,
                166
            ]
        ],
        "classification_report": "              precision    recall  f1-score   support\n\n     00 - 02       0.66      0.85      0.74      3963\n     03 - 09       0.82      0.37      0.51      5328\n     10 - 20       0.08      0.41      0.13       405\n\n    accuracy                           0.57      9696\n   macro avg       0.52      0.54      0.46      9696\nweighted avg       0.72      0.57      0.59      9696\n",
        "feature_importances": {
            "time_in_month": 0.2843131629186829,
            "time_in_hour": 0.010037107740354226,
            "time_in_weekday": -0.19666501444262738,
            "requires_power": -0.018874039149080184,
            "time_in_business_day": 0.018192901615878537,
            "time_in_week_of_year": -0.2824158480087246,
            "time_in_week_of_month": 0.028545200211297164,
            "nominal_length_NOM20": 0.14899832420402132,
            "nominal_length_NOM40": 0.05454445231535048,
            "nominal_length_NOM45": -0.11831566378938989,
            "freight_kind_FCL": 0.1581410486364261,
            "freight_kind_MTY": -0.07291393590645226,
            "category_EXPRT": -1.526513182162345,
            "category_IMPRT": 0.7435657006563817,
            "category_STRGE": -0.8327072564915393,
            "category_THRGH": 2.949644851928296,
            "category_TRSHP": -1.2487630012003563
        },
        "elapsed_time_minutes": null
    },
    "dataset_name": "subset_base.csv"
}