{
    "model_type": "LogisticRegression",
    "bins": [
        0,
        6,
        12,
        21
    ],
    "scaled": true,
    "tuned": false,
    "stratified_split_testing": false,
    "week": 2,
    "month": 1,
    "metrics": {
        "accuracy": 0.6290817750488418,
        "precision": 0.43778018597604446,
        "recall": 0.7275080999421175,
        "f1_score": 0.4295151517387865,
        "matthews_corrcoef": 0.2940376877759661,
        "cohen_kappa_score": 0.23155604624384707,
        "roc_auc_score": 0.8037414831173973,
        "log_loss": 0.8943859633515863,
        "confusion_matrix": [
            [
                5732,
                2661,
                783
            ],
            [
                191,
                918,
                343
            ],
            [
                8,
                1,
                112
            ]
        ],
        "classification_report": "              precision    recall  f1-score   support\n\n     00 - 05       0.97      0.62      0.76      9176\n     06 - 11       0.26      0.63      0.36      1452\n     12 - 20       0.09      0.93      0.16       121\n\n    accuracy                           0.63     10749\n   macro avg       0.44      0.73      0.43     10749\nweighted avg       0.86      0.63      0.70     10749\n",
        "feature_importances": {
            "time_in_month": -0.525266672579517,
            "time_in_hour": 0.03439169812318748,
            "time_in_weekday": -0.17424284180801186,
            "requires_power": -0.016535577955799758,
            "time_in_business_day": -0.12330167869768413,
            "time_in_week_of_year": 0.556877938507439,
            "time_in_week_of_month": -0.07484956266619086,
            "nominal_length_NOM20": 0.12376159401025393,
            "nominal_length_NOM40": 0.10285960104160921,
            "nominal_length_NOM45": 0.10411445297446102,
            "freight_kind_FCL": 0.23741479188068065,
            "freight_kind_MTY": 0.09332085614429543,
            "category_EXPRT": -1.0338663989924588,
            "category_IMPRT": 0.5064853526006157,
            "category_STRGE": -1.4794887194087265,
            "category_THRGH": 3.7095744004034072,
            "category_TRSHP": -1.3719689865775364
        },
        "elapsed_time_minutes": null
    },
    "dataset_name": "subset_base.csv"
}