{
    "model_type": "LogisticRegression",
    "bins": [
        0,
        4,
        9,
        21
    ],
    "scaled": true,
    "tuned": false,
    "stratified_split_testing": true,
    "week": 1,
    "month": 1,
    "metrics": {
        "accuracy": 0.7149460708782742,
        "precision": 0.6127605918681945,
        "recall": 0.6837794090089351,
        "f1_score": 0.5901362656605297,
        "matthews_corrcoef": 0.49443644266077535,
        "cohen_kappa_score": 0.4795173055673203,
        "roc_auc_score": 0.7938535554972135,
        "log_loss": 0.8169575624872193,
        "confusion_matrix": [
            [
                3178,
                200,
                419
            ],
            [
                758,
                1265,
                384
            ],
            [
                58,
                31,
                197
            ]
        ],
        "classification_report": "              precision    recall  f1-score   support\n\n     00 - 03       0.80      0.84      0.82      3797\n     04 - 08       0.85      0.53      0.65      2407\n     09 - 20       0.20      0.69      0.31       286\n\n    accuracy                           0.71      6490\n   macro avg       0.61      0.68      0.59      6490\nweighted avg       0.79      0.71      0.73      6490\n",
        "feature_importances": {
            "time_in_month": -0.04495108746298766,
            "time_in_hour": 0.013985947955045992,
            "time_in_weekday": -0.20876603461301094,
            "requires_power": -0.01964372083626329,
            "time_in_business_day": -0.06493965222851109,
            "time_in_week_of_year": 0.055916817527529,
            "time_in_week_of_month": 0.002218703669445498,
            "nominal_length_NOM20": 0.1869464598164789,
            "nominal_length_NOM40": 0.13729637688702764,
            "nominal_length_NOM45": -0.13507273471057318,
            "freight_kind_FCL": 0.16348451618836177,
            "freight_kind_MTY": 0.025685585803943645,
            "category_EXPRT": -1.3880239175288727,
            "category_IMPRT": 0.6144468373187577,
            "category_STRGE": -1.0620715600535706,
            "category_THRGH": 3.268688011546688,
            "category_TRSHP": -1.24386926928731
        },
        "elapsed_time_minutes": null
    },
    "dataset_name": "subset_base.csv"
}