{
    "model_type": "LogisticRegression",
    "bins": [
        0,
        5,
        9,
        21
    ],
    "scaled": false,
    "tuned": false,
    "stratified_split_testing": false,
    "week": 1,
    "month": 2,
    "metrics": {
        "accuracy": 0.7181174089068826,
        "precision": 0.4396035205967219,
        "recall": 0.4381373455649755,
        "f1_score": 0.43813803872814444,
        "matthews_corrcoef": 0.31645086386508986,
        "cohen_kappa_score": 0.314780900496902,
        "roc_auc_score": 0.7532774658631952,
        "log_loss": 0.600438672618649,
        "confusion_matrix": [
            [
                5708,
                1150,
                0
            ],
            [
                1490,
                1387,
                0
            ],
            [
                95,
                50,
                0
            ]
        ],
        "classification_report": "              precision    recall  f1-score   support\n\n     00 - 04       0.78      0.83      0.81      6858\n     05 - 08       0.54      0.48      0.51      2877\n     09 - 20       0.00      0.00      0.00       145\n\n    accuracy                           0.72      9880\n   macro avg       0.44      0.44      0.44      9880\nweighted avg       0.70      0.72      0.71      9880\n",
        "feature_importances": {
            "time_in_month": -1.215591182654093,
            "time_in_hour": 0.03409074911461643,
            "time_in_weekday": -0.17903069611733316,
            "requires_power": -0.006254786065469141,
            "time_in_business_day": -0.11884148603448447,
            "time_in_week_of_year": 1.2457876118002542,
            "time_in_week_of_month": -0.13358848408905702,
            "nominal_length_NOM20": 0.4718621935612228,
            "nominal_length_NOM40": 0.5124684455681178,
            "nominal_length_NOM45": -0.4357047948217061,
            "freight_kind_FCL": 0.3177388175120229,
            "freight_kind_MTY": 0.2308870267955487,
            "category_EXPRT": -1.1331978217349286,
            "category_IMPRT": 0.7344854126663124,
            "category_STRGE": -1.0526440785716344,
            "category_THRGH": 3.123523746867146,
            "category_TRSHP": -1.123541414919799
        },
        "elapsed_time_minutes": null
    },
    "dataset_name": "subset_base.csv"
}