{
    "model_type": "LogisticRegression",
    "bins": [
        0,
        3,
        9,
        21
    ],
    "scaled": false,
    "tuned": false,
    "stratified_split_testing": true,
    "week": 3,
    "month": 2,
    "metrics": {
        "accuracy": 0.7755495564982645,
        "precision": 0.5163275528619966,
        "recall": 0.5443127191283533,
        "f1_score": 0.5299373579769764,
        "matthews_corrcoef": 0.5754190652760299,
        "cohen_kappa_score": 0.5726107499139992,
        "roc_auc_score": 0.8172944403728305,
        "log_loss": 0.6208946046656821,
        "confusion_matrix": [
            [
                4341,
                742,
                2
            ],
            [
                1049,
                3703,
                0
            ],
            [
                23,
                512,
                0
            ]
        ],
        "classification_report": "              precision    recall  f1-score   support\n\n     00 - 02       0.80      0.85      0.83      5085\n     03 - 08       0.75      0.78      0.76      4752\n     09 - 20       0.00      0.00      0.00       535\n\n    accuracy                           0.78     10372\n   macro avg       0.52      0.54      0.53     10372\nweighted avg       0.74      0.78      0.75     10372\n",
        "feature_importances": {
            "time_in_month": 0.06571369783194468,
            "time_in_hour": 0.017718827178651822,
            "time_in_weekday": -0.1561046969168192,
            "requires_power": -0.017764761704974135,
            "time_in_business_day": 0.02714988726183184,
            "time_in_week_of_year": -0.045076483312070925,
            "time_in_week_of_month": 0.009970190934972693,
            "nominal_length_NOM20": 0.30875416053721255,
            "nominal_length_NOM40": 0.2658203701512984,
            "nominal_length_NOM45": -0.38795039890321187,
            "freight_kind_FCL": 0.18579167569104074,
            "freight_kind_MTY": 0.0008324560942818385,
            "category_EXPRT": -1.5299240180112914,
            "category_IMPRT": 0.8538759002307041,
            "category_STRGE": -0.6674019426186847,
            "category_THRGH": 2.611868856655775,
            "category_TRSHP": -1.081794664470648
        },
        "elapsed_time_minutes": null
    },
    "dataset_name": "subset_base.csv"
}