{
    "model_type": "LogisticRegression",
    "bins": [
        0,
        6,
        12,
        21
    ],
    "scaled": true,
    "tuned": false,
    "stratified_split_testing": true,
    "week": 4,
    "month": 2,
    "metrics": {
        "accuracy": 0.6810637495284798,
        "precision": 0.5109917412481751,
        "recall": 0.6874656356160962,
        "f1_score": 0.5094827337946587,
        "matthews_corrcoef": 0.4407560611807532,
        "cohen_kappa_score": 0.3897166397284326,
        "roc_auc_score": 0.8266962642477877,
        "log_loss": 0.8336742162482397,
        "confusion_matrix": [
            [
                5491,
                1971,
                724
            ],
            [
                50,
                1576,
                561
            ],
            [
                11,
                65,
                155
            ]
        ],
        "classification_report": "              precision    recall  f1-score   support\n\n     00 - 05       0.99      0.67      0.80      8186\n     06 - 11       0.44      0.72      0.54      2187\n     12 - 20       0.11      0.67      0.19       231\n\n    accuracy                           0.68     10604\n   macro avg       0.51      0.69      0.51     10604\nweighted avg       0.86      0.68      0.73     10604\n",
        "feature_importances": {
            "time_in_month": -0.41458703083397774,
            "time_in_hour": 0.03481714118012544,
            "time_in_weekday": -0.16642603873953105,
            "requires_power": -0.02106801025787145,
            "time_in_business_day": -0.12173222830505384,
            "time_in_week_of_year": 0.4510133689826227,
            "time_in_week_of_month": -0.058927278684703474,
            "nominal_length_NOM20": 0.13149993470288082,
            "nominal_length_NOM40": 0.11724256708188119,
            "nominal_length_NOM45": 0.07842357557605252,
            "freight_kind_FCL": 0.23219622815941893,
            "freight_kind_MTY": 0.09496984920226877,
            "category_EXPRT": -1.0451661919557624,
            "category_IMPRT": 0.509348781803853,
            "category_STRGE": -1.4821919220277908,
            "category_THRGH": 3.7115393292018766,
            "category_TRSHP": -1.366363919660281
        },
        "elapsed_time_minutes": null
    },
    "dataset_name": "subset_base.csv"
}