{
    "model_type": "LogisticRegression",
    "bins": [
        0,
        5,
        11,
        21
    ],
    "scaled": false,
    "tuned": false,
    "stratified_split_testing": true,
    "week": 1,
    "month": 2,
    "metrics": {
        "accuracy": 0.7348178137651822,
        "precision": 0.4586366316305906,
        "recall": 0.4662096011476728,
        "f1_score": 0.4622094093188293,
        "matthews_corrcoef": 0.38594649243901896,
        "cohen_kappa_score": 0.38568190978749184,
        "roc_auc_score": 0.7554322991910268,
        "log_loss": 0.5503078719215475,
        "confusion_matrix": [
            [
                5504,
                1354,
                0
            ],
            [
                1190,
                1756,
                0
            ],
            [
                47,
                29,
                0
            ]
        ],
        "classification_report": "              precision    recall  f1-score   support\n\n     00 - 04       0.82      0.80      0.81      6858\n     05 - 10       0.56      0.60      0.58      2946\n     11 - 20       0.00      0.00      0.00        76\n\n    accuracy                           0.73      9880\n   macro avg       0.46      0.47      0.46      9880\nweighted avg       0.73      0.73      0.73      9880\n",
        "feature_importances": {
            "time_in_month": -0.7532062678848626,
            "time_in_hour": 0.02776335052739076,
            "time_in_weekday": -0.2067376373626719,
            "requires_power": -0.023534379253708826,
            "time_in_business_day": -0.09585624676167447,
            "time_in_week_of_year": 0.7965254028679309,
            "time_in_week_of_month": -0.08879315878783081,
            "nominal_length_NOM20": 0.5287012844999002,
            "nominal_length_NOM40": 0.5607023675516347,
            "nominal_length_NOM45": -0.5478762067644799,
            "freight_kind_FCL": 0.3661919991069766,
            "freight_kind_MTY": 0.17533544618021443,
            "category_EXPRT": -0.8911922926295782,
            "category_IMPRT": 0.7713653783245867,
            "category_STRGE": -1.0934196939928738,
            "category_THRGH": 2.8698121873048867,
            "category_TRSHP": -1.1150381337188522
        },
        "elapsed_time_minutes": null
    },
    "dataset_name": "subset_base.csv"
}