{
    "model_type": "LogisticRegression",
    "bins": [
        0,
        5,
        10,
        21
    ],
    "scaled": false,
    "tuned": false,
    "stratified_split_testing": true,
    "week": 1,
    "month": 1,
    "metrics": {
        "accuracy": 0.8012326656394453,
        "precision": 0.5052479620992022,
        "recall": 0.5347583433054116,
        "f1_score": 0.5179168276051588,
        "matthews_corrcoef": 0.5439866281978655,
        "cohen_kappa_score": 0.5411684084740558,
        "roc_auc_score": 0.8146999328288645,
        "log_loss": 0.5162386362825061,
        "confusion_matrix": [
            [
                3869,
                731,
                0
            ],
            [
                413,
                1331,
                0
            ],
            [
                114,
                32,
                0
            ]
        ],
        "classification_report": "              precision    recall  f1-score   support\n\n     00 - 04       0.88      0.84      0.86      4600\n     05 - 09       0.64      0.76      0.69      1744\n     10 - 20       0.00      0.00      0.00       146\n\n    accuracy                           0.80      6490\n   macro avg       0.51      0.53      0.52      6490\nweighted avg       0.79      0.80      0.80      6490\n",
        "feature_importances": {
            "time_in_month": -0.8111398018783655,
            "time_in_hour": 0.02796599583757591,
            "time_in_weekday": -0.18019493041663603,
            "requires_power": -0.013149211364157837,
            "time_in_business_day": -0.09528388933386667,
            "time_in_week_of_year": 0.8525287051858053,
            "time_in_week_of_month": -0.09278863906853875,
            "nominal_length_NOM20": 0.5040257046899511,
            "nominal_length_NOM40": 0.5409006546273428,
            "nominal_length_NOM45": -0.5562660903606452,
            "freight_kind_FCL": 0.30330027841384877,
            "freight_kind_MTY": 0.18535999054277721,
            "category_EXPRT": -1.0106673610228059,
            "category_IMPRT": 0.7397646180903505,
            "category_STRGE": -1.1079065543176623,
            "category_THRGH": 3.0176499225655067,
            "category_TRSHP": -1.1501803563585646
        },
        "elapsed_time_minutes": null
    },
    "dataset_name": "subset_base.csv"
}