{
    "model_type": "LogisticRegression",
    "bins": [
        0,
        5,
        12,
        21
    ],
    "scaled": true,
    "tuned": false,
    "stratified_split_testing": true,
    "week": 4,
    "month": 2,
    "metrics": {
        "accuracy": 0.6872878159185213,
        "precision": 0.538282560597081,
        "recall": 0.6618331116396458,
        "f1_score": 0.5159217641446271,
        "matthews_corrcoef": 0.4604626639705067,
        "cohen_kappa_score": 0.43252370400407125,
        "roc_auc_score": 0.8379310026238626,
        "log_loss": 0.8085115944732345,
        "confusion_matrix": [
            [
                5385,
                1282,
                633
            ],
            [
                156,
                1746,
                1171
            ],
            [
                11,
                63,
                157
            ]
        ],
        "classification_report": "              precision    recall  f1-score   support\n\n     00 - 04       0.97      0.74      0.84      7300\n     05 - 11       0.56      0.57      0.57      3073\n     12 - 20       0.08      0.68      0.14       231\n\n    accuracy                           0.69     10604\n   macro avg       0.54      0.66      0.52     10604\nweighted avg       0.83      0.69      0.74     10604\n",
        "feature_importances": {
            "time_in_month": -0.717229844548225,
            "time_in_hour": 0.028116927722313802,
            "time_in_weekday": -0.23232639361468474,
            "requires_power": -0.02353883697745508,
            "time_in_business_day": -0.13127993606166746,
            "time_in_week_of_year": 0.74031021022074,
            "time_in_week_of_month": -0.09023497582279824,
            "nominal_length_NOM20": 0.17871820214840242,
            "nominal_length_NOM40": 0.13856928595848148,
            "nominal_length_NOM45": -0.05180122606068499,
            "freight_kind_FCL": 0.23207878333420423,
            "freight_kind_MTY": 0.033407478717555346,
            "category_EXPRT": -1.1533242717281686,
            "category_IMPRT": 0.4940446908327806,
            "category_STRGE": -1.4535067956323564,
            "category_THRGH": 3.780868906135985,
            "category_TRSHP": -1.4025962675609118
        },
        "elapsed_time_minutes": null
    },
    "dataset_name": "subset_base.csv"
}