{
    "model_type": "LogisticRegression",
    "bins": [
        0,
        6,
        11,
        21
    ],
    "scaled": true,
    "tuned": false,
    "stratified_split_testing": false,
    "week": 4,
    "month": 1,
    "metrics": {
        "accuracy": 0.6132102682434382,
        "precision": 0.5143339496161151,
        "recall": 0.6812044632815469,
        "f1_score": 0.5216829569684682,
        "matthews_corrcoef": 0.35405334074933126,
        "cohen_kappa_score": 0.31628049157802995,
        "roc_auc_score": 0.7874918899698299,
        "log_loss": 0.9321293057815482,
        "confusion_matrix": [
            [
                4414,
                2558,
                510
            ],
            [
                328,
                1646,
                548
            ],
            [
                31,
                48,
                318
            ]
        ],
        "classification_report": "              precision    recall  f1-score   support\n\n     00 - 05       0.92      0.59      0.72      7482\n     06 - 10       0.39      0.65      0.49      2522\n     11 - 20       0.23      0.80      0.36       397\n\n    accuracy                           0.61     10401\n   macro avg       0.51      0.68      0.52     10401\nweighted avg       0.77      0.61      0.65     10401\n",
        "feature_importances": {
            "time_in_month": -0.4775079272967075,
            "time_in_hour": 0.035839385267183374,
            "time_in_weekday": -0.16215039923816194,
            "requires_power": -0.008004012236171401,
            "time_in_business_day": -0.11838387259703041,
            "time_in_week_of_year": 0.5063903635893975,
            "time_in_week_of_month": -0.06062984961735644,
            "nominal_length_NOM20": 0.14415053145879614,
            "nominal_length_NOM40": 0.11600158988753187,
            "nominal_length_NOM45": 0.06860766108344364,
            "freight_kind_FCL": 0.21884446673896962,
            "freight_kind_MTY": 0.10991531569038412,
            "category_EXPRT": -1.0660693669022716,
            "category_IMPRT": 0.5095222164605722,
            "category_STRGE": -1.4228760075051936,
            "category_THRGH": 3.689471521579793,
            "category_TRSHP": -1.381288581203535
        },
        "elapsed_time_minutes": null
    },
    "dataset_name": "subset_base.csv"
}