{
    "model_type": "LogisticRegression",
    "bins": [
        0,
        3,
        9,
        21
    ],
    "scaled": true,
    "tuned": false,
    "stratified_split_testing": false,
    "week": 4,
    "month": 1,
    "metrics": {
        "accuracy": 0.5310066339775021,
        "precision": 0.5836118532621531,
        "recall": 0.6595189541537562,
        "f1_score": 0.4899336205282663,
        "matthews_corrcoef": 0.39930357132765054,
        "cohen_kappa_score": 0.3315051471297119,
        "roc_auc_score": 0.8418320937094957,
        "log_loss": 0.8812783730776158,
        "confusion_matrix": [
            [
                2973,
                49,
                652
            ],
            [
                1725,
                1937,
                2341
            ],
            [
                75,
                36,
                613
            ]
        ],
        "classification_report": "              precision    recall  f1-score   support\n\n     00 - 02       0.62      0.81      0.70      3674\n     03 - 08       0.96      0.32      0.48      6003\n     09 - 20       0.17      0.85      0.28       724\n\n    accuracy                           0.53     10401\n   macro avg       0.58      0.66      0.49     10401\nweighted avg       0.78      0.53      0.55     10401\n",
        "feature_importances": {
            "time_in_month": 0.04785444197600342,
            "time_in_hour": 0.009872778311694764,
            "time_in_weekday": -0.16776632458131002,
            "requires_power": -0.013968746273699019,
            "time_in_business_day": 0.02542442357813811,
            "time_in_week_of_year": -0.04221253335532426,
            "time_in_week_of_month": 0.0074979533326688,
            "nominal_length_NOM20": 0.21392701655094654,
            "nominal_length_NOM40": 0.12492516036659493,
            "nominal_length_NOM45": -0.2711108746344966,
            "freight_kind_FCL": 0.13111719454293064,
            "freight_kind_MTY": -0.06337589226175332,
            "category_EXPRT": -1.6492821472162607,
            "category_IMPRT": 0.7405680691432498,
            "category_STRGE": -0.7763367451627736,
            "category_THRGH": 2.965576977807733,
            "category_TRSHP": -1.2127848522895137
        },
        "elapsed_time_minutes": null
    },
    "dataset_name": "subset_base.csv"
}