{
    "model_type": "LogisticRegression",
    "bins": [
        0,
        5,
        9,
        21
    ],
    "scaled": true,
    "tuned": false,
    "stratified_split_testing": false,
    "week": 2,
    "month": 2,
    "metrics": {
        "accuracy": 0.6479991749174917,
        "precision": 0.5297600175192126,
        "recall": 0.5283136033286971,
        "f1_score": 0.4987891626788481,
        "matthews_corrcoef": 0.4058051898606731,
        "cohen_kappa_score": 0.3846249170239524,
        "roc_auc_score": 0.8046487520797658,
        "log_loss": 0.7907337789543367,
        "confusion_matrix": [
            [
                4807,
                673,
                969
            ],
            [
                244,
                1249,
                1129
            ],
            [
                33,
                365,
                227
            ]
        ],
        "classification_report": "              precision    recall  f1-score   support\n\n     00 - 04       0.95      0.75      0.83      6449\n     05 - 08       0.55      0.48      0.51      2622\n     09 - 20       0.10      0.36      0.15       625\n\n    accuracy                           0.65      9696\n   macro avg       0.53      0.53      0.50      9696\nweighted avg       0.78      0.65      0.70      9696\n",
        "feature_importances": {
            "time_in_month": -0.8498215994968391,
            "time_in_hour": 0.027154086385304685,
            "time_in_weekday": -0.19284683846983164,
            "requires_power": -0.008541150495986059,
            "time_in_business_day": -0.11461301191115512,
            "time_in_week_of_year": 0.8736395779848861,
            "time_in_week_of_month": -0.09662363292428211,
            "nominal_length_NOM20": 0.21571984073388167,
            "nominal_length_NOM40": 0.1838975531387965,
            "nominal_length_NOM45": -0.12818317439144727,
            "freight_kind_FCL": 0.17671692014330073,
            "freight_kind_MTY": 0.09471729934054432,
            "category_EXPRT": -1.3225064265578916,
            "category_IMPRT": 0.5505697648499495,
            "category_STRGE": -1.2455934732764316,
            "category_THRGH": 3.6195836892264515,
            "category_TRSHP": -1.3306193347601742
        },
        "elapsed_time_minutes": null
    },
    "dataset_name": "subset_base.csv"
}