{
    "model_type": "LogisticRegression",
    "bins": [
        0,
        4,
        11,
        21
    ],
    "scaled": true,
    "tuned": false,
    "stratified_split_testing": true,
    "week": 1,
    "month": 1,
    "metrics": {
        "accuracy": 0.7403697996918336,
        "precision": 0.5987900392132749,
        "recall": 0.7326630224646826,
        "f1_score": 0.585385433367144,
        "matthews_corrcoef": 0.5221672327294444,
        "cohen_kappa_score": 0.5100783460690459,
        "roc_auc_score": 0.7962578320084761,
        "log_loss": 0.8431143929400307,
        "confusion_matrix": [
            [
                3178,
                246,
                373
            ],
            [
                785,
                1526,
                250
            ],
            [
                31,
                0,
                101
            ]
        ],
        "classification_report": "              precision    recall  f1-score   support\n\n     00 - 03       0.80      0.84      0.82      3797\n     04 - 10       0.86      0.60      0.70      2561\n     11 - 20       0.14      0.77      0.24       132\n\n    accuracy                           0.74      6490\n   macro avg       0.60      0.73      0.59      6490\nweighted avg       0.81      0.74      0.76      6490\n",
        "feature_importances": {
            "time_in_month": 0.18676446346637018,
            "time_in_hour": 0.017739602738640455,
            "time_in_weekday": -0.24477378780334852,
            "requires_power": -0.026110043935036954,
            "time_in_business_day": -0.07617076595457617,
            "time_in_week_of_year": -0.1828241813133226,
            "time_in_week_of_month": 0.02393147324767105,
            "nominal_length_NOM20": 0.17037141119114493,
            "nominal_length_NOM40": 0.0992895992233648,
            "nominal_length_NOM45": -0.08004252122643528,
            "freight_kind_FCL": 0.2100751667784529,
            "freight_kind_MTY": -0.020456677592277175,
            "category_EXPRT": -1.2337498544876786,
            "category_IMPRT": 0.5610554268517333,
            "category_STRGE": -1.2115080366972297,
            "category_THRGH": 3.392229496056966,
            "category_TRSHP": -1.3184085425360397
        },
        "elapsed_time_minutes": null
    },
    "dataset_name": "subset_base.csv"
}