{
    "model_type": "LogisticRegression",
    "bins": [
        0,
        3,
        10,
        21
    ],
    "scaled": true,
    "tuned": false,
    "stratified_split_testing": true,
    "week": 2,
    "month": 1,
    "metrics": {
        "accuracy": 0.5803330542376035,
        "precision": 0.5653017781949808,
        "recall": 0.6772358146511644,
        "f1_score": 0.46166024114099175,
        "matthews_corrcoef": 0.41605397856318016,
        "cohen_kappa_score": 0.35336630997536755,
        "roc_auc_score": 0.8325548598999205,
        "log_loss": 0.8815497980668374,
        "confusion_matrix": [
            [
                4069,
                105,
                470
            ],
            [
                1830,
                2000,
                2068
            ],
            [
                32,
                6,
                169
            ]
        ],
        "classification_report": "              precision    recall  f1-score   support\n\n     00 - 02       0.69      0.88      0.77      4644\n     03 - 09       0.95      0.34      0.50      5898\n     10 - 20       0.06      0.82      0.12       207\n\n    accuracy                           0.58     10749\n   macro avg       0.57      0.68      0.46     10749\nweighted avg       0.82      0.58      0.61     10749\n",
        "feature_importances": {
            "time_in_month": 0.40828345179454645,
            "time_in_hour": 0.0069092653644253965,
            "time_in_weekday": -0.18901956563979855,
            "requires_power": -0.023426187624054105,
            "time_in_business_day": 0.02196624850518936,
            "time_in_week_of_year": -0.4010781198202219,
            "time_in_week_of_month": 0.04463320006540917,
            "nominal_length_NOM20": 0.25009785045598626,
            "nominal_length_NOM40": 0.1565116299938071,
            "nominal_length_NOM45": -0.35024264958272,
            "freight_kind_FCL": 0.14157241643489935,
            "freight_kind_MTY": -0.08520558556573193,
            "category_EXPRT": -1.6014595480992615,
            "category_IMPRT": 0.6736886651285567,
            "category_STRGE": -0.8855697682996198,
            "category_THRGH": 3.1743500509310394,
            "category_TRSHP": -1.304642568794377
        },
        "elapsed_time_minutes": null
    },
    "dataset_name": "subset_base.csv"
}