{
    "model_type": "LogisticRegression",
    "bins": [
        0,
        5,
        11,
        21
    ],
    "scaled": false,
    "tuned": false,
    "stratified_split_testing": true,
    "week": 3,
    "month": 2,
    "metrics": {
        "accuracy": 0.8112225221750867,
        "precision": 0.5101484163610266,
        "recall": 0.5460733004192179,
        "f1_score": 0.5247839082758222,
        "matthews_corrcoef": 0.5732661029007405,
        "cohen_kappa_score": 0.568546097164008,
        "roc_auc_score": 0.8463862939481323,
        "log_loss": 0.4645104697882196,
        "confusion_matrix": [
            [
                6252,
                1118,
                0
            ],
            [
                575,
                2162,
                0
            ],
            [
                106,
                159,
                0
            ]
        ],
        "classification_report": "              precision    recall  f1-score   support\n\n     00 - 04       0.90      0.85      0.87      7370\n     05 - 10       0.63      0.79      0.70      2737\n     11 - 20       0.00      0.00      0.00       265\n\n    accuracy                           0.81     10372\n   macro avg       0.51      0.55      0.52     10372\nweighted avg       0.81      0.81      0.81     10372\n",
        "feature_importances": {
            "time_in_month": -0.7532062678848626,
            "time_in_hour": 0.02776335052739076,
            "time_in_weekday": -0.2067376373626719,
            "requires_power": -0.023534379253708826,
            "time_in_business_day": -0.09585624676167447,
            "time_in_week_of_year": 0.7965254028679309,
            "time_in_week_of_month": -0.08879315878783081,
            "nominal_length_NOM20": 0.5287012844999002,
            "nominal_length_NOM40": 0.5607023675516347,
            "nominal_length_NOM45": -0.5478762067644799,
            "freight_kind_FCL": 0.3661919991069766,
            "freight_kind_MTY": 0.17533544618021443,
            "category_EXPRT": -0.8911922926295782,
            "category_IMPRT": 0.7713653783245867,
            "category_STRGE": -1.0934196939928738,
            "category_THRGH": 2.8698121873048867,
            "category_TRSHP": -1.1150381337188522
        },
        "elapsed_time_minutes": null
    },
    "dataset_name": "subset_base.csv"
}