{
    "model_type": "LogisticRegression",
    "bins": [
        0,
        3,
        11,
        21
    ],
    "scaled": true,
    "tuned": false,
    "stratified_split_testing": true,
    "week": 2,
    "month": 3,
    "metrics": {
        "accuracy": 0.6861815004368993,
        "precision": 0.5662308574289912,
        "recall": 0.7173396586395592,
        "f1_score": 0.5191595767692779,
        "matthews_corrcoef": 0.5073968191602748,
        "cohen_kappa_score": 0.4745311381785857,
        "roc_auc_score": 0.8378905661274985,
        "log_loss": 0.879952494436129,
        "confusion_matrix": [
            [
                2835,
                324,
                261
            ],
            [
                771,
                2624,
                1145
            ],
            [
                0,
                13,
                38
            ]
        ],
        "classification_report": "              precision    recall  f1-score   support\n\n     00 - 02       0.79      0.83      0.81      3420\n     03 - 10       0.89      0.58      0.70      4540\n     11 - 20       0.03      0.75      0.05        51\n\n    accuracy                           0.69      8011\n   macro avg       0.57      0.72      0.52      8011\nweighted avg       0.84      0.69      0.74      8011\n",
        "feature_importances": {
            "time_in_month": 0.49285414105412034,
            "time_in_hour": 0.010599195886274898,
            "time_in_weekday": -0.22216542417689442,
            "requires_power": -0.024030537436527843,
            "time_in_business_day": 0.004298558427466231,
            "time_in_week_of_year": -0.4932813327295102,
            "time_in_week_of_month": 0.05692738106202435,
            "nominal_length_NOM20": 0.23787455215954112,
            "nominal_length_NOM40": 0.12611885233419176,
            "nominal_length_NOM45": -0.3222250111768919,
            "freight_kind_FCL": 0.16706942923145973,
            "freight_kind_MTY": -0.1253010359151524,
            "category_EXPRT": -1.5056046280006508,
            "category_IMPRT": 0.6837849850202687,
            "category_STRGE": -0.9111982669603957,
            "category_THRGH": 3.05506683453988,
            "category_TRSHP": -1.2802805312817207
        },
        "elapsed_time_minutes": null
    },
    "dataset_name": "subset_base.csv"
}