{
    "model_type": "LogisticRegression",
    "bins": [
        0,
        4,
        10,
        21
    ],
    "scaled": true,
    "tuned": false,
    "stratified_split_testing": false,
    "week": 2,
    "month": 1,
    "metrics": {
        "accuracy": 0.7049958135640525,
        "precision": 0.5834471750429784,
        "recall": 0.7262598812927998,
        "f1_score": 0.5508450452620614,
        "matthews_corrcoef": 0.4943919490178493,
        "cohen_kappa_score": 0.4757724859400154,
        "roc_auc_score": 0.8174631784016659,
        "log_loss": 0.8558109927392288,
        "confusion_matrix": [
            [
                5004,
                535,
                852
            ],
            [
                895,
                2405,
                851
            ],
            [
                32,
                6,
                169
            ]
        ],
        "classification_report": "              precision    recall  f1-score   support\n\n     00 - 03       0.84      0.78      0.81      6391\n     04 - 09       0.82      0.58      0.68      4151\n     10 - 20       0.09      0.82      0.16       207\n\n    accuracy                           0.70     10749\n   macro avg       0.58      0.73      0.55     10749\nweighted avg       0.82      0.70      0.75     10749\n",
        "feature_importances": {
            "time_in_month": 0.12632951795487068,
            "time_in_hour": 0.021336713741323333,
            "time_in_weekday": -0.22887550455066288,
            "requires_power": -0.0222701564453958,
            "time_in_business_day": -0.06614492655416752,
            "time_in_week_of_year": -0.1191364862372472,
            "time_in_week_of_month": 0.012093886987111963,
            "nominal_length_NOM20": 0.2055579298778232,
            "nominal_length_NOM40": 0.14477058556597225,
            "nominal_length_NOM45": -0.1870574247979287,
            "freight_kind_FCL": 0.16724270225770593,
            "freight_kind_MTY": -0.0039716116127430715,
            "category_EXPRT": -1.297005883594337,
            "category_IMPRT": 0.5841525236610846,
            "category_STRGE": -1.1571684675913583,
            "category_THRGH": 3.352940789100348,
            "category_TRSHP": -1.319647870927022
        },
        "elapsed_time_minutes": null
    },
    "dataset_name": "subset_base.csv"
}