{
    "model_type": "LogisticRegression",
    "bins": [
        0,
        6,
        11,
        21
    ],
    "scaled": true,
    "tuned": false,
    "stratified_split_testing": true,
    "week": 4,
    "month": 1,
    "metrics": {
        "accuracy": 0.6108066532064225,
        "precision": 0.511751028371031,
        "recall": 0.6779002073999715,
        "f1_score": 0.5181509538663472,
        "matthews_corrcoef": 0.34988787330920545,
        "cohen_kappa_score": 0.3126283579759097,
        "roc_auc_score": 0.7875171408437485,
        "log_loss": 0.9418721888513999,
        "confusion_matrix": [
            [
                4414,
                2558,
                510
            ],
            [
                328,
                1621,
                573
            ],
            [
                31,
                48,
                318
            ]
        ],
        "classification_report": "              precision    recall  f1-score   support\n\n     00 - 05       0.92      0.59      0.72      7482\n     06 - 10       0.38      0.64      0.48      2522\n     11 - 20       0.23      0.80      0.35       397\n\n    accuracy                           0.61     10401\n   macro avg       0.51      0.68      0.52     10401\nweighted avg       0.77      0.61      0.65     10401\n",
        "feature_importances": {
            "time_in_month": -0.3490594027516738,
            "time_in_hour": 0.03530493057566562,
            "time_in_weekday": -0.1549875152927603,
            "requires_power": -0.014908309370436433,
            "time_in_business_day": -0.11452224673301832,
            "time_in_week_of_year": 0.38163869324056826,
            "time_in_week_of_month": -0.04393015580388635,
            "nominal_length_NOM20": 0.1436993330526257,
            "nominal_length_NOM40": 0.12067999540219941,
            "nominal_length_NOM45": 0.06298120557157229,
            "freight_kind_FCL": 0.21543235666654503,
            "freight_kind_MTY": 0.11192817736122566,
            "category_EXPRT": -1.072841892264854,
            "category_IMPRT": 0.5109427753577462,
            "category_STRGE": -1.4368514166445037,
            "category_THRGH": 3.6997097497163356,
            "category_TRSHP": -1.3735986821360766
        },
        "elapsed_time_minutes": null
    },
    "dataset_name": "subset_base.csv"
}