{
    "model_type": "LogisticRegression",
    "bins": [
        0,
        6,
        11,
        21
    ],
    "scaled": false,
    "tuned": false,
    "stratified_split_testing": true,
    "week": 3,
    "month": 1,
    "metrics": {
        "accuracy": 0.6899889380530974,
        "precision": 0.3693636746734092,
        "recall": 0.36080334027808747,
        "f1_score": 0.35073199119962073,
        "matthews_corrcoef": 0.11382621642473545,
        "cohen_kappa_score": 0.10063681492252918,
        "roc_auc_score": 0.7418359614068272,
        "log_loss": 0.5609419879986112,
        "confusion_matrix": [
            [
                4653,
                493,
                0
            ],
            [
                1554,
                337,
                0
            ],
            [
                121,
                74,
                0
            ]
        ],
        "classification_report": "              precision    recall  f1-score   support\n\n     00 - 05       0.74      0.90      0.81      5146\n     06 - 10       0.37      0.18      0.24      1891\n     11 - 20       0.00      0.00      0.00       195\n\n    accuracy                           0.69      7232\n   macro avg       0.37      0.36      0.35      7232\nweighted avg       0.62      0.69      0.64      7232\n",
        "feature_importances": {
            "time_in_month": -0.4695697439831291,
            "time_in_hour": 0.03566963310504694,
            "time_in_weekday": -0.13904892915898356,
            "requires_power": -0.016654984076471924,
            "time_in_business_day": -0.09447255155248445,
            "time_in_week_of_year": 0.5235571278442986,
            "time_in_week_of_month": -0.060420212224047434,
            "nominal_length_NOM20": 0.36558841818014026,
            "nominal_length_NOM40": 0.4317910860740215,
            "nominal_length_NOM45": -0.024921934481327533,
            "freight_kind_FCL": 0.44489431202170415,
            "freight_kind_MTY": 0.3275632577512041,
            "category_EXPRT": -0.7253476487658276,
            "category_IMPRT": 0.8540309933839084,
            "category_STRGE": -1.073086580643316,
            "category_THRGH": 2.7220446205750854,
            "category_TRSHP": -1.0051838147771675
        },
        "elapsed_time_minutes": null
    },
    "dataset_name": "subset_base.csv"
}