{
    "model_type": "LogisticRegression",
    "bins": [
        0,
        3,
        9,
        21
    ],
    "scaled": false,
    "tuned": false,
    "stratified_split_testing": false,
    "week": 1,
    "month": 3,
    "metrics": {
        "accuracy": 0.7396745932415519,
        "precision": 0.5108821158563414,
        "recall": 0.5292250921150173,
        "f1_score": 0.5171975542558224,
        "matthews_corrcoef": 0.526872853133455,
        "cohen_kappa_score": 0.5214583555538866,
        "roc_auc_score": 0.8266927884692827,
        "log_loss": 0.640319609627906,
        "confusion_matrix": [
            [
                3528,
                296,
                203
            ],
            [
                1196,
                2971,
                29
            ],
            [
                37,
                527,
                2
            ]
        ],
        "classification_report": "              precision    recall  f1-score   support\n\n     00 - 02       0.74      0.88      0.80      4027\n     03 - 08       0.78      0.71      0.74      4196\n     09 - 20       0.01      0.00      0.01       566\n\n    accuracy                           0.74      8789\n   macro avg       0.51      0.53      0.52      8789\nweighted avg       0.71      0.74      0.72      8789\n",
        "feature_importances": {
            "time_in_month": -0.05620105046612966,
            "time_in_hour": 0.020118042866653207,
            "time_in_weekday": -0.15577282088576244,
            "requires_power": -0.016007423555284228,
            "time_in_business_day": 0.027734936157226858,
            "time_in_week_of_year": 0.07305161351209863,
            "time_in_week_of_month": -0.005104811572985303,
            "nominal_length_NOM20": 0.2805874620318322,
            "nominal_length_NOM40": 0.233671603207014,
            "nominal_length_NOM45": -0.34588141119209864,
            "freight_kind_FCL": 0.17806525459484057,
            "freight_kind_MTY": -0.009687600548087778,
            "category_EXPRT": -1.4989269664750966,
            "category_IMPRT": 0.8843210378829292,
            "category_STRGE": -0.6412854539869739,
            "category_THRGH": 2.488983440719188,
            "category_TRSHP": -1.06471440409362
        },
        "elapsed_time_minutes": null
    },
    "dataset_name": "subset_base.csv"
}