{
    "model_type": "LogisticRegression",
    "bins": [
        0,
        4,
        9,
        21
    ],
    "scaled": false,
    "tuned": false,
    "stratified_split_testing": true,
    "week": 1,
    "month": 1,
    "metrics": {
        "accuracy": 0.7453004622496148,
        "precision": 0.4879782293858767,
        "recall": 0.5069643863840931,
        "f1_score": 0.4971832252735699,
        "matthews_corrcoef": 0.4889931998790654,
        "cohen_kappa_score": 0.4868462856378072,
        "roc_auc_score": 0.7959421389933747,
        "log_loss": 0.6428784442242618,
        "confusion_matrix": [
            [
                3213,
                579,
                5
            ],
            [
                770,
                1624,
                13
            ],
            [
                68,
                218,
                0
            ]
        ],
        "classification_report": "              precision    recall  f1-score   support\n\n     00 - 03       0.79      0.85      0.82      3797\n     04 - 08       0.67      0.67      0.67      2407\n     09 - 20       0.00      0.00      0.00       286\n\n    accuracy                           0.75      6490\n   macro avg       0.49      0.51      0.50      6490\nweighted avg       0.71      0.75      0.73      6490\n",
        "feature_importances": {
            "time_in_month": -0.20121024824576847,
            "time_in_hour": 0.02042964565029142,
            "time_in_weekday": -0.202831422628163,
            "requires_power": -0.019743260790255287,
            "time_in_business_day": -0.07058522515668213,
            "time_in_week_of_year": 0.2167944366745834,
            "time_in_week_of_month": -0.014642738543389744,
            "nominal_length_NOM20": 0.3417431775440864,
            "nominal_length_NOM40": 0.3484038542425843,
            "nominal_length_NOM45": -0.29625465126046185,
            "freight_kind_FCL": 0.2681963566703961,
            "freight_kind_MTY": 0.1256960238557912,
            "category_EXPRT": -1.2128253672548068,
            "category_IMPRT": 0.7775072995232634,
            "category_STRGE": -0.8948171446496493,
            "category_THRGH": 2.782055014882449,
            "category_TRSHP": -1.058027421974874
        },
        "elapsed_time_minutes": null
    },
    "dataset_name": "subset_base.csv"
}