{
    "model_type": "LogisticRegression",
    "bins": [
        0,
        6,
        10,
        21
    ],
    "scaled": true,
    "tuned": false,
    "stratified_split_testing": true,
    "week": 2,
    "month": 2,
    "metrics": {
        "accuracy": 0.659447194719472,
        "precision": 0.4998452910922793,
        "recall": 0.5793734369813367,
        "f1_score": 0.49079099105055796,
        "matthews_corrcoef": 0.4044266154370116,
        "cohen_kappa_score": 0.35956354565386783,
        "roc_auc_score": 0.7980180835285974,
        "log_loss": 0.8364105762335612,
        "confusion_matrix": [
            [
                4964,
                1463,
                1031
            ],
            [
                93,
                1278,
                462
            ],
            [
                27,
                226,
                152
            ]
        ],
        "classification_report": "              precision    recall  f1-score   support\n\n     00 - 05       0.98      0.67      0.79      7458\n     06 - 09       0.43      0.70      0.53      1833\n     10 - 20       0.09      0.38      0.15       405\n\n    accuracy                           0.66      9696\n   macro avg       0.50      0.58      0.49      9696\nweighted avg       0.84      0.66      0.72      9696\n",
        "feature_importances": {
            "time_in_month": -0.3515905121368305,
            "time_in_hour": 0.029255603389666453,
            "time_in_weekday": -0.13056303988788995,
            "requires_power": -0.013720769088811277,
            "time_in_business_day": -0.10213282245614004,
            "time_in_week_of_year": 0.3899619332923007,
            "time_in_week_of_month": -0.045526032169504536,
            "nominal_length_NOM20": 0.1441761872540104,
            "nominal_length_NOM40": 0.1398625470497785,
            "nominal_length_NOM45": 0.05573834527104383,
            "freight_kind_FCL": 0.18900394007034912,
            "freight_kind_MTY": 0.1507731395035228,
            "category_EXPRT": -1.1433715765302994,
            "category_IMPRT": 0.5343222876911382,
            "category_STRGE": -1.384227050091578,
            "category_THRGH": 3.6832084241529217,
            "category_TRSHP": -1.35015500564831
        },
        "elapsed_time_minutes": null
    },
    "dataset_name": "subset_base.csv"
}