{
    "model_type": "LogisticRegression",
    "bins": [
        0,
        4,
        11,
        21
    ],
    "scaled": false,
    "tuned": false,
    "stratified_split_testing": false,
    "week": 2,
    "month": 1,
    "metrics": {
        "accuracy": 0.7831426179179458,
        "precision": 0.5161647275850454,
        "recall": 0.5281438851725705,
        "f1_score": 0.5213787168834746,
        "matthews_corrcoef": 0.5620623591404424,
        "cohen_kappa_score": 0.5605525347147257,
        "roc_auc_score": 0.83109745543895,
        "log_loss": 0.5507152918738543,
        "confusion_matrix": [
            [
                5130,
                1260,
                1
            ],
            [
                917,
                3288,
                1
            ],
            [
                50,
                102,
                0
            ]
        ],
        "classification_report": "              precision    recall  f1-score   support\n\n     00 - 03       0.84      0.80      0.82      6391\n     04 - 10       0.71      0.78      0.74      4206\n     11 - 20       0.00      0.00      0.00       152\n\n    accuracy                           0.78     10749\n   macro avg       0.52      0.53      0.52     10749\nweighted avg       0.78      0.78      0.78     10749\n",
        "feature_importances": {
            "time_in_month": 0.07577327710829505,
            "time_in_hour": 0.022833951771108734,
            "time_in_weekday": -0.2482795937689068,
            "requires_power": -0.03542570868468947,
            "time_in_business_day": -0.05647720516091211,
            "time_in_week_of_year": -0.05443051929186151,
            "time_in_week_of_month": 0.004546487809866925,
            "nominal_length_NOM20": 0.4246040925563335,
            "nominal_length_NOM40": 0.4093034664563956,
            "nominal_length_NOM45": -0.38516321244256435,
            "freight_kind_FCL": 0.35095380341909355,
            "freight_kind_MTY": 0.09779054315115338,
            "category_EXPRT": -1.0112585842022996,
            "category_IMPRT": 0.7791226652289758,
            "category_STRGE": -0.9677984141769935,
            "category_THRGH": 2.752221703262201,
            "category_TRSHP": -1.103543023541382
        },
        "elapsed_time_minutes": null
    },
    "dataset_name": "subset_base.csv"
}