{
    "model_type": "LogisticRegression",
    "bins": [
        0,
        3,
        9,
        21
    ],
    "scaled": true,
    "tuned": false,
    "stratified_split_testing": true,
    "week": 4,
    "month": 1,
    "metrics": {
        "accuracy": 0.528987597346409,
        "precision": 0.584642172686719,
        "recall": 0.6603772573532921,
        "f1_score": 0.48847767428278893,
        "matthews_corrcoef": 0.3990071213364848,
        "cohen_kappa_score": 0.33021122773140754,
        "roc_auc_score": 0.8424832833157301,
        "log_loss": 0.8825981577476931,
        "confusion_matrix": [
            [
                2973,
                46,
                655
            ],
            [
                1725,
                1911,
                2367
            ],
            [
                75,
                31,
                618
            ]
        ],
        "classification_report": "              precision    recall  f1-score   support\n\n     00 - 02       0.62      0.81      0.70      3674\n     03 - 08       0.96      0.32      0.48      6003\n     09 - 20       0.17      0.85      0.28       724\n\n    accuracy                           0.53     10401\n   macro avg       0.58      0.66      0.49     10401\nweighted avg       0.79      0.53      0.54     10401\n",
        "feature_importances": {
            "time_in_month": 0.30055919858107716,
            "time_in_hour": 0.00907128394391064,
            "time_in_weekday": -0.17298679754705185,
            "requires_power": -0.016958418201813676,
            "time_in_business_day": 0.023483615776243534,
            "time_in_week_of_year": -0.2910776350906203,
            "time_in_week_of_month": 0.039891156628622686,
            "nominal_length_NOM20": 0.23283677090246938,
            "nominal_length_NOM40": 0.1501612979672136,
            "nominal_length_NOM45": -0.3097087114186268,
            "freight_kind_FCL": 0.13475249538344783,
            "freight_kind_MTY": -0.061463137932322456,
            "category_EXPRT": -1.6792958531294875,
            "category_IMPRT": 0.7132943102470956,
            "category_STRGE": -0.7920014672397943,
            "category_THRGH": 3.0610257570591752,
            "category_TRSHP": -1.2297333894870108
        },
        "elapsed_time_minutes": null
    },
    "dataset_name": "subset_base.csv"
}