{
    "model_type": "LogisticRegression",
    "bins": [
        0,
        6,
        10,
        21
    ],
    "scaled": true,
    "tuned": false,
    "stratified_split_testing": false,
    "week": 4,
    "month": 1,
    "metrics": {
        "accuracy": 0.6186905105278339,
        "precision": 0.5336566312587401,
        "recall": 0.6813549683469239,
        "f1_score": 0.5453761288019324,
        "matthews_corrcoef": 0.3682667940826529,
        "cohen_kappa_score": 0.3286786521119631,
        "roc_auc_score": 0.8007039219286872,
        "log_loss": 0.9283383134769819,
        "confusion_matrix": [
            [
                4414,
                2600,
                468
            ],
            [
                317,
                1623,
                469
            ],
            [
                42,
                70,
                398
            ]
        ],
        "classification_report": "              precision    recall  f1-score   support\n\n     00 - 05       0.92      0.59      0.72      7482\n     06 - 09       0.38      0.67      0.48      2409\n     10 - 20       0.30      0.78      0.43       510\n\n    accuracy                           0.62     10401\n   macro avg       0.53      0.68      0.55     10401\nweighted avg       0.77      0.62      0.65     10401\n",
        "feature_importances": {
            "time_in_month": -0.4474837635666104,
            "time_in_hour": 0.03312570358395534,
            "time_in_weekday": -0.1409338190326418,
            "requires_power": -0.007451654249291556,
            "time_in_business_day": -0.1101320568113976,
            "time_in_week_of_year": 0.48148427950282463,
            "time_in_week_of_month": -0.05905143838149764,
            "nominal_length_NOM20": 0.1487536176611398,
            "nominal_length_NOM40": 0.13593581879070085,
            "nominal_length_NOM45": 0.0552144786471008,
            "freight_kind_FCL": 0.19148178067434143,
            "freight_kind_MTY": 0.148422134426374,
            "category_EXPRT": -1.1389267254063489,
            "category_IMPRT": 0.5364936871332819,
            "category_STRGE": -1.3805890975293809,
            "category_THRGH": 3.681053919801104,
            "category_TRSHP": -1.3581278688978546
        },
        "elapsed_time_minutes": null
    },
    "dataset_name": "subset_base.csv"
}