{
    "model_type": "NaiveBayes",
    "bins": [
        0,
        3,
        11,
        21
    ],
    "scaled": true,
    "tuned": false,
    "stratified_split_testing": true,
    "week": 1,
    "month": 2,
    "metrics": {
        "accuracy": 0.011437246963562754,
        "precision": 0.33590707440143586,
        "recall": 0.3366487455197133,
        "f1_score": 0.011673563941745903,
        "matthews_corrcoef": 0.03953788348531068,
        "cohen_kappa_score": 0.0023853522179334563,
        "roc_auc_score": 0.5781484641914949,
        "log_loss": 9.261971652294216,
        "confusion_matrix": [
            [
                37,
                0,
                3683
            ],
            [
                0,
                0,
                6084
            ],
            [
                0,
                0,
                76
            ]
        ],
        "classification_report": "              precision    recall  f1-score   support\n\n     00 - 02       1.00      0.01      0.02      3720\n     03 - 10       0.00      0.00      0.00      6084\n     11 - 20       0.01      1.00      0.02        76\n\n    accuracy                           0.01      9880\n   macro avg       0.34      0.34      0.01      9880\nweighted avg       0.38      0.01      0.01      9880\n",
        "feature_importances": null,
        "elapsed_time_minutes": null
    },
    "dataset_name": "subset_base.csv"
}