{
    "model_type": "NaiveBayes",
    "bins": [
        0,
        6,
        9,
        21
    ],
    "scaled": false,
    "tuned": false,
    "stratified_split_testing": true,
    "week": 4,
    "month": 2,
    "metrics": {
        "accuracy": 0.08053564692568842,
        "precision": 0.3552745041678644,
        "recall": 0.34013356136493195,
        "f1_score": 0.05450078483602861,
        "matthews_corrcoef": 0.04287151012433172,
        "cohen_kappa_score": 0.004990350314825642,
        "roc_auc_score": 0.6736033846858384,
        "log_loss": 6.473975581468891,
        "confusion_matrix": [
            [
                167,
                0,
                8019
            ],
            [
                0,
                0,
                1731
            ],
            [
                0,
                0,
                687
            ]
        ],
        "classification_report": "              precision    recall  f1-score   support\n\n     00 - 05       1.00      0.02      0.04      8186\n     06 - 08       0.00      0.00      0.00      1731\n     09 - 20       0.07      1.00      0.12       687\n\n    accuracy                           0.08     10604\n   macro avg       0.36      0.34      0.05     10604\nweighted avg       0.78      0.08      0.04     10604\n",
        "feature_importances": null,
        "elapsed_time_minutes": null
    },
    "dataset_name": "subset_base.csv"
}