{
    "model_type": "NaiveBayes",
    "bins": [
        0,
        6,
        11,
        21
    ],
    "scaled": false,
    "tuned": false,
    "stratified_split_testing": false,
    "week": 3,
    "month": 1,
    "metrics": {
        "accuracy": 0.04341814159292035,
        "precision": 0.47064051629269016,
        "recall": 0.27874061705336034,
        "f1_score": 0.06172657145200916,
        "matthews_corrcoef": 0.01134420200618123,
        "cohen_kappa_score": 0.0025615108296619393,
        "roc_auc_score": 0.6270141464137321,
        "log_loss": 6.180426964830425,
        "confusion_matrix": [
            [
                4,
                207,
                4935
            ],
            [
                0,
                164,
                1727
            ],
            [
                0,
                49,
                146
            ]
        ],
        "classification_report": "              precision    recall  f1-score   support\n\n     00 - 05       1.00      0.00      0.00      5146\n     06 - 10       0.39      0.09      0.14      1891\n     11 - 20       0.02      0.75      0.04       195\n\n    accuracy                           0.04      7232\n   macro avg       0.47      0.28      0.06      7232\nweighted avg       0.81      0.04      0.04      7232\n",
        "feature_importances": null,
        "elapsed_time_minutes": null
    },
    "dataset_name": "subset_base.csv"
}