{
    "model_type": "NaiveBayes",
    "bins": [
        0,
        6,
        12,
        21
    ],
    "scaled": false,
    "tuned": false,
    "stratified_split_testing": true,
    "week": 1,
    "month": 1,
    "metrics": {
        "accuracy": 0.058243451463790445,
        "precision": 0.5317711811653656,
        "recall": 0.38092262492052004,
        "f1_score": 0.09248509273215594,
        "matthews_corrcoef": 0.10369117691637862,
        "cohen_kappa_score": 0.021493366426743155,
        "roc_auc_score": 0.8166364278338443,
        "log_loss": 5.24102508920205,
        "confusion_matrix": [
            [
                110,
                117,
                4833
            ],
            [
                0,
                160,
                1162
            ],
            [
                0,
                0,
                108
            ]
        ],
        "classification_report": "              precision    recall  f1-score   support\n\n     00 - 05       1.00      0.02      0.04      5060\n     06 - 11       0.58      0.12      0.20      1322\n     12 - 20       0.02      1.00      0.03       108\n\n    accuracy                           0.06      6490\n   macro avg       0.53      0.38      0.09      6490\nweighted avg       0.90      0.06      0.07      6490\n",
        "feature_importances": null,
        "elapsed_time_minutes": null
    },
    "dataset_name": "subset_base.csv"
}