{
    "model_type": "NaiveBayes",
    "bins": [
        0,
        3,
        9,
        21
    ],
    "scaled": true,
    "tuned": false,
    "stratified_split_testing": true,
    "week": 3,
    "month": 1,
    "metrics": {
        "accuracy": 0.053373893805309734,
        "precision": 0.35095000922339054,
        "recall": 0.33387053451517595,
        "f1_score": 0.03453741301705671,
        "matthews_corrcoef": 0.016454552948565453,
        "cohen_kappa_score": 0.00041444919121025325,
        "roc_auc_score": 0.5791999336818466,
        "log_loss": 9.583310169935096,
        "confusion_matrix": [
            [
                4,
                0,
                2478
            ],
            [
                0,
                0,
                4368
            ],
            [
                0,
                0,
                382
            ]
        ],
        "classification_report": "              precision    recall  f1-score   support\n\n     00 - 02       1.00      0.00      0.00      2482\n     03 - 08       0.00      0.00      0.00      4368\n     09 - 20       0.05      1.00      0.10       382\n\n    accuracy                           0.05      7232\n   macro avg       0.35      0.33      0.03      7232\nweighted avg       0.35      0.05      0.01      7232\n",
        "feature_importances": null,
        "elapsed_time_minutes": null
    },
    "dataset_name": "subset_base.csv"
}