{
    "model_type": "NaiveBayes",
    "bins": [
        0,
        3,
        12,
        21
    ],
    "scaled": false,
    "tuned": false,
    "stratified_split_testing": true,
    "week": 3,
    "month": 1,
    "metrics": {
        "accuracy": 0.025995575221238937,
        "precision": 0.2851468400504444,
        "recall": 0.34165995165189367,
        "f1_score": 0.027703225884073743,
        "matthews_corrcoef": 0.05352419253403719,
        "cohen_kappa_score": 0.005350645756010852,
        "roc_auc_score": 0.559977019870753,
        "log_loss": 6.7421449935211974,
        "confusion_matrix": [
            [
                62,
                0,
                2420
            ],
            [
                12,
                0,
                4612
            ],
            [
                0,
                0,
                126
            ]
        ],
        "classification_report": "              precision    recall  f1-score   support\n\n     00 - 02       0.84      0.02      0.05      2482\n     03 - 11       0.00      0.00      0.00      4624\n     12 - 20       0.02      1.00      0.03       126\n\n    accuracy                           0.03      7232\n   macro avg       0.29      0.34      0.03      7232\nweighted avg       0.29      0.03      0.02      7232\n",
        "feature_importances": null,
        "elapsed_time_minutes": null
    },
    "dataset_name": "subset_base.csv"
}