{
    "model_type": "NaiveBayes",
    "bins": [
        0,
        6,
        12,
        21
    ],
    "scaled": false,
    "tuned": false,
    "stratified_split_testing": false,
    "week": 3,
    "month": 1,
    "metrics": {
        "accuracy": 0.0702433628318584,
        "precision": 0.4846181166155517,
        "recall": 0.24687663682305847,
        "f1_score": 0.10653597361688487,
        "matthews_corrcoef": 0.05614482415643656,
        "cohen_kappa_score": 0.01870420276908502,
        "roc_auc_score": 0.6270722541629319,
        "log_loss": 5.863778614945383,
        "confusion_matrix": [
            [
                4,
                490,
                4652
            ],
            [
                0,
                439,
                1521
            ],
            [
                0,
                61,
                65
            ]
        ],
        "classification_report": "              precision    recall  f1-score   support\n\n     00 - 05       1.00      0.00      0.00      5146\n     06 - 11       0.44      0.22      0.30      1960\n     12 - 20       0.01      0.52      0.02       126\n\n    accuracy                           0.07      7232\n   macro avg       0.48      0.25      0.11      7232\nweighted avg       0.83      0.07      0.08      7232\n",
        "feature_importances": null,
        "elapsed_time_minutes": null
    },
    "dataset_name": "subset_base.csv"
}