{
    "model_type": "NaiveBayes",
    "bins": [
        0,
        6,
        11,
        21
    ],
    "scaled": false,
    "tuned": false,
    "stratified_split_testing": false,
    "week": 2,
    "month": 3,
    "metrics": {
        "accuracy": 0.010735239046311322,
        "precision": 0.335464727515881,
        "recall": 0.3350502820701496,
        "f1_score": 0.007652005131777371,
        "matthews_corrcoef": 0.014546907941756924,
        "cohen_kappa_score": 0.0006979999848892859,
        "roc_auc_score": 0.6993846046961049,
        "log_loss": 7.426898848806951,
        "confusion_matrix": [
            [
                35,
                0,
                6760
            ],
            [
                0,
                0,
                1165
            ],
            [
                0,
                0,
                51
            ]
        ],
        "classification_report": "              precision    recall  f1-score   support\n\n     00 - 05       1.00      0.01      0.01      6795\n     06 - 10       0.00      0.00      0.00      1165\n     11 - 20       0.01      1.00      0.01        51\n\n    accuracy                           0.01      8011\n   macro avg       0.34      0.34      0.01      8011\nweighted avg       0.85      0.01      0.01      8011\n",
        "feature_importances": null,
        "elapsed_time_minutes": null
    },
    "dataset_name": "subset_base.csv"
}