{
    "model_type": "NaiveBayes",
    "bins": [
        0,
        3,
        10,
        21
    ],
    "scaled": false,
    "tuned": false,
    "stratified_split_testing": true,
    "week": 2,
    "month": 2,
    "metrics": {
        "accuracy": 0.04476072607260726,
        "precision": 0.2153814262023217,
        "recall": 0.3357725628732442,
        "f1_score": 0.03167773255002042,
        "matthews_corrcoef": 0.0162627704750629,
        "cohen_kappa_score": 0.0012278296669271382,
        "roc_auc_score": 0.6033665397690481,
        "log_loss": 6.901329323313553,
        "confusion_matrix": [
            [
                29,
                0,
                3934
            ],
            [
                19,
                0,
                5309
            ],
            [
                0,
                0,
                405
            ]
        ],
        "classification_report": "              precision    recall  f1-score   support\n\n     00 - 02       0.60      0.01      0.01      3963\n     03 - 09       0.00      0.00      0.00      5328\n     10 - 20       0.04      1.00      0.08       405\n\n    accuracy                           0.04      9696\n   macro avg       0.22      0.34      0.03      9696\nweighted avg       0.25      0.04      0.01      9696\n",
        "feature_importances": null,
        "elapsed_time_minutes": null
    },
    "dataset_name": "subset_base.csv"
}