{
    "model_type": "NaiveBayes",
    "bins": [
        0,
        6,
        12,
        21
    ],
    "scaled": false,
    "tuned": false,
    "stratified_split_testing": false,
    "week": 1,
    "month": 1,
    "metrics": {
        "accuracy": 0.07395993836671803,
        "precision": 0.5387830714665921,
        "recall": 0.4066412330899603,
        "f1_score": 0.1253276478518258,
        "matthews_corrcoef": 0.13546838839967465,
        "cohen_kappa_score": 0.033161565078097865,
        "roc_auc_score": 0.817600479682179,
        "log_loss": 5.177865639036199,
        "confusion_matrix": [
            [
                110,
                176,
                4774
            ],
            [
                0,
                262,
                1060
            ],
            [
                0,
                0,
                108
            ]
        ],
        "classification_report": "              precision    recall  f1-score   support\n\n     00 - 05       1.00      0.02      0.04      5060\n     06 - 11       0.60      0.20      0.30      1322\n     12 - 20       0.02      1.00      0.04       108\n\n    accuracy                           0.07      6490\n   macro avg       0.54      0.41      0.13      6490\nweighted avg       0.90      0.07      0.09      6490\n",
        "feature_importances": null,
        "elapsed_time_minutes": null
    },
    "dataset_name": "subset_base.csv"
}