{
    "model_type": "NaiveBayes",
    "bins": [
        0,
        3,
        10,
        21
    ],
    "scaled": true,
    "tuned": false,
    "stratified_split_testing": false,
    "week": 1,
    "month": 2,
    "metrics": {
        "accuracy": 0.012651821862348178,
        "precision": 0.33631345457008366,
        "recall": 0.3366487455197133,
        "f1_score": 0.012472950055766296,
        "matthews_corrcoef": 0.03955314467809337,
        "cohen_kappa_score": 0.00239286431746355,
        "roc_auc_score": 0.5733832957435138,
        "log_loss": 9.30384043638083,
        "confusion_matrix": [
            [
                37,
                0,
                3683
            ],
            [
                0,
                0,
                6072
            ],
            [
                0,
                0,
                88
            ]
        ],
        "classification_report": "              precision    recall  f1-score   support\n\n     00 - 02       1.00      0.01      0.02      3720\n     03 - 09       0.00      0.00      0.00      6072\n     10 - 20       0.01      1.00      0.02        88\n\n    accuracy                           0.01      9880\n   macro avg       0.34      0.34      0.01      9880\nweighted avg       0.38      0.01      0.01      9880\n",
        "feature_importances": null,
        "elapsed_time_minutes": null
    },
    "dataset_name": "subset_base.csv"
}