{
    "model_type": "NaiveBayes",
    "bins": [
        0,
        6,
        12,
        21
    ],
    "scaled": true,
    "tuned": false,
    "stratified_split_testing": true,
    "week": 2,
    "month": 1,
    "metrics": {
        "accuracy": 0.018978509628802678,
        "precision": 0.33711481967622975,
        "recall": 0.336348445219413,
        "f1_score": 0.013454304596675922,
        "matthews_corrcoef": 0.01954804796245945,
        "cohen_kappa_score": 0.00123890631787138,
        "roc_auc_score": 0.7743512631809061,
        "log_loss": 8.869342932275632,
        "confusion_matrix": [
            [
                83,
                0,
                9093
            ],
            [
                0,
                0,
                1452
            ],
            [
                0,
                0,
                121
            ]
        ],
        "classification_report": "              precision    recall  f1-score   support\n\n     00 - 05       1.00      0.01      0.02      9176\n     06 - 11       0.00      0.00      0.00      1452\n     12 - 20       0.01      1.00      0.02       121\n\n    accuracy                           0.02     10749\n   macro avg       0.34      0.34      0.01     10749\nweighted avg       0.85      0.02      0.02     10749\n",
        "feature_importances": null,
        "elapsed_time_minutes": null
    },
    "dataset_name": "subset_base.csv"
}