{
    "model_type": "NaiveBayes",
    "bins": [
        0,
        6,
        10,
        21
    ],
    "scaled": true,
    "tuned": false,
    "stratified_split_testing": false,
    "week": 2,
    "month": 1,
    "metrics": {
        "accuracy": 0.02697925388408224,
        "precision": 0.33980248765547844,
        "recall": 0.336348445219413,
        "f1_score": 0.0186681566640566,
        "matthews_corrcoef": 0.02046559486822707,
        "cohen_kappa_score": 0.0013124099733528016,
        "roc_auc_score": 0.7861737400866445,
        "log_loss": 9.107418336258434,
        "confusion_matrix": [
            [
                83,
                0,
                9093
            ],
            [
                0,
                0,
                1366
            ],
            [
                0,
                0,
                207
            ]
        ],
        "classification_report": "              precision    recall  f1-score   support\n\n     00 - 05       1.00      0.01      0.02      9176\n     06 - 09       0.00      0.00      0.00      1366\n     10 - 20       0.02      1.00      0.04       207\n\n    accuracy                           0.03     10749\n   macro avg       0.34      0.34      0.02     10749\nweighted avg       0.85      0.03      0.02     10749\n",
        "feature_importances": null,
        "elapsed_time_minutes": null
    },
    "dataset_name": "subset_base.csv"
}