{
    "model_type": "NaiveBayes",
    "bins": [
        0,
        3,
        10,
        21
    ],
    "scaled": false,
    "tuned": false,
    "stratified_split_testing": false,
    "week": 2,
    "month": 2,
    "metrics": {
        "accuracy": 0.0444513201320132,
        "precision": 0.2155356771441902,
        "recall": 0.3355202287829086,
        "f1_score": 0.03117114611108458,
        "matthews_corrcoef": 0.015419907325785966,
        "cohen_kappa_score": 0.0011019592885520568,
        "roc_auc_score": 0.6047957575650673,
        "log_loss": 6.818465427247711,
        "confusion_matrix": [
            [
                26,
                0,
                3937
            ],
            [
                17,
                0,
                5311
            ],
            [
                0,
                0,
                405
            ]
        ],
        "classification_report": "              precision    recall  f1-score   support\n\n     00 - 02       0.60      0.01      0.01      3963\n     03 - 09       0.00      0.00      0.00      5328\n     10 - 20       0.04      1.00      0.08       405\n\n    accuracy                           0.04      9696\n   macro avg       0.22      0.34      0.03      9696\nweighted avg       0.25      0.04      0.01      9696\n",
        "feature_importances": null,
        "elapsed_time_minutes": null
    },
    "dataset_name": "subset_base.csv"
}