{
    "model_type": "NaiveBayes",
    "bins": [
        0,
        3,
        12,
        21
    ],
    "scaled": true,
    "tuned": false,
    "stratified_split_testing": true,
    "week": 1,
    "month": 3,
    "metrics": {
        "accuracy": 0.02434861759016953,
        "precision": 0.33785804670424474,
        "recall": 0.3412796953894545,
        "f1_score": 0.02445091130923145,
        "matthews_corrcoef": 0.05773469487712222,
        "cohen_kappa_score": 0.006177691305454758,
        "roc_auc_score": 0.6146247428147765,
        "log_loss": 10.291095837662239,
        "confusion_matrix": [
            [
                96,
                0,
                3931
            ],
            [
                0,
                0,
                4644
            ],
            [
                0,
                0,
                118
            ]
        ],
        "classification_report": "              precision    recall  f1-score   support\n\n     00 - 02       1.00      0.02      0.05      4027\n     03 - 11       0.00      0.00      0.00      4644\n     12 - 20       0.01      1.00      0.03       118\n\n    accuracy                           0.02      8789\n   macro avg       0.34      0.34      0.02      8789\nweighted avg       0.46      0.02      0.02      8789\n",
        "feature_importances": null,
        "elapsed_time_minutes": null
    },
    "dataset_name": "subset_base.csv"
}