{
    "model_type": "NaiveBayes",
    "bins": [
        0,
        4,
        12,
        21
    ],
    "scaled": true,
    "tuned": false,
    "stratified_split_testing": false,
    "week": 3,
    "month": 2,
    "metrics": {
        "accuracy": 0.02227150019282684,
        "precision": 0.3384789644012945,
        "recall": 0.33702507306568225,
        "f1_score": 0.017437413675332802,
        "matthews_corrcoef": 0.03319609720219644,
        "cohen_kappa_score": 0.0027510459302931833,
        "roc_auc_score": 0.6402590781725713,
        "log_loss": 8.395226748055414,
        "confusion_matrix": [
            [
                72,
                0,
                6429
            ],
            [
                0,
                0,
                3712
            ],
            [
                0,
                0,
                159
            ]
        ],
        "classification_report": "              precision    recall  f1-score   support\n\n     00 - 03       1.00      0.01      0.02      6501\n     04 - 11       0.00      0.00      0.00      3712\n     12 - 20       0.02      1.00      0.03       159\n\n    accuracy                           0.02     10372\n   macro avg       0.34      0.34      0.02     10372\nweighted avg       0.63      0.02      0.01     10372\n",
        "feature_importances": null,
        "elapsed_time_minutes": null
    },
    "dataset_name": "subset_base.csv"
}