{
    "model_type": "NaiveBayes",
    "bins": [
        0,
        5,
        9,
        21
    ],
    "scaled": true,
    "tuned": false,
    "stratified_split_testing": true,
    "week": 2,
    "month": 2,
    "metrics": {
        "accuracy": 0.0688943894389439,
        "precision": 0.35491557028902937,
        "recall": 0.3355559001395565,
        "f1_score": 0.0449553551142682,
        "matthews_corrcoef": 0.02719314341160731,
        "cohen_kappa_score": 0.0018984291164951816,
        "roc_auc_score": 0.6271972446209128,
        "log_loss": 6.996653321923195,
        "confusion_matrix": [
            [
                43,
                0,
                6406
            ],
            [
                0,
                0,
                2622
            ],
            [
                0,
                0,
                625
            ]
        ],
        "classification_report": "              precision    recall  f1-score   support\n\n     00 - 04       1.00      0.01      0.01      6449\n     05 - 08       0.00      0.00      0.00      2622\n     09 - 20       0.06      1.00      0.12       625\n\n    accuracy                           0.07      9696\n   macro avg       0.35      0.34      0.04      9696\nweighted avg       0.67      0.07      0.02      9696\n",
        "feature_importances": null,
        "elapsed_time_minutes": null
    },
    "dataset_name": "subset_base.csv"
}