{
    "model_type": "NaiveBayes",
    "bins": [
        0,
        3,
        10,
        21
    ],
    "scaled": false,
    "tuned": false,
    "stratified_split_testing": true,
    "week": 3,
    "month": 2,
    "metrics": {
        "accuracy": 0.04039722329348245,
        "precision": 0.3445318315694081,
        "recall": 0.3381186496230744,
        "f1_score": 0.03110419678203223,
        "matthews_corrcoef": 0.04434415099879258,
        "cohen_kappa_score": 0.003967524324313798,
        "roc_auc_score": 0.5993547452632921,
        "log_loss": 6.7052720848380245,
        "confusion_matrix": [
            [
                73,
                0,
                5012
            ],
            [
                0,
                0,
                4941
            ],
            [
                0,
                0,
                346
            ]
        ],
        "classification_report": "              precision    recall  f1-score   support\n\n     00 - 02       1.00      0.01      0.03      5085\n     03 - 09       0.00      0.00      0.00      4941\n     10 - 20       0.03      1.00      0.07       346\n\n    accuracy                           0.04     10372\n   macro avg       0.34      0.34      0.03     10372\nweighted avg       0.49      0.04      0.02     10372\n",
        "feature_importances": null,
        "elapsed_time_minutes": null
    },
    "dataset_name": "subset_base.csv"
}