{
    "model_type": "NaiveBayes",
    "bins": [
        0,
        3,
        9,
        21
    ],
    "scaled": true,
    "tuned": false,
    "stratified_split_testing": false,
    "week": 1,
    "month": 2,
    "metrics": {
        "accuracy": 0.02186234817813765,
        "precision": 0.26218439615500794,
        "recall": 0.3396953405017921,
        "f1_score": 0.022148799193138977,
        "matthews_corrcoef": 0.04025088087040458,
        "cohen_kappa_score": 0.003886997680821347,
        "roc_auc_score": 0.5676375739591379,
        "log_loss": 9.319457931004587,
        "confusion_matrix": [
            [
                71,
                0,
                3649
            ],
            [
                21,
                0,
                5994
            ],
            [
                0,
                0,
                145
            ]
        ],
        "classification_report": "              precision    recall  f1-score   support\n\n     00 - 02       0.77      0.02      0.04      3720\n     03 - 08       0.00      0.00      0.00      6015\n     09 - 20       0.01      1.00      0.03       145\n\n    accuracy                           0.02      9880\n   macro avg       0.26      0.34      0.02      9880\nweighted avg       0.29      0.02      0.01      9880\n",
        "feature_importances": null,
        "elapsed_time_minutes": null
    },
    "dataset_name": "subset_base.csv"
}