{
    "model_type": "NaiveBayes",
    "bins": [
        0,
        6,
        11,
        21
    ],
    "scaled": true,
    "tuned": false,
    "stratified_split_testing": false,
    "week": 4,
    "month": 1,
    "metrics": {
        "accuracy": 0.04691856552254591,
        "precision": 0.34616876818622694,
        "recall": 0.33738750779648935,
        "f1_score": 0.03272994713682767,
        "matthews_corrcoef": 0.03259241244393314,
        "cohen_kappa_score": 0.002918142700945703,
        "roc_auc_score": 0.7275795895982018,
        "log_loss": 8.29321157620752,
        "confusion_matrix": [
            [
                91,
                0,
                7391
            ],
            [
                0,
                0,
                2522
            ],
            [
                0,
                0,
                397
            ]
        ],
        "classification_report": "              precision    recall  f1-score   support\n\n     00 - 05       1.00      0.01      0.02      7482\n     06 - 10       0.00      0.00      0.00      2522\n     11 - 20       0.04      1.00      0.07       397\n\n    accuracy                           0.05     10401\n   macro avg       0.35      0.34      0.03     10401\nweighted avg       0.72      0.05      0.02     10401\n",
        "feature_importances": null,
        "elapsed_time_minutes": null
    },
    "dataset_name": "subset_base.csv"
}