{
    "model_type": "NaiveBayes",
    "bins": [
        0,
        6,
        12,
        21
    ],
    "scaled": false,
    "tuned": false,
    "stratified_split_testing": false,
    "week": 1,
    "month": 3,
    "metrics": {
        "accuracy": 0.05199681419956764,
        "precision": 0.5095477113929938,
        "recall": 0.37554471894491365,
        "f1_score": 0.09096004242583333,
        "matthews_corrcoef": 0.09643316792458678,
        "cohen_kappa_score": 0.020523740492349174,
        "roc_auc_score": 0.7653859406154538,
        "log_loss": 6.950880968294835,
        "confusion_matrix": [
            [
                96,
                229,
                6565
            ],
            [
                0,
                246,
                1535
            ],
            [
                0,
                3,
                115
            ]
        ],
        "classification_report": "              precision    recall  f1-score   support\n\n     00 - 05       1.00      0.01      0.03      6890\n     06 - 11       0.51      0.14      0.22      1781\n     12 - 20       0.01      0.97      0.03       118\n\n    accuracy                           0.05      8789\n   macro avg       0.51      0.38      0.09      8789\nweighted avg       0.89      0.05      0.07      8789\n",
        "feature_importances": null,
        "elapsed_time_minutes": null
    },
    "dataset_name": "subset_base.csv"
}