{
    "model_type": "NaiveBayes",
    "bins": [
        0,
        6,
        11,
        21
    ],
    "scaled": false,
    "tuned": false,
    "stratified_split_testing": false,
    "week": 3,
    "month": 2,
    "metrics": {
        "accuracy": 0.03249132279213267,
        "precision": 0.3419093851132686,
        "recall": 0.3363609604305959,
        "f1_score": 0.022722630516541335,
        "matthews_corrcoef": 0.025358011991316782,
        "cohen_kappa_score": 0.0018711496004820694,
        "roc_auc_score": 0.6793271798961332,
        "log_loss": 5.401816594441113,
        "confusion_matrix": [
            [
                72,
                0,
                7855
            ],
            [
                0,
                0,
                2180
            ],
            [
                0,
                0,
                265
            ]
        ],
        "classification_report": "              precision    recall  f1-score   support\n\n     00 - 05       1.00      0.01      0.02      7927\n     06 - 10       0.00      0.00      0.00      2180\n     11 - 20       0.03      1.00      0.05       265\n\n    accuracy                           0.03     10372\n   macro avg       0.34      0.34      0.02     10372\nweighted avg       0.76      0.03      0.02     10372\n",
        "feature_importances": null,
        "elapsed_time_minutes": null
    },
    "dataset_name": "subset_base.csv"
}