{
    "model_type": "NaiveBayes",
    "bins": [
        0,
        5,
        9,
        21
    ],
    "scaled": false,
    "tuned": false,
    "stratified_split_testing": false,
    "week": 4,
    "month": 2,
    "metrics": {
        "accuracy": 0.08732553753300641,
        "precision": 0.3554269175108538,
        "recall": 0.3442465753424657,
        "f1_score": 0.06257500807599253,
        "matthews_corrcoef": 0.059521381557282704,
        "cohen_kappa_score": 0.009208871253801099,
        "roc_auc_score": 0.6872181439174717,
        "log_loss": 5.531965510478543,
        "confusion_matrix": [
            [
                239,
                0,
                7061
            ],
            [
                0,
                0,
                2617
            ],
            [
                0,
                0,
                687
            ]
        ],
        "classification_report": "              precision    recall  f1-score   support\n\n     00 - 04       1.00      0.03      0.06      7300\n     05 - 08       0.00      0.00      0.00      2617\n     09 - 20       0.07      1.00      0.12       687\n\n    accuracy                           0.09     10604\n   macro avg       0.36      0.34      0.06     10604\nweighted avg       0.69      0.09      0.05     10604\n",
        "feature_importances": null,
        "elapsed_time_minutes": null
    },
    "dataset_name": "subset_base.csv"
}