{
    "model_type": "NaiveBayes",
    "bins": [
        0,
        3,
        12,
        21
    ],
    "scaled": true,
    "tuned": false,
    "stratified_split_testing": true,
    "week": 3,
    "month": 2,
    "metrics": {
        "accuracy": 0.02227150019282684,
        "precision": 0.3384789644012945,
        "recall": 0.3380530973451328,
        "f1_score": 0.01944254917995813,
        "matthews_corrcoef": 0.04325709755725516,
        "cohen_kappa_score": 0.0037140764322738384,
        "roc_auc_score": 0.6170566079565386,
        "log_loss": 8.590906839517002,
        "confusion_matrix": [
            [
                72,
                0,
                5013
            ],
            [
                0,
                0,
                5128
            ],
            [
                0,
                0,
                159
            ]
        ],
        "classification_report": "              precision    recall  f1-score   support\n\n     00 - 02       1.00      0.01      0.03      5085\n     03 - 11       0.00      0.00      0.00      5128\n     12 - 20       0.02      1.00      0.03       159\n\n    accuracy                           0.02     10372\n   macro avg       0.34      0.34      0.02     10372\nweighted avg       0.49      0.02      0.01     10372\n",
        "feature_importances": null,
        "elapsed_time_minutes": null
    },
    "dataset_name": "subset_base.csv"
}