{
    "model_type": "NaiveBayes",
    "bins": [
        0,
        3,
        11,
        21
    ],
    "scaled": false,
    "tuned": false,
    "stratified_split_testing": false,
    "week": 1,
    "month": 1,
    "metrics": {
        "accuracy": 0.03728813559322034,
        "precision": 0.34022988505747126,
        "recall": 0.3472432979261508,
        "f1_score": 0.04021902455988399,
        "matthews_corrcoef": 0.08018799668808792,
        "cohen_kappa_score": 0.01069728247159285,
        "roc_auc_score": 0.639773997872504,
        "log_loss": 6.260855289554772,
        "confusion_matrix": [
            [
                110,
                0,
                2526
            ],
            [
                0,
                0,
                3722
            ],
            [
                0,
                0,
                132
            ]
        ],
        "classification_report": "              precision    recall  f1-score   support\n\n     00 - 02       1.00      0.04      0.08      2636\n     03 - 10       0.00      0.00      0.00      3722\n     11 - 20       0.02      1.00      0.04       132\n\n    accuracy                           0.04      6490\n   macro avg       0.34      0.35      0.04      6490\nweighted avg       0.41      0.04      0.03      6490\n",
        "feature_importances": null,
        "elapsed_time_minutes": null
    },
    "dataset_name": "subset_base.csv"
}