{
    "model_type": "NaiveBayes",
    "bins": [
        0,
        3,
        12,
        21
    ],
    "scaled": false,
    "tuned": false,
    "stratified_split_testing": false,
    "week": 2,
    "month": 1,
    "metrics": {
        "accuracy": 0.022048562656991347,
        "precision": 0.3035394677294559,
        "recall": 0.34165948894631065,
        "f1_score": 0.023712412308164732,
        "matthews_corrcoef": 0.05255747795157716,
        "cohen_kappa_score": 0.00583701447791507,
        "roc_auc_score": 0.6572190316255929,
        "log_loss": 5.737750843677185,
        "confusion_matrix": [
            [
                116,
                0,
                4528
            ],
            [
                13,
                0,
                5971
            ],
            [
                0,
                0,
                121
            ]
        ],
        "classification_report": "              precision    recall  f1-score   support\n\n     00 - 02       0.90      0.02      0.05      4644\n     03 - 11       0.00      0.00      0.00      5984\n     12 - 20       0.01      1.00      0.02       121\n\n    accuracy                           0.02     10749\n   macro avg       0.30      0.34      0.02     10749\nweighted avg       0.39      0.02      0.02     10749\n",
        "feature_importances": null,
        "elapsed_time_minutes": null
    },
    "dataset_name": "subset_base.csv"
}