{
    "model_type": "NaiveBayes",
    "bins": [
        0,
        5,
        12,
        21
    ],
    "scaled": true,
    "tuned": false,
    "stratified_split_testing": true,
    "week": 1,
    "month": 1,
    "metrics": {
        "accuracy": 0.03359013867488444,
        "precision": 0.33897596656217344,
        "recall": 0.34130434782608693,
        "f1_score": 0.026667120441418116,
        "matthews_corrcoef": 0.0440034972378396,
        "cohen_kappa_score": 0.005370303672126764,
        "roc_auc_score": 0.8055237243197751,
        "log_loss": 7.11696451336129,
        "confusion_matrix": [
            [
                110,
                0,
                4490
            ],
            [
                0,
                0,
                1782
            ],
            [
                0,
                0,
                108
            ]
        ],
        "classification_report": "              precision    recall  f1-score   support\n\n     00 - 04       1.00      0.02      0.05      4600\n     05 - 11       0.00      0.00      0.00      1782\n     12 - 20       0.02      1.00      0.03       108\n\n    accuracy                           0.03      6490\n   macro avg       0.34      0.34      0.03      6490\nweighted avg       0.71      0.03      0.03      6490\n",
        "feature_importances": null,
        "elapsed_time_minutes": null
    },
    "dataset_name": "subset_base.csv"
}