{
    "model_type": "NaiveBayes",
    "bins": [
        0,
        3,
        12,
        21
    ],
    "scaled": true,
    "tuned": false,
    "stratified_split_testing": true,
    "week": 1,
    "month": 2,
    "metrics": {
        "accuracy": 0.01103238866396761,
        "precision": 0.3357716143452199,
        "recall": 0.3366487455197133,
        "f1_score": 0.011406671909527497,
        "matthews_corrcoef": 0.039532860949705324,
        "cohen_kappa_score": 0.002382852260018442,
        "roc_auc_score": 0.5763134576083099,
        "log_loss": 9.027890579672109,
        "confusion_matrix": [
            [
                37,
                0,
                3683
            ],
            [
                0,
                0,
                6088
            ],
            [
                0,
                0,
                72
            ]
        ],
        "classification_report": "              precision    recall  f1-score   support\n\n     00 - 02       1.00      0.01      0.02      3720\n     03 - 11       0.00      0.00      0.00      6088\n     12 - 20       0.01      1.00      0.01        72\n\n    accuracy                           0.01      9880\n   macro avg       0.34      0.34      0.01      9880\nweighted avg       0.38      0.01      0.01      9880\n",
        "feature_importances": null,
        "elapsed_time_minutes": null
    },
    "dataset_name": "subset_base.csv"
}