{
    "model_type": "NaiveBayes",
    "bins": [
        0,
        6,
        11,
        21
    ],
    "scaled": true,
    "tuned": false,
    "stratified_split_testing": true,
    "week": 1,
    "month": 2,
    "metrics": {
        "accuracy": 0.011437246963562754,
        "precision": 0.33590707440143586,
        "recall": 0.3349010635142579,
        "f1_score": 0.008228824531335395,
        "matthews_corrcoef": 0.01601805763820991,
        "cohen_kappa_score": 0.0008003396066691426,
        "roc_auc_score": 0.6964060523431606,
        "log_loss": 8.873594758940756,
        "confusion_matrix": [
            [
                37,
                0,
                7830
            ],
            [
                0,
                0,
                1937
            ],
            [
                0,
                0,
                76
            ]
        ],
        "classification_report": "              precision    recall  f1-score   support\n\n     00 - 05       1.00      0.00      0.01      7867\n     06 - 10       0.00      0.00      0.00      1937\n     11 - 20       0.01      1.00      0.02        76\n\n    accuracy                           0.01      9880\n   macro avg       0.34      0.33      0.01      9880\nweighted avg       0.80      0.01      0.01      9880\n",
        "feature_importances": null,
        "elapsed_time_minutes": null
    },
    "dataset_name": "subset_base.csv"
}