{
    "model_type": "RandomForest",
    "bins": [
        0,
        5,
        11,
        21
    ],
    "scaled": true,
    "tuned": false,
    "stratified_split_testing": false,
    "week": 2,
    "month": 2,
    "metrics": {
        "accuracy": 0.2431930693069307,
        "precision": 0.4965166030210351,
        "recall": 0.4501045836593575,
        "f1_score": 0.24483148353863168,
        "matthews_corrcoef": 0.2028002197722944,
        "cohen_kappa_score": 0.1136996255300855,
        "roc_auc_score": 0.6248336758949818,
        "log_loss": 4.570715172098678,
        "confusion_matrix": [
            [
                233,
                1462,
                4754
            ],
            [
                14,
                1915,
                1000
            ],
            [
                11,
                97,
                210
            ]
        ],
        "classification_report": "              precision    recall  f1-score   support\n\n     00 - 04       0.90      0.04      0.07      6449\n     05 - 10       0.55      0.65      0.60      2929\n     11 - 20       0.04      0.66      0.07       318\n\n    accuracy                           0.24      9696\n   macro avg       0.50      0.45      0.24      9696\nweighted avg       0.77      0.24      0.23      9696\n",
        "feature_importances": {
            "time_in_month": 0.08687921301898499,
            "time_in_hour": 0.26102327165737454,
            "time_in_weekday": 0.11476227051687127,
            "requires_power": 0.007204328596689173,
            "time_in_business_day": 0.0059704955965607966,
            "time_in_week_of_year": 0.1333724123164743,
            "time_in_week_of_month": 0.0769511181484795,
            "nominal_length_NOM20": 0.010744834832969433,
            "nominal_length_NOM40": 0.010729494131785014,
            "nominal_length_NOM45": 9.149146904417118e-06,
            "freight_kind_FCL": 0.02363949828197122,
            "freight_kind_MTY": 0.02037007008052024,
            "category_EXPRT": 0.07668166782590359,
            "category_IMPRT": 0.11399273757175449,
            "category_STRGE": 0.02210047387217907,
            "category_THRGH": 0.0021199363551207833,
            "category_TRSHP": 0.03344902804945721
        },
        "elapsed_time_minutes": null
    },
    "dataset_name": "subset_base.csv"
}