{
    "model_type": "RandomForest",
    "bins": [
        0,
        5,
        12,
        21
    ],
    "scaled": true,
    "tuned": false,
    "stratified_split_testing": true,
    "week": 2,
    "month": 3,
    "metrics": {
        "accuracy": 0.19285981775059294,
        "precision": 0.4136055945390786,
        "recall": 0.5350074014856522,
        "f1_score": 0.15491947196804529,
        "matthews_corrcoef": -0.0017387889536845684,
        "cohen_kappa_score": -0.0009725249855556672,
        "roc_auc_score": 0.6149910797408862,
        "log_loss": 4.738946257627773,
        "confusion_matrix": [
            [
                369,
                3600,
                1884
            ],
            [
                3,
                1162,
                979
            ],
            [
                0,
                0,
                14
            ]
        ],
        "classification_report": "              precision    recall  f1-score   support\n\n     00 - 04       0.99      0.06      0.12      5853\n     05 - 11       0.24      0.54      0.34      2144\n     12 - 20       0.00      1.00      0.01        14\n\n    accuracy                           0.19      8011\n   macro avg       0.41      0.54      0.15      8011\nweighted avg       0.79      0.19      0.18      8011\n",
        "feature_importances": {
            "time_in_month": 0.08562967201372709,
            "time_in_hour": 0.24112624923890313,
            "time_in_weekday": 0.12035593553452277,
            "requires_power": 0.00763983546311097,
            "time_in_business_day": 0.008449997666936503,
            "time_in_week_of_year": 0.13490372203651438,
            "time_in_week_of_month": 0.07900139274278492,
            "nominal_length_NOM20": 0.011516022866861314,
            "nominal_length_NOM40": 0.011254909740096781,
            "nominal_length_NOM45": 9.613187535312558e-06,
            "freight_kind_FCL": 0.024321944005255412,
            "freight_kind_MTY": 0.02213288496048478,
            "category_EXPRT": 0.07202369892053195,
            "category_IMPRT": 0.11980513874344069,
            "category_STRGE": 0.029704014107491947,
            "category_THRGH": 0.0022891619085136238,
            "category_TRSHP": 0.029835806863288492
        },
        "elapsed_time_minutes": null
    },
    "dataset_name": "subset_base.csv"
}