{
    "model_type": "RandomForest",
    "bins": [
        0,
        3,
        9,
        21
    ],
    "scaled": false,
    "tuned": false,
    "stratified_split_testing": false,
    "week": 3,
    "month": 1,
    "metrics": {
        "accuracy": 0.44676438053097345,
        "precision": 0.3718910235003719,
        "recall": 0.3636327570435873,
        "f1_score": 0.29063063417174034,
        "matthews_corrcoef": 0.056220314969832375,
        "cohen_kappa_score": 0.048928310049711765,
        "roc_auc_score": 0.6521807253004392,
        "log_loss": 2.438857526103094,
        "confusion_matrix": [
            [
                165,
                1430,
                887
            ],
            [
                210,
                2931,
                1227
            ],
            [
                21,
                226,
                135
            ]
        ],
        "classification_report": "              precision    recall  f1-score   support\n\n     00 - 02       0.42      0.07      0.11      2482\n     03 - 08       0.64      0.67      0.65      4368\n     09 - 20       0.06      0.35      0.10       382\n\n    accuracy                           0.45      7232\n   macro avg       0.37      0.36      0.29      7232\nweighted avg       0.53      0.45      0.44      7232\n",
        "feature_importances": {
            "time_in_month": 0.05778619776491933,
            "time_in_hour": 0.229482145609555,
            "time_in_weekday": 0.091182261514991,
            "requires_power": 0.008299002785596608,
            "time_in_business_day": 0.008293356360813652,
            "time_in_week_of_year": 0.10488297768200872,
            "time_in_week_of_month": 0.05267566779088274,
            "nominal_length_NOM20": 0.0066456703384626045,
            "nominal_length_NOM40": 0.006450694594770185,
            "nominal_length_NOM45": 1.2704257981515234e-05,
            "freight_kind_FCL": 0.02794529537443938,
            "freight_kind_MTY": 0.026713825462344878,
            "category_EXPRT": 0.1721064531442469,
            "category_IMPRT": 0.17257772308565994,
            "category_STRGE": 0.007428681513016976,
            "category_THRGH": 0.006854364423494481,
            "category_TRSHP": 0.02066297829681613
        },
        "elapsed_time_minutes": null
    },
    "dataset_name": "subset_base.csv"
}