{
    "model_type": "RandomForest",
    "bins": [
        0,
        6,
        11,
        21
    ],
    "scaled": true,
    "tuned": false,
    "stratified_split_testing": false,
    "week": 3,
    "month": 1,
    "metrics": {
        "accuracy": 0.3185840707964602,
        "precision": 0.3943219306533312,
        "recall": 0.3647417232694354,
        "f1_score": 0.26721916878814395,
        "matthews_corrcoef": 0.1133241947984986,
        "cohen_kappa_score": 0.07787291921885597,
        "roc_auc_score": 0.6008985396663773,
        "log_loss": 5.927115028281854,
        "confusion_matrix": [
            [
                990,
                2287,
                1869
            ],
            [
                206,
                1269,
                416
            ],
            [
                11,
                139,
                45
            ]
        ],
        "classification_report": "              precision    recall  f1-score   support\n\n     00 - 05       0.82      0.19      0.31      5146\n     06 - 10       0.34      0.67      0.45      1891\n     11 - 20       0.02      0.23      0.04       195\n\n    accuracy                           0.32      7232\n   macro avg       0.39      0.36      0.27      7232\nweighted avg       0.67      0.32      0.34      7232\n",
        "feature_importances": {
            "time_in_month": 0.08884103466611272,
            "time_in_hour": 0.26932435736478566,
            "time_in_weekday": 0.12001639342163595,
            "requires_power": 0.007165365962200869,
            "time_in_business_day": 0.006871799478337782,
            "time_in_week_of_year": 0.13808941107272862,
            "time_in_week_of_month": 0.07829026313355199,
            "nominal_length_NOM20": 0.011056774655008593,
            "nominal_length_NOM40": 0.010770808567115013,
            "nominal_length_NOM45": 1.0091215760802518e-05,
            "freight_kind_FCL": 0.01982791476956065,
            "freight_kind_MTY": 0.018226023032307023,
            "category_EXPRT": 0.06918221692100732,
            "category_IMPRT": 0.10501915533376119,
            "category_STRGE": 0.022494593110472066,
            "category_THRGH": 0.0017194625169140193,
            "category_TRSHP": 0.03309433477873985
        },
        "elapsed_time_minutes": null
    },
    "dataset_name": "subset_base.csv"
}