{
    "model_type": "RandomForest",
    "bins": [
        0,
        6,
        9,
        21
    ],
    "scaled": true,
    "tuned": false,
    "stratified_split_testing": true,
    "week": 1,
    "month": 2,
    "metrics": {
        "accuracy": 0.14109311740890687,
        "precision": 0.3852790479601011,
        "recall": 0.40142807078907894,
        "f1_score": 0.16663322402675027,
        "matthews_corrcoef": 0.05263901435988521,
        "cohen_kappa_score": 0.02105291868905168,
        "roc_auc_score": 0.588201822184351,
        "log_loss": 3.1381286183762547,
        "confusion_matrix": [
            [
                857,
                674,
                6336
            ],
            [
                257,
                410,
                1201
            ],
            [
                6,
                12,
                127
            ]
        ],
        "classification_report": "              precision    recall  f1-score   support\n\n     00 - 05       0.77      0.11      0.19      7867\n     06 - 08       0.37      0.22      0.28      1868\n     09 - 20       0.02      0.88      0.03       145\n\n    accuracy                           0.14      9880\n   macro avg       0.39      0.40      0.17      9880\nweighted avg       0.68      0.14      0.20      9880\n",
        "feature_importances": {
            "time_in_month": 0.08608659000527766,
            "time_in_hour": 0.3115587743550619,
            "time_in_weekday": 0.11924182913658779,
            "requires_power": 0.007655906389779305,
            "time_in_business_day": 0.00689264570624586,
            "time_in_week_of_year": 0.13636789752311324,
            "time_in_week_of_month": 0.07314032540834521,
            "nominal_length_NOM20": 0.010007195583080962,
            "nominal_length_NOM40": 0.010608987998913376,
            "nominal_length_NOM45": 1.485426378637369e-05,
            "freight_kind_FCL": 0.01678503887791914,
            "freight_kind_MTY": 0.01755805242979352,
            "category_EXPRT": 0.06078019237254261,
            "category_IMPRT": 0.10622455073731206,
            "category_STRGE": 0.009809220535743422,
            "category_THRGH": 0.0017842890644425154,
            "category_TRSHP": 0.02548364961205509
        },
        "elapsed_time_minutes": null
    },
    "dataset_name": "subset_base.csv"
}