{
    "model_type": "RandomForest",
    "bins": [
        0,
        3,
        10,
        21
    ],
    "scaled": true,
    "tuned": false,
    "stratified_split_testing": false,
    "week": 4,
    "month": 1,
    "metrics": {
        "accuracy": 0.5256225362945871,
        "precision": 0.45449807045386437,
        "recall": 0.5257451529043874,
        "f1_score": 0.3867301974607105,
        "matthews_corrcoef": 0.1655818181819696,
        "cohen_kappa_score": 0.1490000107953393,
        "roc_auc_score": 0.7655108839204626,
        "log_loss": 1.4043557763451942,
        "confusion_matrix": [
            [
                529,
                2212,
                933
            ],
            [
                400,
                4583,
                1234
            ],
            [
                12,
                143,
                355
            ]
        ],
        "classification_report": "              precision    recall  f1-score   support\n\n     00 - 02       0.56      0.14      0.23      3674\n     03 - 09       0.66      0.74      0.70      6217\n     10 - 20       0.14      0.70      0.23       510\n\n    accuracy                           0.53     10401\n   macro avg       0.45      0.53      0.39     10401\nweighted avg       0.60      0.53      0.51     10401\n",
        "feature_importances": {
            "time_in_month": 0.0757001158747198,
            "time_in_hour": 0.2369857277337291,
            "time_in_weekday": 0.11902772984185833,
            "requires_power": 0.007158122248470159,
            "time_in_business_day": 0.008196623660525627,
            "time_in_week_of_year": 0.1205855910980533,
            "time_in_week_of_month": 0.06867767805464431,
            "nominal_length_NOM20": 0.010006816532726526,
            "nominal_length_NOM40": 0.01004540885945036,
            "nominal_length_NOM45": 8.147325388765404e-06,
            "freight_kind_FCL": 0.025353754794782298,
            "freight_kind_MTY": 0.025903595919575785,
            "category_EXPRT": 0.08942454266475362,
            "category_IMPRT": 0.14034894594267625,
            "category_STRGE": 0.016449735232588403,
            "category_THRGH": 0.004149815027181475,
            "category_TRSHP": 0.041977649188875754
        },
        "elapsed_time_minutes": null
    },
    "dataset_name": "subset_base.csv"
}