{
    "model_type": "RandomForest",
    "bins": [
        0,
        4,
        9,
        21
    ],
    "scaled": false,
    "tuned": false,
    "stratified_split_testing": false,
    "week": 1,
    "month": 3,
    "metrics": {
        "accuracy": 0.3397428603936739,
        "precision": 0.4366235463885282,
        "recall": 0.4139837741208677,
        "f1_score": 0.32326438408864316,
        "matthews_corrcoef": 0.13851124093162304,
        "cohen_kappa_score": 0.10760732415246288,
        "roc_auc_score": 0.6484228069441135,
        "log_loss": 2.1556971093729973,
        "confusion_matrix": [
            [
                1361,
                1373,
                2500
            ],
            [
                299,
                1319,
                1371
            ],
            [
                97,
                163,
                306
            ]
        ],
        "classification_report": "              precision    recall  f1-score   support\n\n     00 - 03       0.77      0.26      0.39      5234\n     04 - 08       0.46      0.44      0.45      2989\n     09 - 20       0.07      0.54      0.13       566\n\n    accuracy                           0.34      8789\n   macro avg       0.44      0.41      0.32      8789\nweighted avg       0.62      0.34      0.39      8789\n",
        "feature_importances": {
            "time_in_month": 0.05986013768346811,
            "time_in_hour": 0.2464889947414128,
            "time_in_weekday": 0.09002645037073248,
            "requires_power": 0.008150537671224527,
            "time_in_business_day": 0.006066557423151986,
            "time_in_week_of_year": 0.11006230087482023,
            "time_in_week_of_month": 0.056880049700525764,
            "nominal_length_NOM20": 0.007122354879630564,
            "nominal_length_NOM40": 0.0071461320594953205,
            "nominal_length_NOM45": 1.7618991255825774e-05,
            "freight_kind_FCL": 0.027402167127142538,
            "freight_kind_MTY": 0.028311477866488067,
            "category_EXPRT": 0.15187629472954403,
            "category_IMPRT": 0.16972552397735402,
            "category_STRGE": 0.00611564907390217,
            "category_THRGH": 0.004096459690861172,
            "category_TRSHP": 0.020651293138990418
        },
        "elapsed_time_minutes": null
    },
    "dataset_name": "subset_base.csv"
}