{
    "model_type": "RandomForest",
    "bins": [
        0,
        4,
        9,
        21
    ],
    "scaled": false,
    "tuned": false,
    "stratified_split_testing": false,
    "week": 1,
    "month": 1,
    "metrics": {
        "accuracy": 0.3087827426810478,
        "precision": 0.4646171575655003,
        "recall": 0.4508296896978885,
        "f1_score": 0.2700396847304661,
        "matthews_corrcoef": 0.14835564331621892,
        "cohen_kappa_score": 0.1029511852070294,
        "roc_auc_score": 0.7072357778999411,
        "log_loss": 2.1082557239686044,
        "confusion_matrix": [
            [
                309,
                1462,
                2026
            ],
            [
                57,
                1511,
                839
            ],
            [
                1,
                101,
                184
            ]
        ],
        "classification_report": "              precision    recall  f1-score   support\n\n     00 - 03       0.84      0.08      0.15      3797\n     04 - 08       0.49      0.63      0.55      2407\n     09 - 20       0.06      0.64      0.11       286\n\n    accuracy                           0.31      6490\n   macro avg       0.46      0.45      0.27      6490\nweighted avg       0.68      0.31      0.30      6490\n",
        "feature_importances": {
            "time_in_month": 0.05986013768346811,
            "time_in_hour": 0.2464889947414128,
            "time_in_weekday": 0.09002645037073248,
            "requires_power": 0.008150537671224527,
            "time_in_business_day": 0.006066557423151986,
            "time_in_week_of_year": 0.11006230087482023,
            "time_in_week_of_month": 0.056880049700525764,
            "nominal_length_NOM20": 0.007122354879630564,
            "nominal_length_NOM40": 0.0071461320594953205,
            "nominal_length_NOM45": 1.7618991255825774e-05,
            "freight_kind_FCL": 0.027402167127142538,
            "freight_kind_MTY": 0.028311477866488067,
            "category_EXPRT": 0.15187629472954403,
            "category_IMPRT": 0.16972552397735402,
            "category_STRGE": 0.00611564907390217,
            "category_THRGH": 0.004096459690861172,
            "category_TRSHP": 0.020651293138990418
        },
        "elapsed_time_minutes": null
    },
    "dataset_name": "subset_base.csv"
}