{
    "model_type": "RandomForest",
    "bins": [
        0,
        3,
        11,
        21
    ],
    "scaled": false,
    "tuned": false,
    "stratified_split_testing": false,
    "week": 4,
    "month": 1,
    "metrics": {
        "accuracy": 0.5947505047591578,
        "precision": 0.5137532687039998,
        "recall": 0.5780790800601813,
        "f1_score": 0.4574507143930191,
        "matthews_corrcoef": 0.21680550921348204,
        "cohen_kappa_score": 0.19928409701085859,
        "roc_auc_score": 0.7836330840960102,
        "log_loss": 1.2430303515935581,
        "confusion_matrix": [
            [
                902,
                2488,
                284
            ],
            [
                370,
                5007,
                953
            ],
            [
                18,
                102,
                277
            ]
        ],
        "classification_report": "              precision    recall  f1-score   support\n\n     00 - 02       0.70      0.25      0.36      3674\n     03 - 10       0.66      0.79      0.72      6330\n     11 - 20       0.18      0.70      0.29       397\n\n    accuracy                           0.59     10401\n   macro avg       0.51      0.58      0.46     10401\nweighted avg       0.66      0.59      0.58     10401\n",
        "feature_importances": {
            "time_in_month": 0.049717726825211465,
            "time_in_hour": 0.19730649539711206,
            "time_in_weekday": 0.08708262754555067,
            "requires_power": 0.007583433057338539,
            "time_in_business_day": 0.00839634441012013,
            "time_in_week_of_year": 0.08950093821055408,
            "time_in_week_of_month": 0.04351987569237476,
            "nominal_length_NOM20": 0.0062127510849484865,
            "nominal_length_NOM40": 0.005959450895399812,
            "nominal_length_NOM45": 1.2430910365974192e-05,
            "freight_kind_FCL": 0.031613861136292845,
            "freight_kind_MTY": 0.03169151840188391,
            "category_EXPRT": 0.19099200866368823,
            "category_IMPRT": 0.210799925435038,
            "category_STRGE": 0.00879747081815031,
            "category_THRGH": 0.007856310400479741,
            "category_TRSHP": 0.022956831115490777
        },
        "elapsed_time_minutes": null
    },
    "dataset_name": "subset_base.csv"
}