{
    "model_type": "RandomForest",
    "bins": [
        0,
        3,
        10,
        21
    ],
    "scaled": false,
    "tuned": false,
    "stratified_split_testing": true,
    "week": 4,
    "month": 2,
    "metrics": {
        "accuracy": 0.5823274236137307,
        "precision": 0.4686264752023142,
        "recall": 0.4398503618632754,
        "f1_score": 0.4353426845913025,
        "matthews_corrcoef": 0.26578358072028957,
        "cohen_kappa_score": 0.25372753159736683,
        "roc_auc_score": 0.6783527348191222,
        "log_loss": 2.0502962310098303,
        "confusion_matrix": [
            [
                2333,
                2361,
                220
            ],
            [
                674,
                3786,
                763
            ],
            [
                7,
                404,
                56
            ]
        ],
        "classification_report": "              precision    recall  f1-score   support\n\n     00 - 02       0.77      0.47      0.59      4914\n     03 - 09       0.58      0.72      0.64      5223\n     10 - 20       0.05      0.12      0.07       467\n\n    accuracy                           0.58     10604\n   macro avg       0.47      0.44      0.44     10604\nweighted avg       0.65      0.58      0.59     10604\n",
        "feature_importances": {
            "time_in_month": 0.05162512635017247,
            "time_in_hour": 0.2103382117064329,
            "time_in_weekday": 0.0870885978947488,
            "requires_power": 0.00808608669844099,
            "time_in_business_day": 0.00764374565213495,
            "time_in_week_of_year": 0.0944399287713616,
            "time_in_week_of_month": 0.046173100977056486,
            "nominal_length_NOM20": 0.006518541170966414,
            "nominal_length_NOM40": 0.006388594526388828,
            "nominal_length_NOM45": 1.9586580421596743e-05,
            "freight_kind_FCL": 0.031096497703763222,
            "freight_kind_MTY": 0.030164414748415698,
            "category_EXPRT": 0.19032561207397075,
            "category_IMPRT": 0.19276214972267836,
            "category_STRGE": 0.009201816975974298,
            "category_THRGH": 0.007469243231096196,
            "category_TRSHP": 0.0206587452159765
        },
        "elapsed_time_minutes": null
    },
    "dataset_name": "subset_base.csv"
}