{
    "model_type": "RandomForest",
    "bins": [
        0,
        5,
        12,
        21
    ],
    "scaled": true,
    "tuned": false,
    "stratified_split_testing": false,
    "week": 4,
    "month": 1,
    "metrics": {
        "accuracy": 0.4799538505912893,
        "precision": 0.43203073755913496,
        "recall": 0.4983639978275365,
        "f1_score": 0.3885627605377491,
        "matthews_corrcoef": 0.20550941174740353,
        "cohen_kappa_score": 0.17580061993308438,
        "roc_auc_score": 0.7203822618362502,
        "log_loss": 1.5021811156472225,
        "confusion_matrix": [
            [
                2290,
                2883,
                1383
            ],
            [
                644,
                2572,
                318
            ],
            [
                66,
                115,
                130
            ]
        ],
        "classification_report": "              precision    recall  f1-score   support\n\n     00 - 04       0.76      0.35      0.48      6556\n     05 - 11       0.46      0.73      0.57      3534\n     12 - 20       0.07      0.42      0.12       311\n\n    accuracy                           0.48     10401\n   macro avg       0.43      0.50      0.39     10401\nweighted avg       0.64      0.48      0.50     10401\n",
        "feature_importances": {
            "time_in_month": 0.08581421892102419,
            "time_in_hour": 0.2418539706592631,
            "time_in_weekday": 0.11791712494592953,
            "requires_power": 0.007119755538480426,
            "time_in_business_day": 0.007574420923138791,
            "time_in_week_of_year": 0.13491293506271984,
            "time_in_week_of_month": 0.07883250341447755,
            "nominal_length_NOM20": 0.011785292240081437,
            "nominal_length_NOM40": 0.01138096973913087,
            "nominal_length_NOM45": 9.635081014342028e-06,
            "freight_kind_FCL": 0.025577389708449628,
            "freight_kind_MTY": 0.02304150306427087,
            "category_EXPRT": 0.07890213212404262,
            "category_IMPRT": 0.11578734315141868,
            "category_STRGE": 0.026745285278916512,
            "category_THRGH": 0.0021263040863456913,
            "category_TRSHP": 0.03061921606129602
        },
        "elapsed_time_minutes": null
    },
    "dataset_name": "subset_base.csv"
}