{
    "model_type": "RandomForest",
    "bins": [
        0,
        3,
        10,
        21
    ],
    "scaled": false,
    "tuned": false,
    "stratified_split_testing": false,
    "week": 1,
    "month": 3,
    "metrics": {
        "accuracy": 0.23074297417226078,
        "precision": 0.45625483854039905,
        "recall": 0.32134889933115396,
        "f1_score": 0.22911348322194972,
        "matthews_corrcoef": 0.07407671385923932,
        "cohen_kappa_score": 0.04719677090194385,
        "roc_auc_score": 0.6097771390384561,
        "log_loss": 1.9709858099827364,
        "confusion_matrix": [
            [
                617,
                847,
                2563
            ],
            [
                132,
                1226,
                3057
            ],
            [
                45,
                117,
                185
            ]
        ],
        "classification_report": "              precision    recall  f1-score   support\n\n     00 - 02       0.78      0.15      0.26      4027\n     03 - 09       0.56      0.28      0.37      4415\n     10 - 20       0.03      0.53      0.06       347\n\n    accuracy                           0.23      8789\n   macro avg       0.46      0.32      0.23      8789\nweighted avg       0.64      0.23      0.31      8789\n",
        "feature_importances": {
            "time_in_month": 0.05217829340018921,
            "time_in_hour": 0.20924318307160317,
            "time_in_weekday": 0.08750737304554353,
            "requires_power": 0.008031595669919182,
            "time_in_business_day": 0.007913177562365212,
            "time_in_week_of_year": 0.09476545594841497,
            "time_in_week_of_month": 0.046127205101490744,
            "nominal_length_NOM20": 0.006550254533675895,
            "nominal_length_NOM40": 0.006396629493978104,
            "nominal_length_NOM45": 1.2044816787539817e-05,
            "freight_kind_FCL": 0.02994275480138599,
            "freight_kind_MTY": 0.02978373268736139,
            "category_EXPRT": 0.19918166024411824,
            "category_IMPRT": 0.1836674909957716,
            "category_STRGE": 0.008087587309209334,
            "category_THRGH": 0.006726793096232028,
            "category_TRSHP": 0.023884768221953904
        },
        "elapsed_time_minutes": null
    },
    "dataset_name": "subset_base.csv"
}