{
    "model_type": "RandomForest",
    "bins": [
        0,
        4,
        12,
        21
    ],
    "scaled": true,
    "tuned": false,
    "stratified_split_testing": false,
    "week": 1,
    "month": 1,
    "metrics": {
        "accuracy": 0.27195685670261943,
        "precision": 0.48390209101553056,
        "recall": 0.482483413352782,
        "f1_score": 0.25143982605644716,
        "matthews_corrcoef": 0.16325896703877216,
        "cohen_kappa_score": 0.10347401352978691,
        "roc_auc_score": 0.7131586057345896,
        "log_loss": 2.214053574675026,
        "confusion_matrix": [
            [
                346,
                964,
                2487
            ],
            [
                59,
                1328,
                1198
            ],
            [
                1,
                16,
                91
            ]
        ],
        "classification_report": "              precision    recall  f1-score   support\n\n     00 - 03       0.85      0.09      0.16      3797\n     04 - 11       0.58      0.51      0.54      2585\n     12 - 20       0.02      0.84      0.05       108\n\n    accuracy                           0.27      6490\n   macro avg       0.48      0.48      0.25      6490\nweighted avg       0.73      0.27      0.31      6490\n",
        "feature_importances": {
            "time_in_month": 0.08617874877037004,
            "time_in_hour": 0.2224250778025833,
            "time_in_weekday": 0.11595515935937939,
            "requires_power": 0.007043469996769383,
            "time_in_business_day": 0.007741347953704266,
            "time_in_week_of_year": 0.13180923189237512,
            "time_in_week_of_month": 0.0778703898088607,
            "nominal_length_NOM20": 0.01125422998067813,
            "nominal_length_NOM40": 0.011522004854383917,
            "nominal_length_NOM45": 7.979734042950187e-06,
            "freight_kind_FCL": 0.028730001120467242,
            "freight_kind_MTY": 0.02642372566912914,
            "category_EXPRT": 0.08169286176548796,
            "category_IMPRT": 0.12989992895307578,
            "category_STRGE": 0.025472494156397907,
            "category_THRGH": 0.002904338012033247,
            "category_TRSHP": 0.033069010170261474
        },
        "elapsed_time_minutes": null
    },
    "dataset_name": "subset_base.csv"
}