{
    "model_type": "RandomForest",
    "bins": [
        0,
        5,
        11,
        21
    ],
    "scaled": false,
    "tuned": false,
    "stratified_split_testing": true,
    "week": 2,
    "month": 2,
    "metrics": {
        "accuracy": 0.2698019801980198,
        "precision": 0.4783607584248956,
        "recall": 0.4591459386502897,
        "f1_score": 0.2631163960205249,
        "matthews_corrcoef": 0.19174531286556706,
        "cohen_kappa_score": 0.11624819915806817,
        "roc_auc_score": 0.6465746565133025,
        "log_loss": 3.0177324333239355,
        "confusion_matrix": [
            [
                515,
                1719,
                4215
            ],
            [
                53,
                1894,
                982
            ],
            [
                13,
                98,
                207
            ]
        ],
        "classification_report": "              precision    recall  f1-score   support\n\n     00 - 04       0.89      0.08      0.15      6449\n     05 - 10       0.51      0.65      0.57      2929\n     11 - 20       0.04      0.65      0.07       318\n\n    accuracy                           0.27      9696\n   macro avg       0.48      0.46      0.26      9696\nweighted avg       0.74      0.27      0.27      9696\n",
        "feature_importances": {
            "time_in_month": 0.06235532969304836,
            "time_in_hour": 0.2564094529920989,
            "time_in_weekday": 0.09112925821873187,
            "requires_power": 0.007461100868771442,
            "time_in_business_day": 0.0055984854671498096,
            "time_in_week_of_year": 0.11785686667930612,
            "time_in_week_of_month": 0.05913949295654529,
            "nominal_length_NOM20": 0.006042150211210319,
            "nominal_length_NOM40": 0.006173573316978216,
            "nominal_length_NOM45": 2.5508697498141703e-05,
            "freight_kind_FCL": 0.027101935585070035,
            "freight_kind_MTY": 0.028684763217132616,
            "category_EXPRT": 0.13588631182627553,
            "category_IMPRT": 0.16609662600313155,
            "category_STRGE": 0.006334976559968243,
            "category_THRGH": 0.003712592958066195,
            "category_TRSHP": 0.019991574749017332
        },
        "elapsed_time_minutes": null
    },
    "dataset_name": "subset_base.csv"
}