{
    "model_type": "RandomForest",
    "bins": [
        0,
        6,
        10,
        21
    ],
    "scaled": false,
    "tuned": false,
    "stratified_split_testing": true,
    "week": 4,
    "month": 1,
    "metrics": {
        "accuracy": 0.25343716950293244,
        "precision": 0.37962690288422607,
        "recall": 0.4979517075444966,
        "f1_score": 0.255383026178593,
        "matthews_corrcoef": 0.13535699145912858,
        "cohen_kappa_score": 0.08246499896662829,
        "roc_auc_score": 0.6850868930563712,
        "log_loss": 1.8048486042935246,
        "confusion_matrix": [
            [
                667,
                2646,
                4169
            ],
            [
                228,
                1589,
                592
            ],
            [
                64,
                66,
                380
            ]
        ],
        "classification_report": "              precision    recall  f1-score   support\n\n     00 - 05       0.70      0.09      0.16      7482\n     06 - 09       0.37      0.66      0.47      2409\n     10 - 20       0.07      0.75      0.13       510\n\n    accuracy                           0.25     10401\n   macro avg       0.38      0.50      0.26     10401\nweighted avg       0.59      0.25      0.23     10401\n",
        "feature_importances": {
            "time_in_month": 0.07385255240321686,
            "time_in_hour": 0.29955228261440403,
            "time_in_weekday": 0.11051971738786708,
            "requires_power": 0.008082237776705012,
            "time_in_business_day": 0.006618137568202053,
            "time_in_week_of_year": 0.13721916853326543,
            "time_in_week_of_month": 0.0663409490643999,
            "nominal_length_NOM20": 0.00709696690446716,
            "nominal_length_NOM40": 0.007847148529758811,
            "nominal_length_NOM45": 1.976631510541858e-05,
            "freight_kind_FCL": 0.0195961303154661,
            "freight_kind_MTY": 0.021077332226745293,
            "category_EXPRT": 0.10113971877665243,
            "category_IMPRT": 0.11627319383542106,
            "category_STRGE": 0.005225728171200591,
            "category_THRGH": 0.0023667624076489637,
            "category_TRSHP": 0.017172207169473867
        },
        "elapsed_time_minutes": null
    },
    "dataset_name": "subset_base.csv"
}