{
    "model_type": "RandomForest",
    "bins": [
        0,
        6,
        9,
        21
    ],
    "scaled": false,
    "tuned": false,
    "stratified_split_testing": false,
    "week": 2,
    "month": 3,
    "metrics": {
        "accuracy": 0.14180501810011234,
        "precision": 0.36150393814003867,
        "recall": 0.4096306424440151,
        "f1_score": 0.13540946334689333,
        "matthews_corrcoef": 0.027849353275573526,
        "cohen_kappa_score": 0.011891027681233513,
        "roc_auc_score": 0.5839789159609544,
        "log_loss": 3.8456567241022976,
        "confusion_matrix": [
            [
                707,
                1982,
                4106
            ],
            [
                44,
                233,
                719
            ],
            [
                0,
                24,
                196
            ]
        ],
        "classification_report": "              precision    recall  f1-score   support\n\n     00 - 05       0.94      0.10      0.19      6795\n     06 - 08       0.10      0.23      0.14       996\n     09 - 20       0.04      0.89      0.07       220\n\n    accuracy                           0.14      8011\n   macro avg       0.36      0.41      0.14      8011\nweighted avg       0.81      0.14      0.18      8011\n",
        "feature_importances": {
            "time_in_month": 0.07798561607591739,
            "time_in_hour": 0.3060607627346627,
            "time_in_weekday": 0.10818235977257583,
            "requires_power": 0.008610501133109282,
            "time_in_business_day": 0.006564950818859015,
            "time_in_week_of_year": 0.14449754333444595,
            "time_in_week_of_month": 0.07109352101853127,
            "nominal_length_NOM20": 0.007863678854098671,
            "nominal_length_NOM40": 0.008296407196230619,
            "nominal_length_NOM45": 1.824029148497425e-05,
            "freight_kind_FCL": 0.018969248033179568,
            "freight_kind_MTY": 0.022196152594652428,
            "category_EXPRT": 0.08871549989853761,
            "category_IMPRT": 0.10687827151747589,
            "category_STRGE": 0.005075947121640187,
            "category_THRGH": 0.002425103849630325,
            "category_TRSHP": 0.01656619575496827
        },
        "elapsed_time_minutes": null
    },
    "dataset_name": "subset_base.csv"
}