{
    "model_type": "RandomForest",
    "bins": [
        0,
        6,
        11,
        21
    ],
    "scaled": false,
    "tuned": false,
    "stratified_split_testing": true,
    "week": 1,
    "month": 2,
    "metrics": {
        "accuracy": 0.16143724696356276,
        "precision": 0.3244386883229959,
        "recall": 0.432886207103741,
        "f1_score": 0.17717230432842992,
        "matthews_corrcoef": 0.05402886188504772,
        "cohen_kappa_score": 0.02633060367578688,
        "roc_auc_score": 0.6045591047812072,
        "log_loss": 2.8560840968106946,
        "confusion_matrix": [
            [
                598,
                2114,
                5155
            ],
            [
                299,
                941,
                697
            ],
            [
                14,
                6,
                56
            ]
        ],
        "classification_report": "              precision    recall  f1-score   support\n\n     00 - 05       0.66      0.08      0.14      7867\n     06 - 10       0.31      0.49      0.38      1937\n     11 - 20       0.01      0.74      0.02        76\n\n    accuracy                           0.16      9880\n   macro avg       0.32      0.43      0.18      9880\nweighted avg       0.58      0.16      0.18      9880\n",
        "feature_importances": {
            "time_in_month": 0.07406191270549421,
            "time_in_hour": 0.2922637931725514,
            "time_in_weekday": 0.10683736348319238,
            "requires_power": 0.007526081533836202,
            "time_in_business_day": 0.006972782595367392,
            "time_in_week_of_year": 0.13762575212557251,
            "time_in_week_of_month": 0.06572715992544864,
            "nominal_length_NOM20": 0.006914474043459483,
            "nominal_length_NOM40": 0.007594280796749543,
            "nominal_length_NOM45": 2.2313228698148735e-05,
            "freight_kind_FCL": 0.021857146251694458,
            "freight_kind_MTY": 0.020724563094477705,
            "category_EXPRT": 0.10474363221035937,
            "category_IMPRT": 0.1231811809827853,
            "category_STRGE": 0.004775341584476786,
            "category_THRGH": 0.0025461061260449586,
            "category_TRSHP": 0.016626116139791564
        },
        "elapsed_time_minutes": null
    },
    "dataset_name": "subset_base.csv"
}