{
    "model_type": "RandomForest",
    "bins": [
        0,
        6,
        9,
        21
    ],
    "scaled": true,
    "tuned": false,
    "stratified_split_testing": true,
    "week": 2,
    "month": 2,
    "metrics": {
        "accuracy": 0.1183993399339934,
        "precision": 0.3758099962130521,
        "recall": 0.3554959219060783,
        "f1_score": 0.16020701172608579,
        "matthews_corrcoef": 0.05354773269675005,
        "cohen_kappa_score": 0.019025817812375112,
        "roc_auc_score": 0.4974483827509378,
        "log_loss": 5.889876062449655,
        "confusion_matrix": [
            [
                236,
                614,
                6608
            ],
            [
                77,
                433,
                1103
            ],
            [
                25,
                121,
                479
            ]
        ],
        "classification_report": "              precision    recall  f1-score   support\n\n     00 - 05       0.70      0.03      0.06      7458\n     06 - 08       0.37      0.27      0.31      1613\n     09 - 20       0.06      0.77      0.11       625\n\n    accuracy                           0.12      9696\n   macro avg       0.38      0.36      0.16      9696\nweighted avg       0.60      0.12      0.11      9696\n",
        "feature_importances": {
            "time_in_month": 0.08608659000527766,
            "time_in_hour": 0.3115587743550619,
            "time_in_weekday": 0.11924182913658779,
            "requires_power": 0.007655906389779305,
            "time_in_business_day": 0.00689264570624586,
            "time_in_week_of_year": 0.13636789752311324,
            "time_in_week_of_month": 0.07314032540834521,
            "nominal_length_NOM20": 0.010007195583080962,
            "nominal_length_NOM40": 0.010608987998913376,
            "nominal_length_NOM45": 1.485426378637369e-05,
            "freight_kind_FCL": 0.01678503887791914,
            "freight_kind_MTY": 0.01755805242979352,
            "category_EXPRT": 0.06078019237254261,
            "category_IMPRT": 0.10622455073731206,
            "category_STRGE": 0.009809220535743422,
            "category_THRGH": 0.0017842890644425154,
            "category_TRSHP": 0.02548364961205509
        },
        "elapsed_time_minutes": null
    },
    "dataset_name": "subset_base.csv"
}