{
    "model_type": "RandomForest",
    "bins": [
        0,
        3,
        10,
        21
    ],
    "scaled": true,
    "tuned": false,
    "stratified_split_testing": false,
    "week": 2,
    "month": 3,
    "metrics": {
        "accuracy": 0.209586818125078,
        "precision": 0.47605264262497404,
        "recall": 0.4411734322338641,
        "f1_score": 0.18607871203707985,
        "matthews_corrcoef": 0.015917358504605447,
        "cohen_kappa_score": 0.009829857283814691,
        "roc_auc_score": 0.6595053459428576,
        "log_loss": 5.671715404435401,
        "confusion_matrix": [
            [
                280,
                1222,
                1918
            ],
            [
                33,
                1300,
                3154
            ],
            [
                0,
                5,
                99
            ]
        ],
        "classification_report": "              precision    recall  f1-score   support\n\n     00 - 02       0.89      0.08      0.15      3420\n     03 - 09       0.51      0.29      0.37      4487\n     10 - 20       0.02      0.95      0.04       104\n\n    accuracy                           0.21      8011\n   macro avg       0.48      0.44      0.19      8011\nweighted avg       0.67      0.21      0.27      8011\n",
        "feature_importances": {
            "time_in_month": 0.0757001158747198,
            "time_in_hour": 0.2369857277337291,
            "time_in_weekday": 0.11902772984185833,
            "requires_power": 0.007158122248470159,
            "time_in_business_day": 0.008196623660525627,
            "time_in_week_of_year": 0.1205855910980533,
            "time_in_week_of_month": 0.06867767805464431,
            "nominal_length_NOM20": 0.010006816532726526,
            "nominal_length_NOM40": 0.01004540885945036,
            "nominal_length_NOM45": 8.147325388765404e-06,
            "freight_kind_FCL": 0.025353754794782298,
            "freight_kind_MTY": 0.025903595919575785,
            "category_EXPRT": 0.08942454266475362,
            "category_IMPRT": 0.14034894594267625,
            "category_STRGE": 0.016449735232588403,
            "category_THRGH": 0.004149815027181475,
            "category_TRSHP": 0.041977649188875754
        },
        "elapsed_time_minutes": null
    },
    "dataset_name": "subset_base.csv"
}