{
    "model_type": "RandomForest",
    "bins": [
        0,
        3,
        10,
        21
    ],
    "scaled": false,
    "tuned": false,
    "stratified_split_testing": false,
    "week": 4,
    "month": 1,
    "metrics": {
        "accuracy": 0.6415729256802231,
        "precision": 0.5610552512193941,
        "recall": 0.5950947265826482,
        "f1_score": 0.5195301871430159,
        "matthews_corrcoef": 0.29615477596387324,
        "cohen_kappa_score": 0.2678561852757232,
        "roc_auc_score": 0.7930513405582421,
        "log_loss": 1.262081209550059,
        "confusion_matrix": [
            [
                914,
                2434,
                326
            ],
            [
                400,
                5420,
                397
            ],
            [
                16,
                155,
                339
            ]
        ],
        "classification_report": "              precision    recall  f1-score   support\n\n     00 - 02       0.69      0.25      0.37      3674\n     03 - 09       0.68      0.87      0.76      6217\n     10 - 20       0.32      0.66      0.43       510\n\n    accuracy                           0.64     10401\n   macro avg       0.56      0.60      0.52     10401\nweighted avg       0.66      0.64      0.61     10401\n",
        "feature_importances": {
            "time_in_month": 0.05217829340018921,
            "time_in_hour": 0.20924318307160317,
            "time_in_weekday": 0.08750737304554353,
            "requires_power": 0.008031595669919182,
            "time_in_business_day": 0.007913177562365212,
            "time_in_week_of_year": 0.09476545594841497,
            "time_in_week_of_month": 0.046127205101490744,
            "nominal_length_NOM20": 0.006550254533675895,
            "nominal_length_NOM40": 0.006396629493978104,
            "nominal_length_NOM45": 1.2044816787539817e-05,
            "freight_kind_FCL": 0.02994275480138599,
            "freight_kind_MTY": 0.02978373268736139,
            "category_EXPRT": 0.19918166024411824,
            "category_IMPRT": 0.1836674909957716,
            "category_STRGE": 0.008087587309209334,
            "category_THRGH": 0.006726793096232028,
            "category_TRSHP": 0.023884768221953904
        },
        "elapsed_time_minutes": null
    },
    "dataset_name": "subset_base.csv"
}