{
    "model_type": "RandomForest",
    "bins": [
        0,
        6,
        12,
        21
    ],
    "scaled": true,
    "tuned": false,
    "stratified_split_testing": true,
    "week": 3,
    "month": 1,
    "metrics": {
        "accuracy": 0.2870575221238938,
        "precision": 0.38794888372467623,
        "recall": 0.3821620840761921,
        "f1_score": 0.23458364372480997,
        "matthews_corrcoef": 0.1034971503885274,
        "cohen_kappa_score": 0.06551767968893774,
        "roc_auc_score": 0.6272209920292161,
        "log_loss": 4.822147916585975,
        "confusion_matrix": [
            [
                617,
                2670,
                1859
            ],
            [
                139,
                1421,
                400
            ],
            [
                9,
                79,
                38
            ]
        ],
        "classification_report": "              precision    recall  f1-score   support\n\n     00 - 05       0.81      0.12      0.21      5146\n     06 - 11       0.34      0.72      0.46      1960\n     12 - 20       0.02      0.30      0.03       126\n\n    accuracy                           0.29      7232\n   macro avg       0.39      0.38      0.23      7232\nweighted avg       0.67      0.29      0.27      7232\n",
        "feature_importances": {
            "time_in_month": 0.08952232667771252,
            "time_in_hour": 0.2522639908866961,
            "time_in_weekday": 0.12301776491968036,
            "requires_power": 0.007308581539277212,
            "time_in_business_day": 0.0084633788697552,
            "time_in_week_of_year": 0.1393126361751486,
            "time_in_week_of_month": 0.08158009330270367,
            "nominal_length_NOM20": 0.01102309984451048,
            "nominal_length_NOM40": 0.011273122463497846,
            "nominal_length_NOM45": 9.845863262103614e-06,
            "freight_kind_FCL": 0.022702469299075885,
            "freight_kind_MTY": 0.019986993988260263,
            "category_EXPRT": 0.06966006636327376,
            "category_IMPRT": 0.1054958456966075,
            "category_STRGE": 0.027690726575074813,
            "category_THRGH": 0.0017150763321918097,
            "category_TRSHP": 0.02897398120327183
        },
        "elapsed_time_minutes": null
    },
    "dataset_name": "subset_base.csv"
}