{
    "model_type": "RandomForest",
    "bins": [
        0,
        5,
        10,
        21
    ],
    "scaled": true,
    "tuned": false,
    "stratified_split_testing": true,
    "week": 4,
    "month": 2,
    "metrics": {
        "accuracy": 0.3962655601659751,
        "precision": 0.44210938265642435,
        "recall": 0.3802736607968897,
        "f1_score": 0.34162049155788093,
        "matthews_corrcoef": 0.19298906093489648,
        "cohen_kappa_score": 0.14820001520237724,
        "roc_auc_score": 0.5760155914641697,
        "log_loss": 2.2495219572210456,
        "confusion_matrix": [
            [
                2235,
                1973,
                3092
            ],
            [
                325,
                1888,
                624
            ],
            [
                52,
                336,
                79
            ]
        ],
        "classification_report": "              precision    recall  f1-score   support\n\n     00 - 04       0.86      0.31      0.45      7300\n     05 - 09       0.45      0.67      0.54      2837\n     10 - 20       0.02      0.17      0.04       467\n\n    accuracy                           0.40     10604\n   macro avg       0.44      0.38      0.34     10604\nweighted avg       0.71      0.40      0.46     10604\n",
        "feature_importances": {
            "time_in_month": 0.08386791327186398,
            "time_in_hour": 0.2786481099345272,
            "time_in_weekday": 0.11300343431279297,
            "requires_power": 0.007911974434439036,
            "time_in_business_day": 0.006700609533792052,
            "time_in_week_of_year": 0.13245661047659246,
            "time_in_week_of_month": 0.07430503815628885,
            "nominal_length_NOM20": 0.010255894397181742,
            "nominal_length_NOM40": 0.009971076289833661,
            "nominal_length_NOM45": 1.2295899511105577e-05,
            "freight_kind_FCL": 0.02052608682898984,
            "freight_kind_MTY": 0.019254397493072176,
            "category_EXPRT": 0.07613796745205934,
            "category_IMPRT": 0.11545415646101845,
            "category_STRGE": 0.015642428578731007,
            "category_THRGH": 0.0019973414885849066,
            "category_TRSHP": 0.03385466499072129
        },
        "elapsed_time_minutes": null
    },
    "dataset_name": "subset_base.csv"
}