{
    "model_type": "RandomForest",
    "bins": [
        0,
        3,
        11,
        21
    ],
    "scaled": false,
    "tuned": false,
    "stratified_split_testing": false,
    "week": 1,
    "month": 1,
    "metrics": {
        "accuracy": 0.38151001540832047,
        "precision": 0.5021715273782963,
        "recall": 0.5161659122242097,
        "f1_score": 0.29399279583272436,
        "matthews_corrcoef": 0.13317765873884663,
        "cohen_kappa_score": 0.10238143952865875,
        "roc_auc_score": 0.7240498130308418,
        "log_loss": 1.7616134470335376,
        "confusion_matrix": [
            [
                322,
                1081,
                1233
            ],
            [
                72,
                2038,
                1612
            ],
            [
                0,
                16,
                116
            ]
        ],
        "classification_report": "              precision    recall  f1-score   support\n\n     00 - 02       0.82      0.12      0.21      2636\n     03 - 10       0.65      0.55      0.59      3722\n     11 - 20       0.04      0.88      0.08       132\n\n    accuracy                           0.38      6490\n   macro avg       0.50      0.52      0.29      6490\nweighted avg       0.71      0.38      0.43      6490\n",
        "feature_importances": {
            "time_in_month": 0.049717726825211465,
            "time_in_hour": 0.19730649539711206,
            "time_in_weekday": 0.08708262754555067,
            "requires_power": 0.007583433057338539,
            "time_in_business_day": 0.00839634441012013,
            "time_in_week_of_year": 0.08950093821055408,
            "time_in_week_of_month": 0.04351987569237476,
            "nominal_length_NOM20": 0.0062127510849484865,
            "nominal_length_NOM40": 0.005959450895399812,
            "nominal_length_NOM45": 1.2430910365974192e-05,
            "freight_kind_FCL": 0.031613861136292845,
            "freight_kind_MTY": 0.03169151840188391,
            "category_EXPRT": 0.19099200866368823,
            "category_IMPRT": 0.210799925435038,
            "category_STRGE": 0.00879747081815031,
            "category_THRGH": 0.007856310400479741,
            "category_TRSHP": 0.022956831115490777
        },
        "elapsed_time_minutes": null
    },
    "dataset_name": "subset_base.csv"
}