{
    "model_type": "RandomForest",
    "bins": [
        0,
        3,
        10,
        21
    ],
    "scaled": true,
    "tuned": false,
    "stratified_split_testing": true,
    "week": 1,
    "month": 3,
    "metrics": {
        "accuracy": 0.14313346228239845,
        "precision": 0.5079799389953032,
        "recall": 0.362244929871486,
        "f1_score": 0.1502773371662842,
        "matthews_corrcoef": 0.09100450185760264,
        "cohen_kappa_score": 0.03863271148415892,
        "roc_auc_score": 0.6024921661583816,
        "log_loss": 2.112768729883604,
        "confusion_matrix": [
            [
                238,
                288,
                3501
            ],
            [
                50,
                720,
                3645
            ],
            [
                12,
                35,
                300
            ]
        ],
        "classification_report": "              precision    recall  f1-score   support\n\n     00 - 02       0.79      0.06      0.11      4027\n     03 - 09       0.69      0.16      0.26      4415\n     10 - 20       0.04      0.86      0.08       347\n\n    accuracy                           0.14      8789\n   macro avg       0.51      0.36      0.15      8789\nweighted avg       0.71      0.14      0.19      8789\n",
        "feature_importances": {
            "time_in_month": 0.07628411452195227,
            "time_in_hour": 0.23633762407721481,
            "time_in_weekday": 0.11792939831480982,
            "requires_power": 0.0071832388169463714,
            "time_in_business_day": 0.007778755009269691,
            "time_in_week_of_year": 0.12245186440525409,
            "time_in_week_of_month": 0.06937287425305338,
            "nominal_length_NOM20": 0.009782264447824724,
            "nominal_length_NOM40": 0.00998170122308648,
            "nominal_length_NOM45": 1.323751702450254e-05,
            "freight_kind_FCL": 0.026884703975500232,
            "freight_kind_MTY": 0.024969278648777408,
            "category_EXPRT": 0.08273526944010808,
            "category_IMPRT": 0.1454163540664381,
            "category_STRGE": 0.015767624126196155,
            "category_THRGH": 0.004109447216723048,
            "category_TRSHP": 0.043002249939820894
        },
        "elapsed_time_minutes": null
    },
    "dataset_name": "subset_base.csv"
}