{
    "model_type": "RandomForest",
    "bins": [
        0,
        5,
        12,
        21
    ],
    "scaled": false,
    "tuned": false,
    "stratified_split_testing": false,
    "week": 2,
    "month": 3,
    "metrics": {
        "accuracy": 0.2544001997253776,
        "precision": 0.410616988199139,
        "recall": 0.4544690503390883,
        "f1_score": 0.1932876394346433,
        "matthews_corrcoef": 0.014818740499325012,
        "cohen_kappa_score": 0.008705977260381914,
        "roc_auc_score": 0.6241632326909792,
        "log_loss": 3.7131869051229787,
        "confusion_matrix": [
            [
                764,
                4026,
                1063
            ],
            [
                9,
                1265,
                870
            ],
            [
                0,
                5,
                9
            ]
        ],
        "classification_report": "              precision    recall  f1-score   support\n\n     00 - 04       0.99      0.13      0.23      5853\n     05 - 11       0.24      0.59      0.34      2144\n     12 - 20       0.00      0.64      0.01        14\n\n    accuracy                           0.25      8011\n   macro avg       0.41      0.45      0.19      8011\nweighted avg       0.79      0.25      0.26      8011\n",
        "feature_importances": {
            "time_in_month": 0.0622752840472803,
            "time_in_hour": 0.2527491114613763,
            "time_in_weekday": 0.08885498742678988,
            "requires_power": 0.007049906495478367,
            "time_in_business_day": 0.005359668055042174,
            "time_in_week_of_year": 0.11858194122427151,
            "time_in_week_of_month": 0.05875599211233154,
            "nominal_length_NOM20": 0.0059292884686852985,
            "nominal_length_NOM40": 0.006197139851988281,
            "nominal_length_NOM45": 2.3921352275376835e-05,
            "freight_kind_FCL": 0.02731167777561272,
            "freight_kind_MTY": 0.027984043104413898,
            "category_EXPRT": 0.1381892656930157,
            "category_IMPRT": 0.17200604856738214,
            "category_STRGE": 0.005692306358529501,
            "category_THRGH": 0.0038977885514929777,
            "category_TRSHP": 0.0191416294540341
        },
        "elapsed_time_minutes": null
    },
    "dataset_name": "subset_base.csv"
}