{
    "model_type": "RandomForest",
    "bins": [
        0,
        6,
        10,
        21
    ],
    "scaled": true,
    "tuned": false,
    "stratified_split_testing": false,
    "week": 2,
    "month": 3,
    "metrics": {
        "accuracy": 0.14043190612907253,
        "precision": 0.3600350204159393,
        "recall": 0.4297104513706067,
        "f1_score": 0.13211324216003087,
        "matthews_corrcoef": 0.024208746008925735,
        "cohen_kappa_score": 0.010160649742699701,
        "roc_auc_score": 0.6042483750874137,
        "log_loss": 5.024760436974529,
        "confusion_matrix": [
            [
                790,
                1751,
                4254
            ],
            [
                48,
                235,
                829
            ],
            [
                0,
                4,
                100
            ]
        ],
        "classification_report": "              precision    recall  f1-score   support\n\n     00 - 05       0.94      0.12      0.21      6795\n     06 - 09       0.12      0.21      0.15      1112\n     10 - 20       0.02      0.96      0.04       104\n\n    accuracy                           0.14      8011\n   macro avg       0.36      0.43      0.13      8011\nweighted avg       0.82      0.14      0.20      8011\n",
        "feature_importances": {
            "time_in_month": 0.0854358738290259,
            "time_in_hour": 0.28750604660844253,
            "time_in_weekday": 0.12016124872579727,
            "requires_power": 0.008110643115305724,
            "time_in_business_day": 0.007164958142333836,
            "time_in_week_of_year": 0.1362232882889401,
            "time_in_week_of_month": 0.07471040139449317,
            "nominal_length_NOM20": 0.010360034095594195,
            "nominal_length_NOM40": 0.010442152198953508,
            "nominal_length_NOM45": 7.530215177220939e-06,
            "freight_kind_FCL": 0.018304986421383777,
            "freight_kind_MTY": 0.01685680090440907,
            "category_EXPRT": 0.06727820464295584,
            "category_IMPRT": 0.10707116660927037,
            "category_STRGE": 0.017552715735307846,
            "category_THRGH": 0.001793841257069282,
            "category_TRSHP": 0.03102010781554028
        },
        "elapsed_time_minutes": null
    },
    "dataset_name": "subset_base.csv"
}