{
    "model_type": "RandomForest",
    "bins": [
        0,
        5,
        12,
        21
    ],
    "scaled": true,
    "tuned": false,
    "stratified_split_testing": true,
    "week": 4,
    "month": 1,
    "metrics": {
        "accuracy": 0.3807326218632824,
        "precision": 0.42669802228061265,
        "recall": 0.44871903692073944,
        "f1_score": 0.31500453089286884,
        "matthews_corrcoef": 0.17652879472714753,
        "cohen_kappa_score": 0.13252734180784131,
        "roc_auc_score": 0.6879403461961832,
        "log_loss": 1.6630452999895546,
        "confusion_matrix": [
            [
                1193,
                2787,
                2576
            ],
            [
                347,
                2637,
                550
            ],
            [
                12,
                169,
                130
            ]
        ],
        "classification_report": "              precision    recall  f1-score   support\n\n     00 - 04       0.77      0.18      0.29      6556\n     05 - 11       0.47      0.75      0.58      3534\n     12 - 20       0.04      0.42      0.07       311\n\n    accuracy                           0.38     10401\n   macro avg       0.43      0.45      0.32     10401\nweighted avg       0.65      0.38      0.38     10401\n",
        "feature_importances": {
            "time_in_month": 0.08562967201372709,
            "time_in_hour": 0.24112624923890313,
            "time_in_weekday": 0.12035593553452277,
            "requires_power": 0.00763983546311097,
            "time_in_business_day": 0.008449997666936503,
            "time_in_week_of_year": 0.13490372203651438,
            "time_in_week_of_month": 0.07900139274278492,
            "nominal_length_NOM20": 0.011516022866861314,
            "nominal_length_NOM40": 0.011254909740096781,
            "nominal_length_NOM45": 9.613187535312558e-06,
            "freight_kind_FCL": 0.024321944005255412,
            "freight_kind_MTY": 0.02213288496048478,
            "category_EXPRT": 0.07202369892053195,
            "category_IMPRT": 0.11980513874344069,
            "category_STRGE": 0.029704014107491947,
            "category_THRGH": 0.0022891619085136238,
            "category_TRSHP": 0.029835806863288492
        },
        "elapsed_time_minutes": null
    },
    "dataset_name": "subset_base.csv"
}