{
    "model_type": "RandomForest",
    "bins": [
        0,
        3,
        10,
        21
    ],
    "scaled": true,
    "tuned": false,
    "stratified_split_testing": false,
    "week": 1,
    "month": 3,
    "metrics": {
        "accuracy": 0.17100921606553646,
        "precision": 0.4933412397324499,
        "recall": 0.3814408200514275,
        "f1_score": 0.17677862612202389,
        "matthews_corrcoef": 0.08621408723649122,
        "cohen_kappa_score": 0.04280791454464805,
        "roc_auc_score": 0.6346112118877454,
        "log_loss": 2.2605779037342746,
        "confusion_matrix": [
            [
                334,
                523,
                3170
            ],
            [
                59,
                869,
                3487
            ],
            [
                10,
                37,
                300
            ]
        ],
        "classification_report": "              precision    recall  f1-score   support\n\n     00 - 02       0.83      0.08      0.15      4027\n     03 - 09       0.61      0.20      0.30      4415\n     10 - 20       0.04      0.86      0.08       347\n\n    accuracy                           0.17      8789\n   macro avg       0.49      0.38      0.18      8789\nweighted avg       0.69      0.17      0.22      8789\n",
        "feature_importances": {
            "time_in_month": 0.0757001158747198,
            "time_in_hour": 0.2369857277337291,
            "time_in_weekday": 0.11902772984185833,
            "requires_power": 0.007158122248470159,
            "time_in_business_day": 0.008196623660525627,
            "time_in_week_of_year": 0.1205855910980533,
            "time_in_week_of_month": 0.06867767805464431,
            "nominal_length_NOM20": 0.010006816532726526,
            "nominal_length_NOM40": 0.01004540885945036,
            "nominal_length_NOM45": 8.147325388765404e-06,
            "freight_kind_FCL": 0.025353754794782298,
            "freight_kind_MTY": 0.025903595919575785,
            "category_EXPRT": 0.08942454266475362,
            "category_IMPRT": 0.14034894594267625,
            "category_STRGE": 0.016449735232588403,
            "category_THRGH": 0.004149815027181475,
            "category_TRSHP": 0.041977649188875754
        },
        "elapsed_time_minutes": null
    },
    "dataset_name": "subset_base.csv"
}