{
    "model_type": "RandomForest",
    "bins": [
        0,
        4,
        10,
        21
    ],
    "scaled": false,
    "tuned": false,
    "stratified_split_testing": false,
    "week": 2,
    "month": 1,
    "metrics": {
        "accuracy": 0.2609545073960368,
        "precision": 0.42185094370657134,
        "recall": 0.4628525465803753,
        "f1_score": 0.2246189428388938,
        "matthews_corrcoef": 0.11466130713868558,
        "cohen_kappa_score": 0.07393872677687885,
        "roc_auc_score": 0.6566834715595138,
        "log_loss": 2.8746061539082794,
        "confusion_matrix": [
            [
                310,
                2329,
                3752
            ],
            [
                95,
                2334,
                1722
            ],
            [
                14,
                32,
                161
            ]
        ],
        "classification_report": "              precision    recall  f1-score   support\n\n     00 - 03       0.74      0.05      0.09      6391\n     04 - 09       0.50      0.56      0.53      4151\n     10 - 20       0.03      0.78      0.06       207\n\n    accuracy                           0.26     10749\n   macro avg       0.42      0.46      0.22     10749\nweighted avg       0.63      0.26      0.26     10749\n",
        "feature_importances": {
            "time_in_month": 0.055196610379092306,
            "time_in_hour": 0.23033056674807198,
            "time_in_weekday": 0.08695241391913161,
            "requires_power": 0.007535166414390587,
            "time_in_business_day": 0.005941037070562075,
            "time_in_week_of_year": 0.10266399540293988,
            "time_in_week_of_month": 0.053201421071945344,
            "nominal_length_NOM20": 0.006778288541952552,
            "nominal_length_NOM40": 0.006424105776937964,
            "nominal_length_NOM45": 1.6585012765272707e-05,
            "freight_kind_FCL": 0.02948673084218387,
            "freight_kind_MTY": 0.02966518096911592,
            "category_EXPRT": 0.16093553615471493,
            "category_IMPRT": 0.19508573715925898,
            "category_STRGE": 0.006159737610868539,
            "category_THRGH": 0.004608627798293505,
            "category_TRSHP": 0.019018259127774828
        },
        "elapsed_time_minutes": null
    },
    "dataset_name": "subset_base.csv"
}