{
    "model_type": "RandomForest",
    "bins": [
        0,
        6,
        11,
        21
    ],
    "scaled": true,
    "tuned": false,
    "stratified_split_testing": true,
    "week": 2,
    "month": 1,
    "metrics": {
        "accuracy": 0.11377802586287096,
        "precision": 0.3484404416904015,
        "recall": 0.5145048493244483,
        "f1_score": 0.14659443478288445,
        "matthews_corrcoef": 0.10028809041277277,
        "cohen_kappa_score": 0.03738382149535113,
        "roc_auc_score": 0.5737603426316684,
        "log_loss": 8.979536762685477,
        "confusion_matrix": [
            [
                304,
                2397,
                6475
            ],
            [
                83,
                772,
                566
            ],
            [
                2,
                3,
                147
            ]
        ],
        "classification_report": "              precision    recall  f1-score   support\n\n     00 - 05       0.78      0.03      0.06      9176\n     06 - 10       0.24      0.54      0.34      1421\n     11 - 20       0.02      0.97      0.04       152\n\n    accuracy                           0.11     10749\n   macro avg       0.35      0.51      0.15     10749\nweighted avg       0.70      0.11      0.10     10749\n",
        "feature_importances": {
            "time_in_month": 0.08879331582284955,
            "time_in_hour": 0.26802030130263027,
            "time_in_weekday": 0.12006759678063487,
            "requires_power": 0.0071376564534568815,
            "time_in_business_day": 0.006923020308071462,
            "time_in_week_of_year": 0.1370307070221847,
            "time_in_week_of_month": 0.0794873617842286,
            "nominal_length_NOM20": 0.010713882695904333,
            "nominal_length_NOM40": 0.010623784933915624,
            "nominal_length_NOM45": 1.007857190871411e-05,
            "freight_kind_FCL": 0.02007487728268298,
            "freight_kind_MTY": 0.019008738101109975,
            "category_EXPRT": 0.07027922775165152,
            "category_IMPRT": 0.10673997570039578,
            "category_STRGE": 0.02299586986416854,
            "category_THRGH": 0.0017896376129767542,
            "category_TRSHP": 0.030303968011229265
        },
        "elapsed_time_minutes": null
    },
    "dataset_name": "subset_base.csv"
}