{
    "model_type": "RandomForest",
    "bins": [
        0,
        5,
        9,
        21
    ],
    "scaled": true,
    "tuned": false,
    "stratified_split_testing": true,
    "week": 4,
    "month": 2,
    "metrics": {
        "accuracy": 0.3400603545831762,
        "precision": 0.4080198187782398,
        "recall": 0.3462196228528552,
        "f1_score": 0.3017734899309605,
        "matthews_corrcoef": 0.11358873240048924,
        "cohen_kappa_score": 0.08614735803397888,
        "roc_auc_score": 0.5886789173502194,
        "log_loss": 2.203290148089045,
        "confusion_matrix": [
            [
                2054,
                2237,
                3009
            ],
            [
                264,
                1399,
                954
            ],
            [
                124,
                410,
                153
            ]
        ],
        "classification_report": "              precision    recall  f1-score   support\n\n     00 - 04       0.84      0.28      0.42      7300\n     05 - 08       0.35      0.53      0.42      2617\n     09 - 20       0.04      0.22      0.06       687\n\n    accuracy                           0.34     10604\n   macro avg       0.41      0.35      0.30     10604\nweighted avg       0.67      0.34      0.40     10604\n",
        "feature_importances": {
            "time_in_month": 0.08331823920476619,
            "time_in_hour": 0.3087106650138023,
            "time_in_weekday": 0.11135537910278766,
            "requires_power": 0.0078643217634196,
            "time_in_business_day": 0.0063611773178618375,
            "time_in_week_of_year": 0.1319193887989351,
            "time_in_week_of_month": 0.06830502954071063,
            "nominal_length_NOM20": 0.009709375243568708,
            "nominal_length_NOM40": 0.009678083823351185,
            "nominal_length_NOM45": 1.4421633094231254e-05,
            "freight_kind_FCL": 0.01801662447176575,
            "freight_kind_MTY": 0.018166106020949202,
            "category_EXPRT": 0.07029078948169423,
            "category_IMPRT": 0.11779423146282551,
            "category_STRGE": 0.009750593987405418,
            "category_THRGH": 0.0020758881230836575,
            "category_TRSHP": 0.026669685009978954
        },
        "elapsed_time_minutes": null
    },
    "dataset_name": "subset_base.csv"
}