{
    "model_type": "RandomForest",
    "bins": [
        0,
        5,
        9,
        21
    ],
    "scaled": false,
    "tuned": false,
    "stratified_split_testing": true,
    "week": 2,
    "month": 1,
    "metrics": {
        "accuracy": 0.08484510186994139,
        "precision": 0.43230073614219916,
        "recall": 0.36809438407109746,
        "f1_score": 0.11701450204939945,
        "matthews_corrcoef": 0.06960007953991176,
        "cohen_kappa_score": 0.022719963399798315,
        "roc_auc_score": 0.620651114351954,
        "log_loss": 4.202335410796029,
        "confusion_matrix": [
            [
                215,
                703,
                7014
            ],
            [
                9,
                469,
                2084
            ],
            [
                22,
                5,
                228
            ]
        ],
        "classification_report": "              precision    recall  f1-score   support\n\n     00 - 04       0.87      0.03      0.05      7932\n     05 - 08       0.40      0.18      0.25      2562\n     09 - 20       0.02      0.89      0.05       255\n\n    accuracy                           0.08     10749\n   macro avg       0.43      0.37      0.12     10749\nweighted avg       0.74      0.08      0.10     10749\n",
        "feature_importances": {
            "time_in_month": 0.06762091694220562,
            "time_in_hour": 0.27144532945566624,
            "time_in_weekday": 0.09780439954739346,
            "requires_power": 0.008084570396257188,
            "time_in_business_day": 0.005750627940020962,
            "time_in_week_of_year": 0.12641832448581083,
            "time_in_week_of_month": 0.06349375288629319,
            "nominal_length_NOM20": 0.006940308326558034,
            "nominal_length_NOM40": 0.007056851848143234,
            "nominal_length_NOM45": 2.567605439667524e-05,
            "freight_kind_FCL": 0.025321705520741377,
            "freight_kind_MTY": 0.024289930773435962,
            "category_EXPRT": 0.1276599822183134,
            "category_IMPRT": 0.14013064056513086,
            "category_STRGE": 0.005095213630198805,
            "category_THRGH": 0.0031549287941876987,
            "category_TRSHP": 0.019706840615246447
        },
        "elapsed_time_minutes": null
    },
    "dataset_name": "subset_base.csv"
}