{
    "model_type": "RandomForest",
    "bins": [
        0,
        5,
        10,
        21
    ],
    "scaled": false,
    "tuned": false,
    "stratified_split_testing": false,
    "week": 1,
    "month": 3,
    "metrics": {
        "accuracy": 0.2770508590283309,
        "precision": 0.48120286309888255,
        "recall": 0.4515153135933408,
        "f1_score": 0.2661909897542638,
        "matthews_corrcoef": 0.17236575096818235,
        "cohen_kappa_score": 0.0975177729604716,
        "roc_auc_score": 0.6865606888987767,
        "log_loss": 2.509587588081405,
        "confusion_matrix": [
            [
                1673,
                570,
                4041
            ],
            [
                52,
                458,
                1648
            ],
            [
                33,
                10,
                304
            ]
        ],
        "classification_report": "              precision    recall  f1-score   support\n\n     00 - 04       0.95      0.27      0.42      6284\n     05 - 09       0.44      0.21      0.29      2158\n     10 - 20       0.05      0.88      0.10       347\n\n    accuracy                           0.28      8789\n   macro avg       0.48      0.45      0.27      8789\nweighted avg       0.79      0.28      0.37      8789\n",
        "feature_importances": {
            "time_in_month": 0.06305944096308383,
            "time_in_hour": 0.2617071773057389,
            "time_in_weekday": 0.09488510678620923,
            "requires_power": 0.0076687566870855305,
            "time_in_business_day": 0.005717856090446259,
            "time_in_week_of_year": 0.12094899172302298,
            "time_in_week_of_month": 0.0601426134934117,
            "nominal_length_NOM20": 0.006288565608288825,
            "nominal_length_NOM40": 0.006501294909176813,
            "nominal_length_NOM45": 2.711450360605988e-05,
            "freight_kind_FCL": 0.025694079674567622,
            "freight_kind_MTY": 0.027005522952093682,
            "category_EXPRT": 0.13564957966153612,
            "category_IMPRT": 0.15596750294608985,
            "category_STRGE": 0.005442955624984275,
            "category_THRGH": 0.003534003987099709,
            "category_TRSHP": 0.01975943708355866
        },
        "elapsed_time_minutes": null
    },
    "dataset_name": "subset_base.csv"
}