{
    "model_type": "RandomForest",
    "bins": [
        0,
        6,
        9,
        21
    ],
    "scaled": true,
    "tuned": false,
    "stratified_split_testing": false,
    "week": 1,
    "month": 3,
    "metrics": {
        "accuracy": 0.18739333257480942,
        "precision": 0.4089105269847702,
        "recall": 0.3876425086670361,
        "f1_score": 0.22071028031525683,
        "matthews_corrcoef": 0.07113175659668351,
        "cohen_kappa_score": 0.03194285901641403,
        "roc_auc_score": 0.5459914492493211,
        "log_loss": 3.18614757895943,
        "confusion_matrix": [
            [
                819,
                589,
                5482
            ],
            [
                160,
                412,
                761
            ],
            [
                64,
                86,
                416
            ]
        ],
        "classification_report": "              precision    recall  f1-score   support\n\n     00 - 05       0.79      0.12      0.21      6890\n     06 - 08       0.38      0.31      0.34      1333\n     09 - 20       0.06      0.73      0.12       566\n\n    accuracy                           0.19      8789\n   macro avg       0.41      0.39      0.22      8789\nweighted avg       0.68      0.19      0.22      8789\n",
        "feature_importances": {
            "time_in_month": 0.0854926928656923,
            "time_in_hour": 0.31581390715747504,
            "time_in_weekday": 0.11443495558315017,
            "requires_power": 0.00789662441580065,
            "time_in_business_day": 0.006400097214976218,
            "time_in_week_of_year": 0.13819967362304114,
            "time_in_week_of_month": 0.07304134768009805,
            "nominal_length_NOM20": 0.010153635414869628,
            "nominal_length_NOM40": 0.01049717572310944,
            "nominal_length_NOM45": 1.4639502661357835e-05,
            "freight_kind_FCL": 0.01620976357774125,
            "freight_kind_MTY": 0.016776871087567303,
            "category_EXPRT": 0.06201548056201787,
            "category_IMPRT": 0.10593769709339866,
            "category_STRGE": 0.009408736118245045,
            "category_THRGH": 0.0016780111009456144,
            "category_TRSHP": 0.02602869127921037
        },
        "elapsed_time_minutes": null
    },
    "dataset_name": "subset_base.csv"
}