{
    "model_type": "RandomForest",
    "bins": [
        0,
        6,
        12,
        21
    ],
    "scaled": false,
    "tuned": false,
    "stratified_split_testing": true,
    "week": 4,
    "month": 1,
    "metrics": {
        "accuracy": 0.31843092010383617,
        "precision": 0.3943288548841812,
        "recall": 0.4879341201788792,
        "f1_score": 0.2753777849490754,
        "matthews_corrcoef": 0.12525933420560334,
        "cohen_kappa_score": 0.08230614614151754,
        "roc_auc_score": 0.6608778886229424,
        "log_loss": 1.756784801920367,
        "confusion_matrix": [
            [
                1208,
                3963,
                2311
            ],
            [
                274,
                1929,
                405
            ],
            [
                26,
                110,
                175
            ]
        ],
        "classification_report": "              precision    recall  f1-score   support\n\n     00 - 05       0.80      0.16      0.27      7482\n     06 - 11       0.32      0.74      0.45      2608\n     12 - 20       0.06      0.56      0.11       311\n\n    accuracy                           0.32     10401\n   macro avg       0.39      0.49      0.28     10401\nweighted avg       0.66      0.32      0.31     10401\n",
        "feature_importances": {
            "time_in_month": 0.07189262540225558,
            "time_in_hour": 0.2862474352072447,
            "time_in_weekday": 0.10761698623685373,
            "requires_power": 0.007862983187776418,
            "time_in_business_day": 0.006709782519275668,
            "time_in_week_of_year": 0.13894810609557598,
            "time_in_week_of_month": 0.06721106651395971,
            "nominal_length_NOM20": 0.006624423148555002,
            "nominal_length_NOM40": 0.006728442785793571,
            "nominal_length_NOM45": 1.8221614596808596e-05,
            "freight_kind_FCL": 0.02153219446572606,
            "freight_kind_MTY": 0.020476854817752594,
            "category_EXPRT": 0.10326604786350391,
            "category_IMPRT": 0.1278811364156417,
            "category_STRGE": 0.005003731989238693,
            "category_THRGH": 0.0025852445118351164,
            "category_TRSHP": 0.019394717224414815
        },
        "elapsed_time_minutes": null
    },
    "dataset_name": "subset_base.csv"
}