{
    "model_type": "RandomForest",
    "bins": [
        0,
        6,
        12,
        21
    ],
    "scaled": false,
    "tuned": false,
    "stratified_split_testing": true,
    "week": 3,
    "month": 1,
    "metrics": {
        "accuracy": 0.2706028761061947,
        "precision": 0.37402466215981894,
        "recall": 0.36176288799408,
        "f1_score": 0.21860609664053288,
        "matthews_corrcoef": 0.07415977292555134,
        "cohen_kappa_score": 0.04622358412500083,
        "roc_auc_score": 0.6116362129938648,
        "log_loss": 4.977905475650419,
        "confusion_matrix": [
            [
                548,
                2851,
                1747
            ],
            [
                139,
                1374,
                447
            ],
            [
                9,
                82,
                35
            ]
        ],
        "classification_report": "              precision    recall  f1-score   support\n\n     00 - 05       0.79      0.11      0.19      5146\n     06 - 11       0.32      0.70      0.44      1960\n     12 - 20       0.02      0.28      0.03       126\n\n    accuracy                           0.27      7232\n   macro avg       0.37      0.36      0.22      7232\nweighted avg       0.65      0.27      0.25      7232\n",
        "feature_importances": {
            "time_in_month": 0.07189262540225558,
            "time_in_hour": 0.2862474352072447,
            "time_in_weekday": 0.10761698623685373,
            "requires_power": 0.007862983187776418,
            "time_in_business_day": 0.006709782519275668,
            "time_in_week_of_year": 0.13894810609557598,
            "time_in_week_of_month": 0.06721106651395971,
            "nominal_length_NOM20": 0.006624423148555002,
            "nominal_length_NOM40": 0.006728442785793571,
            "nominal_length_NOM45": 1.8221614596808596e-05,
            "freight_kind_FCL": 0.02153219446572606,
            "freight_kind_MTY": 0.020476854817752594,
            "category_EXPRT": 0.10326604786350391,
            "category_IMPRT": 0.1278811364156417,
            "category_STRGE": 0.005003731989238693,
            "category_THRGH": 0.0025852445118351164,
            "category_TRSHP": 0.019394717224414815
        },
        "elapsed_time_minutes": null
    },
    "dataset_name": "subset_base.csv"
}