{
    "model_type": "RandomForest",
    "bins": [
        0,
        5,
        11,
        21
    ],
    "scaled": true,
    "tuned": false,
    "stratified_split_testing": false,
    "week": 2,
    "month": 1,
    "metrics": {
        "accuracy": 0.19369243650572146,
        "precision": 0.44679618339352895,
        "recall": 0.49938303174826776,
        "f1_score": 0.2084621193206496,
        "matthews_corrcoef": 0.17858271050498817,
        "cohen_kappa_score": 0.08858963648346174,
        "roc_auc_score": 0.6280920770131906,
        "log_loss": 5.70820445791608,
        "confusion_matrix": [
            [
                235,
                2075,
                5622
            ],
            [
                27,
                1722,
                916
            ],
            [
                8,
                19,
                125
            ]
        ],
        "classification_report": "              precision    recall  f1-score   support\n\n     00 - 04       0.87      0.03      0.06      7932\n     05 - 10       0.45      0.65      0.53      2665\n     11 - 20       0.02      0.82      0.04       152\n\n    accuracy                           0.19     10749\n   macro avg       0.45      0.50      0.21     10749\nweighted avg       0.75      0.19      0.17     10749\n",
        "feature_importances": {
            "time_in_month": 0.08687921301898499,
            "time_in_hour": 0.26102327165737454,
            "time_in_weekday": 0.11476227051687127,
            "requires_power": 0.007204328596689173,
            "time_in_business_day": 0.0059704955965607966,
            "time_in_week_of_year": 0.1333724123164743,
            "time_in_week_of_month": 0.0769511181484795,
            "nominal_length_NOM20": 0.010744834832969433,
            "nominal_length_NOM40": 0.010729494131785014,
            "nominal_length_NOM45": 9.149146904417118e-06,
            "freight_kind_FCL": 0.02363949828197122,
            "freight_kind_MTY": 0.02037007008052024,
            "category_EXPRT": 0.07668166782590359,
            "category_IMPRT": 0.11399273757175449,
            "category_STRGE": 0.02210047387217907,
            "category_THRGH": 0.0021199363551207833,
            "category_TRSHP": 0.03344902804945721
        },
        "elapsed_time_minutes": null
    },
    "dataset_name": "subset_base.csv"
}