{
    "model_type": "RandomForest",
    "bins": [
        0,
        5,
        12,
        21
    ],
    "scaled": false,
    "tuned": false,
    "stratified_split_testing": false,
    "week": 3,
    "month": 1,
    "metrics": {
        "accuracy": 0.33241150442477874,
        "precision": 0.40485468115705475,
        "recall": 0.3705091183563363,
        "f1_score": 0.23181903887736685,
        "matthews_corrcoef": 0.04960289610299098,
        "cohen_kappa_score": 0.03022627195240224,
        "roc_auc_score": 0.6333200545073674,
        "log_loss": 4.993096703665191,
        "confusion_matrix": [
            [
                427,
                3547,
                664
            ],
            [
                80,
                1948,
                440
            ],
            [
                1,
                96,
                29
            ]
        ],
        "classification_report": "              precision    recall  f1-score   support\n\n     00 - 04       0.84      0.09      0.17      4638\n     05 - 11       0.35      0.79      0.48      2468\n     12 - 20       0.03      0.23      0.05       126\n\n    accuracy                           0.33      7232\n   macro avg       0.40      0.37      0.23      7232\nweighted avg       0.66      0.33      0.27      7232\n",
        "feature_importances": {
            "time_in_month": 0.0622752840472803,
            "time_in_hour": 0.2527491114613763,
            "time_in_weekday": 0.08885498742678988,
            "requires_power": 0.007049906495478367,
            "time_in_business_day": 0.005359668055042174,
            "time_in_week_of_year": 0.11858194122427151,
            "time_in_week_of_month": 0.05875599211233154,
            "nominal_length_NOM20": 0.0059292884686852985,
            "nominal_length_NOM40": 0.006197139851988281,
            "nominal_length_NOM45": 2.3921352275376835e-05,
            "freight_kind_FCL": 0.02731167777561272,
            "freight_kind_MTY": 0.027984043104413898,
            "category_EXPRT": 0.1381892656930157,
            "category_IMPRT": 0.17200604856738214,
            "category_STRGE": 0.005692306358529501,
            "category_THRGH": 0.0038977885514929777,
            "category_TRSHP": 0.0191416294540341
        },
        "elapsed_time_minutes": null
    },
    "dataset_name": "subset_base.csv"
}