{
    "model_type": "RandomForest",
    "bins": [
        0,
        3,
        9,
        21
    ],
    "scaled": false,
    "tuned": false,
    "stratified_split_testing": false,
    "week": 2,
    "month": 1,
    "metrics": {
        "accuracy": 0.2619778584054331,
        "precision": 0.4974539495298525,
        "recall": 0.40073311481884216,
        "f1_score": 0.21037444062421506,
        "matthews_corrcoef": 0.0797700752252327,
        "cohen_kappa_score": 0.051502832650289765,
        "roc_auc_score": 0.6598750459868219,
        "log_loss": 3.0511447315325464,
        "confusion_matrix": [
            [
                185,
                1444,
                3015
            ],
            [
                5,
                2441,
                3404
            ],
            [
                30,
                35,
                190
            ]
        ],
        "classification_report": "              precision    recall  f1-score   support\n\n     00 - 02       0.84      0.04      0.08      4644\n     03 - 08       0.62      0.42      0.50      5850\n     09 - 20       0.03      0.75      0.06       255\n\n    accuracy                           0.26     10749\n   macro avg       0.50      0.40      0.21     10749\nweighted avg       0.70      0.26      0.31     10749\n",
        "feature_importances": {
            "time_in_month": 0.05778619776491933,
            "time_in_hour": 0.229482145609555,
            "time_in_weekday": 0.091182261514991,
            "requires_power": 0.008299002785596608,
            "time_in_business_day": 0.008293356360813652,
            "time_in_week_of_year": 0.10488297768200872,
            "time_in_week_of_month": 0.05267566779088274,
            "nominal_length_NOM20": 0.0066456703384626045,
            "nominal_length_NOM40": 0.006450694594770185,
            "nominal_length_NOM45": 1.2704257981515234e-05,
            "freight_kind_FCL": 0.02794529537443938,
            "freight_kind_MTY": 0.026713825462344878,
            "category_EXPRT": 0.1721064531442469,
            "category_IMPRT": 0.17257772308565994,
            "category_STRGE": 0.007428681513016976,
            "category_THRGH": 0.006854364423494481,
            "category_TRSHP": 0.02066297829681613
        },
        "elapsed_time_minutes": null
    },
    "dataset_name": "subset_base.csv"
}