{
    "model_type": "RandomForest",
    "bins": [
        0,
        4,
        9,
        21
    ],
    "scaled": false,
    "tuned": false,
    "stratified_split_testing": false,
    "week": 2,
    "month": 3,
    "metrics": {
        "accuracy": 0.23380352015978031,
        "precision": 0.44365738058493204,
        "recall": 0.4203580334492754,
        "f1_score": 0.21222290149641124,
        "matthews_corrcoef": 0.07187928108247857,
        "cohen_kappa_score": 0.04633700955801867,
        "roc_auc_score": 0.634668942134182,
        "log_loss": 4.262045016154103,
        "confusion_matrix": [
            [
                316,
                1804,
                2626
            ],
            [
                49,
                1395,
                1601
            ],
            [
                0,
                58,
                162
            ]
        ],
        "classification_report": "              precision    recall  f1-score   support\n\n     00 - 03       0.87      0.07      0.12      4746\n     04 - 08       0.43      0.46      0.44      3045\n     09 - 20       0.04      0.74      0.07       220\n\n    accuracy                           0.23      8011\n   macro avg       0.44      0.42      0.21      8011\nweighted avg       0.68      0.23      0.24      8011\n",
        "feature_importances": {
            "time_in_month": 0.05986013768346811,
            "time_in_hour": 0.2464889947414128,
            "time_in_weekday": 0.09002645037073248,
            "requires_power": 0.008150537671224527,
            "time_in_business_day": 0.006066557423151986,
            "time_in_week_of_year": 0.11006230087482023,
            "time_in_week_of_month": 0.056880049700525764,
            "nominal_length_NOM20": 0.007122354879630564,
            "nominal_length_NOM40": 0.0071461320594953205,
            "nominal_length_NOM45": 1.7618991255825774e-05,
            "freight_kind_FCL": 0.027402167127142538,
            "freight_kind_MTY": 0.028311477866488067,
            "category_EXPRT": 0.15187629472954403,
            "category_IMPRT": 0.16972552397735402,
            "category_STRGE": 0.00611564907390217,
            "category_THRGH": 0.004096459690861172,
            "category_TRSHP": 0.020651293138990418
        },
        "elapsed_time_minutes": null
    },
    "dataset_name": "subset_base.csv"
}