{
    "model_type": "RandomForest",
    "bins": [
        0,
        3,
        10,
        21
    ],
    "scaled": false,
    "tuned": false,
    "stratified_split_testing": true,
    "week": 1,
    "month": 2,
    "metrics": {
        "accuracy": 0.2055668016194332,
        "precision": 0.43142542882656626,
        "recall": 0.37003945485712664,
        "f1_score": 0.17536139443889762,
        "matthews_corrcoef": 0.022618639332002005,
        "cohen_kappa_score": 0.013167552661353832,
        "roc_auc_score": 0.6087592813426691,
        "log_loss": 2.6767699724206317,
        "confusion_matrix": [
            [
                243,
                1082,
                2395
            ],
            [
                110,
                1721,
                4241
            ],
            [
                8,
                13,
                67
            ]
        ],
        "classification_report": "              precision    recall  f1-score   support\n\n     00 - 02       0.67      0.07      0.12      3720\n     03 - 09       0.61      0.28      0.39      6072\n     10 - 20       0.01      0.76      0.02        88\n\n    accuracy                           0.21      9880\n   macro avg       0.43      0.37      0.18      9880\nweighted avg       0.63      0.21      0.28      9880\n",
        "feature_importances": {
            "time_in_month": 0.05162512635017247,
            "time_in_hour": 0.2103382117064329,
            "time_in_weekday": 0.0870885978947488,
            "requires_power": 0.00808608669844099,
            "time_in_business_day": 0.00764374565213495,
            "time_in_week_of_year": 0.0944399287713616,
            "time_in_week_of_month": 0.046173100977056486,
            "nominal_length_NOM20": 0.006518541170966414,
            "nominal_length_NOM40": 0.006388594526388828,
            "nominal_length_NOM45": 1.9586580421596743e-05,
            "freight_kind_FCL": 0.031096497703763222,
            "freight_kind_MTY": 0.030164414748415698,
            "category_EXPRT": 0.19032561207397075,
            "category_IMPRT": 0.19276214972267836,
            "category_STRGE": 0.009201816975974298,
            "category_THRGH": 0.007469243231096196,
            "category_TRSHP": 0.0206587452159765
        },
        "elapsed_time_minutes": null
    },
    "dataset_name": "subset_base.csv"
}