{
    "model_type": "RandomForest",
    "bins": [
        0,
        3,
        11,
        21
    ],
    "scaled": true,
    "tuned": false,
    "stratified_split_testing": true,
    "week": 3,
    "month": 2,
    "metrics": {
        "accuracy": 0.4274006941766294,
        "precision": 0.44771873707150917,
        "recall": 0.38792373832312643,
        "f1_score": 0.2926132115109316,
        "matthews_corrcoef": 0.12898364612264832,
        "cohen_kappa_score": 0.10166177667192133,
        "roc_auc_score": 0.6472747481505835,
        "log_loss": 2.3242921694608762,
        "confusion_matrix": [
            [
                538,
                2907,
                1640
            ],
            [
                166,
                3816,
                1040
            ],
            [
                2,
                184,
                79
            ]
        ],
        "classification_report": "              precision    recall  f1-score   support\n\n     00 - 02       0.76      0.11      0.19      5085\n     03 - 10       0.55      0.76      0.64      5022\n     11 - 20       0.03      0.30      0.05       265\n\n    accuracy                           0.43     10372\n   macro avg       0.45      0.39      0.29     10372\nweighted avg       0.64      0.43      0.40     10372\n",
        "feature_importances": {
            "time_in_month": 0.08419054967387517,
            "time_in_hour": 0.21617990092904912,
            "time_in_weekday": 0.1128803204467616,
            "requires_power": 0.006753632286099583,
            "time_in_business_day": 0.007156319309657514,
            "time_in_week_of_year": 0.12594566718343703,
            "time_in_week_of_month": 0.07267280629252731,
            "nominal_length_NOM20": 0.011365132271451934,
            "nominal_length_NOM40": 0.010675526689665807,
            "nominal_length_NOM45": 1.3417961704868993e-05,
            "freight_kind_FCL": 0.02870289125191353,
            "freight_kind_MTY": 0.029911776053401385,
            "category_EXPRT": 0.0858185108650012,
            "category_IMPRT": 0.14090162246967108,
            "category_STRGE": 0.02240343394859611,
            "category_THRGH": 0.004083878751074281,
            "category_TRSHP": 0.04034461361611248
        },
        "elapsed_time_minutes": null
    },
    "dataset_name": "subset_base.csv"
}