{
    "model_type": "RandomForest",
    "bins": [
        0,
        3,
        9,
        21
    ],
    "scaled": false,
    "tuned": false,
    "stratified_split_testing": false,
    "week": 2,
    "month": 3,
    "metrics": {
        "accuracy": 0.28872799900137314,
        "precision": 0.5000429742322082,
        "recall": 0.42765685610211124,
        "f1_score": 0.22923832420746573,
        "matthews_corrcoef": 0.02946634314794594,
        "cohen_kappa_score": 0.021250508761635367,
        "roc_auc_score": 0.6487281437815335,
        "log_loss": 3.5335814559639127,
        "confusion_matrix": [
            [
                246,
                1652,
                1522
            ],
            [
                18,
                1896,
                2457
            ],
            [
                0,
                49,
                171
            ]
        ],
        "classification_report": "              precision    recall  f1-score   support\n\n     00 - 02       0.93      0.07      0.13      3420\n     03 - 08       0.53      0.43      0.48      4371\n     09 - 20       0.04      0.78      0.08       220\n\n    accuracy                           0.29      8011\n   macro avg       0.50      0.43      0.23      8011\nweighted avg       0.69      0.29      0.32      8011\n",
        "feature_importances": {
            "time_in_month": 0.05778619776491933,
            "time_in_hour": 0.229482145609555,
            "time_in_weekday": 0.091182261514991,
            "requires_power": 0.008299002785596608,
            "time_in_business_day": 0.008293356360813652,
            "time_in_week_of_year": 0.10488297768200872,
            "time_in_week_of_month": 0.05267566779088274,
            "nominal_length_NOM20": 0.0066456703384626045,
            "nominal_length_NOM40": 0.006450694594770185,
            "nominal_length_NOM45": 1.2704257981515234e-05,
            "freight_kind_FCL": 0.02794529537443938,
            "freight_kind_MTY": 0.026713825462344878,
            "category_EXPRT": 0.1721064531442469,
            "category_IMPRT": 0.17257772308565994,
            "category_STRGE": 0.007428681513016976,
            "category_THRGH": 0.006854364423494481,
            "category_TRSHP": 0.02066297829681613
        },
        "elapsed_time_minutes": null
    },
    "dataset_name": "subset_base.csv"
}