{
    "model_type": "RandomForest",
    "bins": [
        0,
        6,
        11,
        21
    ],
    "scaled": true,
    "tuned": false,
    "stratified_split_testing": false,
    "week": 2,
    "month": 2,
    "metrics": {
        "accuracy": 0.15439356435643564,
        "precision": 0.31938961027914003,
        "recall": 0.43806025746275584,
        "f1_score": 0.18372964840309391,
        "matthews_corrcoef": 0.09172333190220404,
        "cohen_kappa_score": 0.043599861667715234,
        "roc_auc_score": 0.5609144932925618,
        "log_loss": 6.1559447691119376,
        "confusion_matrix": [
            [
                253,
                1851,
                5354
            ],
            [
                172,
                1003,
                745
            ],
            [
                14,
                63,
                241
            ]
        ],
        "classification_report": "              precision    recall  f1-score   support\n\n     00 - 05       0.58      0.03      0.06      7458\n     06 - 10       0.34      0.52      0.41      1920\n     11 - 20       0.04      0.76      0.07       318\n\n    accuracy                           0.15      9696\n   macro avg       0.32      0.44      0.18      9696\nweighted avg       0.51      0.15      0.13      9696\n",
        "feature_importances": {
            "time_in_month": 0.08884103466611272,
            "time_in_hour": 0.26932435736478566,
            "time_in_weekday": 0.12001639342163595,
            "requires_power": 0.007165365962200869,
            "time_in_business_day": 0.006871799478337782,
            "time_in_week_of_year": 0.13808941107272862,
            "time_in_week_of_month": 0.07829026313355199,
            "nominal_length_NOM20": 0.011056774655008593,
            "nominal_length_NOM40": 0.010770808567115013,
            "nominal_length_NOM45": 1.0091215760802518e-05,
            "freight_kind_FCL": 0.01982791476956065,
            "freight_kind_MTY": 0.018226023032307023,
            "category_EXPRT": 0.06918221692100732,
            "category_IMPRT": 0.10501915533376119,
            "category_STRGE": 0.022494593110472066,
            "category_THRGH": 0.0017194625169140193,
            "category_TRSHP": 0.03309433477873985
        },
        "elapsed_time_minutes": null
    },
    "dataset_name": "subset_base.csv"
}