{
    "model_type": "RandomForest",
    "bins": [
        0,
        6,
        10,
        21
    ],
    "scaled": false,
    "tuned": false,
    "stratified_split_testing": false,
    "week": 3,
    "month": 2,
    "metrics": {
        "accuracy": 0.22618588507520246,
        "precision": 0.391929428739798,
        "recall": 0.3735699788701175,
        "f1_score": 0.22760781701650212,
        "matthews_corrcoef": 0.14060016174125134,
        "cohen_kappa_score": 0.07712037407203787,
        "roc_auc_score": 0.6457557367064687,
        "log_loss": 3.5750069906326942,
        "confusion_matrix": [
            [
                646,
                2502,
                4779
            ],
            [
                125,
                1605,
                369
            ],
            [
                52,
                199,
                95
            ]
        ],
        "classification_report": "              precision    recall  f1-score   support\n\n     00 - 05       0.78      0.08      0.15      7927\n     06 - 09       0.37      0.76      0.50      2099\n     10 - 20       0.02      0.27      0.03       346\n\n    accuracy                           0.23     10372\n   macro avg       0.39      0.37      0.23     10372\nweighted avg       0.68      0.23      0.22     10372\n",
        "feature_importances": {
            "time_in_month": 0.07281397102811572,
            "time_in_hour": 0.29919248658613745,
            "time_in_weekday": 0.11142452429355196,
            "requires_power": 0.008159712854414273,
            "time_in_business_day": 0.006926590541030807,
            "time_in_week_of_year": 0.13776663001241674,
            "time_in_week_of_month": 0.06638089438439766,
            "nominal_length_NOM20": 0.007611078338606688,
            "nominal_length_NOM40": 0.007453332684327308,
            "nominal_length_NOM45": 1.3581561448819146e-05,
            "freight_kind_FCL": 0.020549187549792795,
            "freight_kind_MTY": 0.020551684041002174,
            "category_EXPRT": 0.09776359102387283,
            "category_IMPRT": 0.11895513103061442,
            "category_STRGE": 0.005224165993959069,
            "category_THRGH": 0.0024273179098914708,
            "category_TRSHP": 0.01678612016641984
        },
        "elapsed_time_minutes": null
    },
    "dataset_name": "subset_base.csv"
}