{
    "model_type": "RandomForest",
    "bins": [
        0,
        5,
        9,
        21
    ],
    "scaled": false,
    "tuned": false,
    "stratified_split_testing": false,
    "week": 2,
    "month": 3,
    "metrics": {
        "accuracy": 0.16552240669080015,
        "precision": 0.4269436783584018,
        "recall": 0.41403395286979633,
        "f1_score": 0.16815039638509324,
        "matthews_corrcoef": 0.047296868025033974,
        "cohen_kappa_score": 0.025570206680475382,
        "roc_auc_score": 0.6040440332294504,
        "log_loss": 4.2548373199257945,
        "confusion_matrix": [
            [
                415,
                2189,
                3249
            ],
            [
                2,
                737,
                1199
            ],
            [
                0,
                46,
                174
            ]
        ],
        "classification_report": "              precision    recall  f1-score   support\n\n     00 - 04       1.00      0.07      0.13      5853\n     05 - 08       0.25      0.38      0.30      1938\n     09 - 20       0.04      0.79      0.07       220\n\n    accuracy                           0.17      8011\n   macro avg       0.43      0.41      0.17      8011\nweighted avg       0.79      0.17      0.17      8011\n",
        "feature_importances": {
            "time_in_month": 0.06805271548187643,
            "time_in_hour": 0.2706962268491509,
            "time_in_weekday": 0.09897904468704674,
            "requires_power": 0.008152004217816604,
            "time_in_business_day": 0.005604733486249615,
            "time_in_week_of_year": 0.1264007955487303,
            "time_in_week_of_month": 0.0646822509822004,
            "nominal_length_NOM20": 0.006798123280480031,
            "nominal_length_NOM40": 0.007062427751529953,
            "nominal_length_NOM45": 2.597968568664827e-05,
            "freight_kind_FCL": 0.02563924987035451,
            "freight_kind_MTY": 0.02387108004537396,
            "category_EXPRT": 0.12993925841464504,
            "category_IMPRT": 0.13631751122872401,
            "category_STRGE": 0.0053358589936405515,
            "category_THRGH": 0.0029382255133336196,
            "category_TRSHP": 0.01950451396316077
        },
        "elapsed_time_minutes": null
    },
    "dataset_name": "subset_base.csv"
}