{
    "model_type": "RandomForest",
    "bins": [
        0,
        4,
        10,
        21
    ],
    "scaled": false,
    "tuned": false,
    "stratified_split_testing": true,
    "week": 3,
    "month": 2,
    "metrics": {
        "accuracy": 0.42817200154261476,
        "precision": 0.43714608358842616,
        "recall": 0.4248970488146869,
        "f1_score": 0.33523417650353343,
        "matthews_corrcoef": 0.17474442886002312,
        "cohen_kappa_score": 0.1346115595751437,
        "roc_auc_score": 0.6969221215806537,
        "log_loss": 2.4993351394805434,
        "confusion_matrix": [
            [
                1652,
                3672,
                1177
            ],
            [
                258,
                2701,
                566
            ],
            [
                23,
                235,
                88
            ]
        ],
        "classification_report": "              precision    recall  f1-score   support\n\n     00 - 03       0.85      0.25      0.39      6501\n     04 - 09       0.41      0.77      0.53      3525\n     10 - 20       0.05      0.25      0.08       346\n\n    accuracy                           0.43     10372\n   macro avg       0.44      0.42      0.34     10372\nweighted avg       0.68      0.43      0.43     10372\n",
        "feature_importances": {
            "time_in_month": 0.05628254466515854,
            "time_in_hour": 0.229463516475368,
            "time_in_weekday": 0.08695094636958783,
            "requires_power": 0.007521245935586614,
            "time_in_business_day": 0.005385042909437083,
            "time_in_week_of_year": 0.10447672062095185,
            "time_in_week_of_month": 0.05247758128475652,
            "nominal_length_NOM20": 0.006213271200578541,
            "nominal_length_NOM40": 0.006190117693264174,
            "nominal_length_NOM45": 1.1226661123826707e-05,
            "freight_kind_FCL": 0.029675582446228407,
            "freight_kind_MTY": 0.029155925403205444,
            "category_EXPRT": 0.17154644138351682,
            "category_IMPRT": 0.18437600106377883,
            "category_STRGE": 0.006026376416074388,
            "category_THRGH": 0.004855609143394937,
            "category_TRSHP": 0.019391850327988076
        },
        "elapsed_time_minutes": null
    },
    "dataset_name": "subset_base.csv"
}