{
    "model_type": "RandomForest",
    "bins": [
        0,
        5,
        9,
        21
    ],
    "scaled": true,
    "tuned": false,
    "stratified_split_testing": true,
    "week": 3,
    "month": 1,
    "metrics": {
        "accuracy": 0.34457964601769914,
        "precision": 0.434515108218031,
        "recall": 0.40479905641715724,
        "f1_score": 0.3013834244473219,
        "matthews_corrcoef": 0.13688065582232203,
        "cohen_kappa_score": 0.10184224146636045,
        "roc_auc_score": 0.6497999688959557,
        "log_loss": 4.510997500835371,
        "confusion_matrix": [
            [
                920,
                2085,
                1633
            ],
            [
                123,
                1431,
                658
            ],
            [
                24,
                217,
                141
            ]
        ],
        "classification_report": "              precision    recall  f1-score   support\n\n     00 - 04       0.86      0.20      0.32      4638\n     05 - 08       0.38      0.65      0.48      2212\n     09 - 20       0.06      0.37      0.10       382\n\n    accuracy                           0.34      7232\n   macro avg       0.43      0.40      0.30      7232\nweighted avg       0.67      0.34      0.36      7232\n",
        "feature_importances": {
            "time_in_month": 0.08331823920476619,
            "time_in_hour": 0.3087106650138023,
            "time_in_weekday": 0.11135537910278766,
            "requires_power": 0.0078643217634196,
            "time_in_business_day": 0.0063611773178618375,
            "time_in_week_of_year": 0.1319193887989351,
            "time_in_week_of_month": 0.06830502954071063,
            "nominal_length_NOM20": 0.009709375243568708,
            "nominal_length_NOM40": 0.009678083823351185,
            "nominal_length_NOM45": 1.4421633094231254e-05,
            "freight_kind_FCL": 0.01801662447176575,
            "freight_kind_MTY": 0.018166106020949202,
            "category_EXPRT": 0.07029078948169423,
            "category_IMPRT": 0.11779423146282551,
            "category_STRGE": 0.009750593987405418,
            "category_THRGH": 0.0020758881230836575,
            "category_TRSHP": 0.026669685009978954
        },
        "elapsed_time_minutes": null
    },
    "dataset_name": "subset_base.csv"
}