{
    "model_type": "RandomForest",
    "bins": [
        0,
        3,
        9,
        21
    ],
    "scaled": true,
    "tuned": false,
    "stratified_split_testing": false,
    "week": 2,
    "month": 2,
    "metrics": {
        "accuracy": 0.2044141914191419,
        "precision": 0.39949619899971084,
        "recall": 0.29450820694398916,
        "f1_score": 0.17749073151439673,
        "matthews_corrcoef": 0.007538016221144275,
        "cohen_kappa_score": 0.00458549788516005,
        "roc_auc_score": 0.5392218486152536,
        "log_loss": 5.450888584797345,
        "confusion_matrix": [
            [
                96,
                930,
                2937
            ],
            [
                61,
                1537,
                3510
            ],
            [
                7,
                269,
                349
            ]
        ],
        "classification_report": "              precision    recall  f1-score   support\n\n     00 - 02       0.59      0.02      0.05      3963\n     03 - 08       0.56      0.30      0.39      5108\n     09 - 20       0.05      0.56      0.09       625\n\n    accuracy                           0.20      9696\n   macro avg       0.40      0.29      0.18      9696\nweighted avg       0.54      0.20      0.23      9696\n",
        "feature_importances": {
            "time_in_month": 0.07512362444460746,
            "time_in_hour": 0.26209041100929026,
            "time_in_weekday": 0.1137241615251865,
            "requires_power": 0.007456410819649831,
            "time_in_business_day": 0.007359179287996323,
            "time_in_week_of_year": 0.12236387147990596,
            "time_in_week_of_month": 0.06363976807486418,
            "nominal_length_NOM20": 0.008480597049604133,
            "nominal_length_NOM40": 0.008613962366967237,
            "nominal_length_NOM45": 8.975708148963322e-06,
            "freight_kind_FCL": 0.024279644792906424,
            "freight_kind_MTY": 0.023945607444185255,
            "category_EXPRT": 0.08834500314518857,
            "category_IMPRT": 0.147349191382706,
            "category_STRGE": 0.0101796634326897,
            "category_THRGH": 0.004067354305380612,
            "category_TRSHP": 0.03297257373072272
        },
        "elapsed_time_minutes": null
    },
    "dataset_name": "subset_base.csv"
}