{
    "model_type": "RandomForest",
    "bins": [
        0,
        5,
        9,
        21
    ],
    "scaled": false,
    "tuned": false,
    "stratified_split_testing": true,
    "week": 3,
    "month": 2,
    "metrics": {
        "accuracy": 0.3036058619359815,
        "precision": 0.47049983917190036,
        "recall": 0.4538409313817926,
        "f1_score": 0.297596683098917,
        "matthews_corrcoef": 0.1944073245427652,
        "cohen_kappa_score": 0.12445804064633792,
        "roc_auc_score": 0.6980099456134082,
        "log_loss": 3.25891835720475,
        "confusion_matrix": [
            [
                1199,
                2096,
                4075
            ],
            [
                61,
                1671,
                735
            ],
            [
                16,
                240,
                279
            ]
        ],
        "classification_report": "              precision    recall  f1-score   support\n\n     00 - 04       0.94      0.16      0.28      7370\n     05 - 08       0.42      0.68      0.52      2467\n     09 - 20       0.05      0.52      0.10       535\n\n    accuracy                           0.30     10372\n   macro avg       0.47      0.45      0.30     10372\nweighted avg       0.77      0.30      0.32     10372\n",
        "feature_importances": {
            "time_in_month": 0.06762091694220562,
            "time_in_hour": 0.27144532945566624,
            "time_in_weekday": 0.09780439954739346,
            "requires_power": 0.008084570396257188,
            "time_in_business_day": 0.005750627940020962,
            "time_in_week_of_year": 0.12641832448581083,
            "time_in_week_of_month": 0.06349375288629319,
            "nominal_length_NOM20": 0.006940308326558034,
            "nominal_length_NOM40": 0.007056851848143234,
            "nominal_length_NOM45": 2.567605439667524e-05,
            "freight_kind_FCL": 0.025321705520741377,
            "freight_kind_MTY": 0.024289930773435962,
            "category_EXPRT": 0.1276599822183134,
            "category_IMPRT": 0.14013064056513086,
            "category_STRGE": 0.005095213630198805,
            "category_THRGH": 0.0031549287941876987,
            "category_TRSHP": 0.019706840615246447
        },
        "elapsed_time_minutes": null
    },
    "dataset_name": "subset_base.csv"
}