{
    "model_type": "RandomForest",
    "bins": [
        0,
        5,
        9,
        21
    ],
    "scaled": false,
    "tuned": false,
    "stratified_split_testing": false,
    "week": 4,
    "month": 1,
    "metrics": {
        "accuracy": 0.4214979328910682,
        "precision": 0.45081311801548457,
        "recall": 0.5269971217754293,
        "f1_score": 0.3913690188806119,
        "matthews_corrcoef": 0.20567237721128886,
        "cohen_kappa_score": 0.16919028692549976,
        "roc_auc_score": 0.7278555113072375,
        "log_loss": 1.7485354238463577,
        "confusion_matrix": [
            [
                1907,
                2382,
                2267
            ],
            [
                478,
                2009,
                634
            ],
            [
                80,
                176,
                468
            ]
        ],
        "classification_report": "              precision    recall  f1-score   support\n\n     00 - 04       0.77      0.29      0.42      6556\n     05 - 08       0.44      0.64      0.52      3121\n     09 - 20       0.14      0.65      0.23       724\n\n    accuracy                           0.42     10401\n   macro avg       0.45      0.53      0.39     10401\nweighted avg       0.63      0.42      0.44     10401\n",
        "feature_importances": {
            "time_in_month": 0.06805271548187643,
            "time_in_hour": 0.2706962268491509,
            "time_in_weekday": 0.09897904468704674,
            "requires_power": 0.008152004217816604,
            "time_in_business_day": 0.005604733486249615,
            "time_in_week_of_year": 0.1264007955487303,
            "time_in_week_of_month": 0.0646822509822004,
            "nominal_length_NOM20": 0.006798123280480031,
            "nominal_length_NOM40": 0.007062427751529953,
            "nominal_length_NOM45": 2.597968568664827e-05,
            "freight_kind_FCL": 0.02563924987035451,
            "freight_kind_MTY": 0.02387108004537396,
            "category_EXPRT": 0.12993925841464504,
            "category_IMPRT": 0.13631751122872401,
            "category_STRGE": 0.0053358589936405515,
            "category_THRGH": 0.0029382255133336196,
            "category_TRSHP": 0.01950451396316077
        },
        "elapsed_time_minutes": null
    },
    "dataset_name": "subset_base.csv"
}