{
    "model_type": "RandomForest",
    "bins": [
        0,
        5,
        12,
        21
    ],
    "scaled": false,
    "tuned": false,
    "stratified_split_testing": true,
    "week": 1,
    "month": 3,
    "metrics": {
        "accuracy": 0.4078962339287746,
        "precision": 0.4919510520971104,
        "recall": 0.5302953357172305,
        "f1_score": 0.3591407655256366,
        "matthews_corrcoef": 0.25644369348470286,
        "cohen_kappa_score": 0.18327102892521163,
        "roc_auc_score": 0.7099499937035217,
        "log_loss": 2.532466231208363,
        "confusion_matrix": [
            [
                2231,
                1229,
                2824
            ],
            [
                92,
                1271,
                1024
            ],
            [
                34,
                1,
                83
            ]
        ],
        "classification_report": "              precision    recall  f1-score   support\n\n     00 - 04       0.95      0.36      0.52      6284\n     05 - 11       0.51      0.53      0.52      2387\n     12 - 20       0.02      0.70      0.04       118\n\n    accuracy                           0.41      8789\n   macro avg       0.49      0.53      0.36      8789\nweighted avg       0.82      0.41      0.51      8789\n",
        "feature_importances": {
            "time_in_month": 0.06263225723205082,
            "time_in_hour": 0.2508902911048047,
            "time_in_weekday": 0.09035978291960466,
            "requires_power": 0.007334170390565557,
            "time_in_business_day": 0.005244853294783733,
            "time_in_week_of_year": 0.11798772805966605,
            "time_in_week_of_month": 0.05894479987167716,
            "nominal_length_NOM20": 0.005741584419662808,
            "nominal_length_NOM40": 0.005898734498388073,
            "nominal_length_NOM45": 2.0256529637872714e-05,
            "freight_kind_FCL": 0.02839748673920079,
            "freight_kind_MTY": 0.027169250859738925,
            "category_EXPRT": 0.14085454466792643,
            "category_IMPRT": 0.168925840581803,
            "category_STRGE": 0.004747747895081982,
            "category_THRGH": 0.003757556917935404,
            "category_TRSHP": 0.021093114017472204
        },
        "elapsed_time_minutes": null
    },
    "dataset_name": "subset_base.csv"
}