{
    "model_type": "RandomForest",
    "bins": [
        0,
        4,
        11,
        21
    ],
    "scaled": true,
    "tuned": false,
    "stratified_split_testing": false,
    "week": 2,
    "month": 3,
    "metrics": {
        "accuracy": 0.30907502184496316,
        "precision": 0.48147292244772283,
        "recall": 0.5363676519319761,
        "f1_score": 0.22830846078347491,
        "matthews_corrcoef": 0.09597288842924159,
        "cohen_kappa_score": 0.06493894704610759,
        "roc_auc_score": 0.7020256062021177,
        "log_loss": 4.944601755858244,
        "confusion_matrix": [
            [
                295,
                2578,
                1873
            ],
            [
                7,
                2136,
                1071
            ],
            [
                0,
                6,
                45
            ]
        ],
        "classification_report": "              precision    recall  f1-score   support\n\n     00 - 03       0.98      0.06      0.12      4746\n     04 - 10       0.45      0.66      0.54      3214\n     11 - 20       0.02      0.88      0.03        51\n\n    accuracy                           0.31      8011\n   macro avg       0.48      0.54      0.23      8011\nweighted avg       0.76      0.31      0.29      8011\n",
        "feature_importances": {
            "time_in_month": 0.08364906428506395,
            "time_in_hour": 0.24061751729449227,
            "time_in_weekday": 0.11490480505458502,
            "requires_power": 0.007193984908603272,
            "time_in_business_day": 0.007227268766563217,
            "time_in_week_of_year": 0.1308573847514567,
            "time_in_week_of_month": 0.07511704716738432,
            "nominal_length_NOM20": 0.011150177772626727,
            "nominal_length_NOM40": 0.009920958349199439,
            "nominal_length_NOM45": 9.120734890959626e-06,
            "freight_kind_FCL": 0.025134660855869545,
            "freight_kind_MTY": 0.025253447576706195,
            "category_EXPRT": 0.08211140679316853,
            "category_IMPRT": 0.12671374009678954,
            "category_STRGE": 0.02177704793994075,
            "category_THRGH": 0.0028552746859629363,
            "category_TRSHP": 0.035507092966696796
        },
        "elapsed_time_minutes": null
    },
    "dataset_name": "subset_base.csv"
}