{
    "model_type": "RandomForest",
    "bins": [
        0,
        4,
        12,
        21
    ],
    "scaled": false,
    "tuned": false,
    "stratified_split_testing": true,
    "week": 1,
    "month": 2,
    "metrics": {
        "accuracy": 0.38997975708502025,
        "precision": 0.4328618289333448,
        "recall": 0.4261139643837691,
        "f1_score": 0.307257399094165,
        "matthews_corrcoef": 0.15195032382271018,
        "cohen_kappa_score": 0.12090466916993892,
        "roc_auc_score": 0.6357601500847377,
        "log_loss": 2.5751987928254616,
        "confusion_matrix": [
            [
                1086,
                2123,
                2178
            ],
            [
                394,
                2734,
                1293
            ],
            [
                8,
                31,
                33
            ]
        ],
        "classification_report": "              precision    recall  f1-score   support\n\n     00 - 03       0.73      0.20      0.32      5387\n     04 - 11       0.56      0.62      0.59      4421\n     12 - 20       0.01      0.46      0.02        72\n\n    accuracy                           0.39      9880\n   macro avg       0.43      0.43      0.31      9880\nweighted avg       0.65      0.39      0.44      9880\n",
        "feature_importances": {
            "time_in_month": 0.05310094425536355,
            "time_in_hour": 0.21580207466094437,
            "time_in_weekday": 0.08570841647966942,
            "requires_power": 0.00719302599169116,
            "time_in_business_day": 0.005813498866470677,
            "time_in_week_of_year": 0.10098309072225499,
            "time_in_week_of_month": 0.04894743207203219,
            "nominal_length_NOM20": 0.005899479387256506,
            "nominal_length_NOM40": 0.005743085063984407,
            "nominal_length_NOM45": 1.1035888935462512e-05,
            "freight_kind_FCL": 0.03022736963746459,
            "freight_kind_MTY": 0.03130485475992582,
            "category_EXPRT": 0.17560854875262588,
            "category_IMPRT": 0.20122794550795128,
            "category_STRGE": 0.005813276298847975,
            "category_THRGH": 0.005125535236618328,
            "category_TRSHP": 0.021490386417963463
        },
        "elapsed_time_minutes": null
    },
    "dataset_name": "subset_base.csv"
}