{
    "model_type": "RandomForest",
    "bins": [
        0,
        4,
        10,
        21
    ],
    "scaled": false,
    "tuned": false,
    "stratified_split_testing": true,
    "week": 1,
    "month": 2,
    "metrics": {
        "accuracy": 0.3268218623481781,
        "precision": 0.43299586339243196,
        "recall": 0.39844165501062845,
        "f1_score": 0.28826924939480253,
        "matthews_corrcoef": 0.1335586224180205,
        "cohen_kappa_score": 0.09969440767567272,
        "roc_auc_score": 0.60888357877805,
        "log_loss": 2.7386243240512327,
        "confusion_matrix": [
            [
                1208,
                1416,
                2763
            ],
            [
                476,
                1975,
                1954
            ],
            [
                13,
                29,
                46
            ]
        ],
        "classification_report": "              precision    recall  f1-score   support\n\n     00 - 03       0.71      0.22      0.34      5387\n     04 - 09       0.58      0.45      0.50      4405\n     10 - 20       0.01      0.52      0.02        88\n\n    accuracy                           0.33      9880\n   macro avg       0.43      0.40      0.29      9880\nweighted avg       0.65      0.33      0.41      9880\n",
        "feature_importances": {
            "time_in_month": 0.05628254466515854,
            "time_in_hour": 0.229463516475368,
            "time_in_weekday": 0.08695094636958783,
            "requires_power": 0.007521245935586614,
            "time_in_business_day": 0.005385042909437083,
            "time_in_week_of_year": 0.10447672062095185,
            "time_in_week_of_month": 0.05247758128475652,
            "nominal_length_NOM20": 0.006213271200578541,
            "nominal_length_NOM40": 0.006190117693264174,
            "nominal_length_NOM45": 1.1226661123826707e-05,
            "freight_kind_FCL": 0.029675582446228407,
            "freight_kind_MTY": 0.029155925403205444,
            "category_EXPRT": 0.17154644138351682,
            "category_IMPRT": 0.18437600106377883,
            "category_STRGE": 0.006026376416074388,
            "category_THRGH": 0.004855609143394937,
            "category_TRSHP": 0.019391850327988076
        },
        "elapsed_time_minutes": null
    },
    "dataset_name": "subset_base.csv"
}