{
    "model_type": "RandomForest",
    "bins": [
        0,
        5,
        9,
        21
    ],
    "scaled": false,
    "tuned": false,
    "stratified_split_testing": false,
    "week": 1,
    "month": 1,
    "metrics": {
        "accuracy": 0.24298921417565486,
        "precision": 0.4684849075871043,
        "recall": 0.4665609223621801,
        "f1_score": 0.2568116471292466,
        "matthews_corrcoef": 0.15760546780477663,
        "cohen_kappa_score": 0.09034351722150735,
        "roc_auc_score": 0.7210356239366238,
        "log_loss": 2.378374528726757,
        "confusion_matrix": [
            [
                637,
                995,
                2968
            ],
            [
                32,
                705,
                867
            ],
            [
                6,
                45,
                235
            ]
        ],
        "classification_report": "              precision    recall  f1-score   support\n\n     00 - 04       0.94      0.14      0.24      4600\n     05 - 08       0.40      0.44      0.42      1604\n     09 - 20       0.06      0.82      0.11       286\n\n    accuracy                           0.24      6490\n   macro avg       0.47      0.47      0.26      6490\nweighted avg       0.77      0.24      0.28      6490\n",
        "feature_importances": {
            "time_in_month": 0.06805271548187643,
            "time_in_hour": 0.2706962268491509,
            "time_in_weekday": 0.09897904468704674,
            "requires_power": 0.008152004217816604,
            "time_in_business_day": 0.005604733486249615,
            "time_in_week_of_year": 0.1264007955487303,
            "time_in_week_of_month": 0.0646822509822004,
            "nominal_length_NOM20": 0.006798123280480031,
            "nominal_length_NOM40": 0.007062427751529953,
            "nominal_length_NOM45": 2.597968568664827e-05,
            "freight_kind_FCL": 0.02563924987035451,
            "freight_kind_MTY": 0.02387108004537396,
            "category_EXPRT": 0.12993925841464504,
            "category_IMPRT": 0.13631751122872401,
            "category_STRGE": 0.0053358589936405515,
            "category_THRGH": 0.0029382255133336196,
            "category_TRSHP": 0.01950451396316077
        },
        "elapsed_time_minutes": null
    },
    "dataset_name": "subset_base.csv"
}