{
    "model_type": "RandomForest",
    "bins": [
        0,
        4,
        9,
        21
    ],
    "scaled": false,
    "tuned": false,
    "stratified_split_testing": false,
    "week": 4,
    "month": 1,
    "metrics": {
        "accuracy": 0.5077396404191905,
        "precision": 0.4763710959577132,
        "recall": 0.5480973363557603,
        "f1_score": 0.46989168954145616,
        "matthews_corrcoef": 0.2080849959146727,
        "cohen_kappa_score": 0.19307830545765314,
        "roc_auc_score": 0.7201076583643311,
        "log_loss": 1.5144579645522886,
        "confusion_matrix": [
            [
                1827,
                2744,
                714
            ],
            [
                906,
                3010,
                476
            ],
            [
                64,
                216,
                444
            ]
        ],
        "classification_report": "              precision    recall  f1-score   support\n\n     00 - 03       0.65      0.35      0.45      5285\n     04 - 08       0.50      0.69      0.58      4392\n     09 - 20       0.27      0.61      0.38       724\n\n    accuracy                           0.51     10401\n   macro avg       0.48      0.55      0.47     10401\nweighted avg       0.56      0.51      0.50     10401\n",
        "feature_importances": {
            "time_in_month": 0.05986013768346811,
            "time_in_hour": 0.2464889947414128,
            "time_in_weekday": 0.09002645037073248,
            "requires_power": 0.008150537671224527,
            "time_in_business_day": 0.006066557423151986,
            "time_in_week_of_year": 0.11006230087482023,
            "time_in_week_of_month": 0.056880049700525764,
            "nominal_length_NOM20": 0.007122354879630564,
            "nominal_length_NOM40": 0.0071461320594953205,
            "nominal_length_NOM45": 1.7618991255825774e-05,
            "freight_kind_FCL": 0.027402167127142538,
            "freight_kind_MTY": 0.028311477866488067,
            "category_EXPRT": 0.15187629472954403,
            "category_IMPRT": 0.16972552397735402,
            "category_STRGE": 0.00611564907390217,
            "category_THRGH": 0.004096459690861172,
            "category_TRSHP": 0.020651293138990418
        },
        "elapsed_time_minutes": null
    },
    "dataset_name": "subset_base.csv"
}