{
    "model_type": "RandomForest",
    "bins": [
        0,
        5,
        11,
        21
    ],
    "scaled": false,
    "tuned": false,
    "stratified_split_testing": true,
    "week": 2,
    "month": 3,
    "metrics": {
        "accuracy": 0.2455373860941206,
        "precision": 0.43625970136479425,
        "recall": 0.5591980664420378,
        "f1_score": 0.20559357317948154,
        "matthews_corrcoef": 0.0907310325912617,
        "cohen_kappa_score": 0.05293233418021803,
        "roc_auc_score": 0.6696648369024838,
        "log_loss": 3.065124788906066,
        "confusion_matrix": [
            [
                574,
                3173,
                2106
            ],
            [
                3,
                1345,
                759
            ],
            [
                0,
                3,
                48
            ]
        ],
        "classification_report": "              precision    recall  f1-score   support\n\n     00 - 04       0.99      0.10      0.18      5853\n     05 - 10       0.30      0.64      0.41      2107\n     11 - 20       0.02      0.94      0.03        51\n\n    accuracy                           0.25      8011\n   macro avg       0.44      0.56      0.21      8011\nweighted avg       0.81      0.25      0.24      8011\n",
        "feature_importances": {
            "time_in_month": 0.06235532969304836,
            "time_in_hour": 0.2564094529920989,
            "time_in_weekday": 0.09112925821873187,
            "requires_power": 0.007461100868771442,
            "time_in_business_day": 0.0055984854671498096,
            "time_in_week_of_year": 0.11785686667930612,
            "time_in_week_of_month": 0.05913949295654529,
            "nominal_length_NOM20": 0.006042150211210319,
            "nominal_length_NOM40": 0.006173573316978216,
            "nominal_length_NOM45": 2.5508697498141703e-05,
            "freight_kind_FCL": 0.027101935585070035,
            "freight_kind_MTY": 0.028684763217132616,
            "category_EXPRT": 0.13588631182627553,
            "category_IMPRT": 0.16609662600313155,
            "category_STRGE": 0.006334976559968243,
            "category_THRGH": 0.003712592958066195,
            "category_TRSHP": 0.019991574749017332
        },
        "elapsed_time_minutes": null
    },
    "dataset_name": "subset_base.csv"
}