{
    "model_type": "RandomForest",
    "bins": [
        0,
        4,
        10,
        21
    ],
    "scaled": true,
    "tuned": false,
    "stratified_split_testing": true,
    "week": 4,
    "month": 1,
    "metrics": {
        "accuracy": 0.38630900874915874,
        "precision": 0.4488939889574312,
        "recall": 0.5150227090977295,
        "f1_score": 0.3292350471303171,
        "matthews_corrcoef": 0.1915600548691614,
        "cohen_kappa_score": 0.14906089647632093,
        "roc_auc_score": 0.7136125440038888,
        "log_loss": 1.8045513351389169,
        "confusion_matrix": [
            [
                637,
                1853,
                2795
            ],
            [
                318,
                2985,
                1303
            ],
            [
                20,
                94,
                396
            ]
        ],
        "classification_report": "              precision    recall  f1-score   support\n\n     00 - 03       0.65      0.12      0.20      5285\n     04 - 09       0.61      0.65      0.63      4606\n     10 - 20       0.09      0.78      0.16       510\n\n    accuracy                           0.39     10401\n   macro avg       0.45      0.52      0.33     10401\nweighted avg       0.60      0.39      0.39     10401\n",
        "feature_importances": {
            "time_in_month": 0.08037276480668898,
            "time_in_hour": 0.2615586263427714,
            "time_in_weekday": 0.11592991133905513,
            "requires_power": 0.00763607897982366,
            "time_in_business_day": 0.007020814354429315,
            "time_in_week_of_year": 0.1264039044156194,
            "time_in_week_of_month": 0.07226314168419629,
            "nominal_length_NOM20": 0.010236971160923517,
            "nominal_length_NOM40": 0.01032116546371062,
            "nominal_length_NOM45": 1.1764324069068409e-05,
            "freight_kind_FCL": 0.02288151859093474,
            "freight_kind_MTY": 0.02404548600325588,
            "category_EXPRT": 0.07904411601592158,
            "category_IMPRT": 0.12177756886949731,
            "category_STRGE": 0.0155861972274789,
            "category_THRGH": 0.002846742640625811,
            "category_TRSHP": 0.04206322778099826
        },
        "elapsed_time_minutes": null
    },
    "dataset_name": "subset_base.csv"
}