{
    "model_type": "RandomForest",
    "bins": [
        0,
        6,
        9,
        21
    ],
    "scaled": true,
    "tuned": false,
    "stratified_split_testing": false,
    "week": 2,
    "month": 2,
    "metrics": {
        "accuracy": 0.11953382838283828,
        "precision": 0.3230693150396389,
        "recall": 0.32694072713373856,
        "f1_score": 0.16152256363595216,
        "matthews_corrcoef": 0.017783755500657465,
        "cohen_kappa_score": 0.007068863180468843,
        "roc_auc_score": 0.4932960402863858,
        "log_loss": 5.134211627738016,
        "confusion_matrix": [
            [
                267,
                786,
                6405
            ],
            [
                135,
                492,
                986
            ],
            [
                61,
                164,
                400
            ]
        ],
        "classification_report": "              precision    recall  f1-score   support\n\n     00 - 05       0.58      0.04      0.07      7458\n     06 - 08       0.34      0.31      0.32      1613\n     09 - 20       0.05      0.64      0.10       625\n\n    accuracy                           0.12      9696\n   macro avg       0.32      0.33      0.16      9696\nweighted avg       0.50      0.12      0.11      9696\n",
        "feature_importances": {
            "time_in_month": 0.0854926928656923,
            "time_in_hour": 0.31581390715747504,
            "time_in_weekday": 0.11443495558315017,
            "requires_power": 0.00789662441580065,
            "time_in_business_day": 0.006400097214976218,
            "time_in_week_of_year": 0.13819967362304114,
            "time_in_week_of_month": 0.07304134768009805,
            "nominal_length_NOM20": 0.010153635414869628,
            "nominal_length_NOM40": 0.01049717572310944,
            "nominal_length_NOM45": 1.4639502661357835e-05,
            "freight_kind_FCL": 0.01620976357774125,
            "freight_kind_MTY": 0.016776871087567303,
            "category_EXPRT": 0.06201548056201787,
            "category_IMPRT": 0.10593769709339866,
            "category_STRGE": 0.009408736118245045,
            "category_THRGH": 0.0016780111009456144,
            "category_TRSHP": 0.02602869127921037
        },
        "elapsed_time_minutes": null
    },
    "dataset_name": "subset_base.csv"
}