{
    "model_type": "RandomForest",
    "bins": [
        0,
        3,
        12,
        21
    ],
    "scaled": true,
    "tuned": false,
    "stratified_split_testing": false,
    "week": 4,
    "month": 2,
    "metrics": {
        "accuracy": 0.5259336099585062,
        "precision": 0.4714705011114236,
        "recall": 0.3627211555098225,
        "f1_score": 0.3720571141110673,
        "matthews_corrcoef": 0.22454769455924628,
        "cohen_kappa_score": 0.1999366869099255,
        "roc_auc_score": 0.6372907207687216,
        "log_loss": 1.977513866660835,
        "confusion_matrix": [
            [
                1439,
                2320,
                1155
            ],
            [
                375,
                4129,
                955
            ],
            [
                6,
                216,
                9
            ]
        ],
        "classification_report": "              precision    recall  f1-score   support\n\n     00 - 02       0.79      0.29      0.43      4914\n     03 - 11       0.62      0.76      0.68      5459\n     12 - 20       0.00      0.04      0.01       231\n\n    accuracy                           0.53     10604\n   macro avg       0.47      0.36      0.37     10604\nweighted avg       0.69      0.53      0.55     10604\n",
        "feature_importances": {
            "time_in_month": 0.08535888693215081,
            "time_in_hour": 0.19789077162691807,
            "time_in_weekday": 0.11613247755962784,
            "requires_power": 0.006907236919685744,
            "time_in_business_day": 0.007848934241410577,
            "time_in_week_of_year": 0.13082050343138993,
            "time_in_week_of_month": 0.07293236058654605,
            "nominal_length_NOM20": 0.011212383380721917,
            "nominal_length_NOM40": 0.011184629798558589,
            "nominal_length_NOM45": 8.746725163312898e-06,
            "freight_kind_FCL": 0.03129937427490058,
            "freight_kind_MTY": 0.03269031394894861,
            "category_EXPRT": 0.08895810366199201,
            "category_IMPRT": 0.14402933788861383,
            "category_STRGE": 0.02363620383195543,
            "category_THRGH": 0.004297332309137911,
            "category_TRSHP": 0.03479240288227889
        },
        "elapsed_time_minutes": null
    },
    "dataset_name": "subset_base.csv"
}