{
    "model_type": "RandomForest",
    "bins": [
        0,
        3,
        9,
        21
    ],
    "scaled": false,
    "tuned": false,
    "stratified_split_testing": true,
    "week": 1,
    "month": 2,
    "metrics": {
        "accuracy": 0.21690283400809718,
        "precision": 0.47081082971973487,
        "recall": 0.3646311547789776,
        "f1_score": 0.1880263634477136,
        "matthews_corrcoef": 0.07193781887471916,
        "cohen_kappa_score": 0.040628503520196424,
        "roc_auc_score": 0.6367631352688993,
        "log_loss": 2.3254564094556347,
        "confusion_matrix": [
            [
                236,
                776,
                2708
            ],
            [
                90,
                1801,
                4124
            ],
            [
                8,
                31,
                106
            ]
        ],
        "classification_report": "              precision    recall  f1-score   support\n\n     00 - 02       0.71      0.06      0.12      3720\n     03 - 08       0.69      0.30      0.42      6015\n     09 - 20       0.02      0.73      0.03       145\n\n    accuracy                           0.22      9880\n   macro avg       0.47      0.36      0.19      9880\nweighted avg       0.69      0.22      0.30      9880\n",
        "feature_importances": {
            "time_in_month": 0.05751931721066417,
            "time_in_hour": 0.22860646935426202,
            "time_in_weekday": 0.09489357468900637,
            "requires_power": 0.008432034941812277,
            "time_in_business_day": 0.007428555129609471,
            "time_in_week_of_year": 0.10415304514175579,
            "time_in_week_of_month": 0.05168978610227648,
            "nominal_length_NOM20": 0.006896937963351147,
            "nominal_length_NOM40": 0.00646643985569748,
            "nominal_length_NOM45": 1.7154314458482974e-05,
            "freight_kind_FCL": 0.02883289389725643,
            "freight_kind_MTY": 0.027437903221589358,
            "category_EXPRT": 0.17060211009631754,
            "category_IMPRT": 0.17100601334213866,
            "category_STRGE": 0.008073185227717997,
            "category_THRGH": 0.006435116066247905,
            "category_TRSHP": 0.021509463445838536
        },
        "elapsed_time_minutes": null
    },
    "dataset_name": "subset_base.csv"
}