{
    "model_type": "RandomForest",
    "bins": [
        0,
        6,
        10,
        21
    ],
    "scaled": true,
    "tuned": false,
    "stratified_split_testing": true,
    "week": 3,
    "month": 2,
    "metrics": {
        "accuracy": 0.2971461627458542,
        "precision": 0.40339698211017144,
        "recall": 0.39535889129910107,
        "f1_score": 0.2681506669128059,
        "matthews_corrcoef": 0.14573646002925159,
        "cohen_kappa_score": 0.09085573790372514,
        "roc_auc_score": 0.6357868345527565,
        "log_loss": 3.6050016758022347,
        "confusion_matrix": [
            [
                1426,
                2857,
                3644
            ],
            [
                184,
                1566,
                349
            ],
            [
                71,
                185,
                90
            ]
        ],
        "classification_report": "              precision    recall  f1-score   support\n\n     00 - 05       0.85      0.18      0.30      7927\n     06 - 09       0.34      0.75      0.47      2099\n     10 - 20       0.02      0.26      0.04       346\n\n    accuracy                           0.30     10372\n   macro avg       0.40      0.40      0.27     10372\nweighted avg       0.72      0.30      0.32     10372\n",
        "feature_importances": {
            "time_in_month": 0.08802868553286614,
            "time_in_hour": 0.2870379378320151,
            "time_in_weekday": 0.1196192061083545,
            "requires_power": 0.007786061745645093,
            "time_in_business_day": 0.006749268861929411,
            "time_in_week_of_year": 0.13523965042952593,
            "time_in_week_of_month": 0.0758264660149853,
            "nominal_length_NOM20": 0.009980357731054136,
            "nominal_length_NOM40": 0.010079205453735982,
            "nominal_length_NOM45": 8.446249489096656e-06,
            "freight_kind_FCL": 0.018326664483113424,
            "freight_kind_MTY": 0.017300813211017237,
            "category_EXPRT": 0.06818105513918453,
            "category_IMPRT": 0.10534793819849365,
            "category_STRGE": 0.017021684683506927,
            "category_THRGH": 0.0017524142301168506,
            "category_TRSHP": 0.031714144094966694
        },
        "elapsed_time_minutes": null
    },
    "dataset_name": "subset_base.csv"
}