{
    "model_type": "RandomForest",
    "bins": [
        0,
        6,
        10,
        21
    ],
    "scaled": true,
    "tuned": false,
    "stratified_split_testing": false,
    "week": 4,
    "month": 2,
    "metrics": {
        "accuracy": 0.33383628819313466,
        "precision": 0.3982292826736819,
        "recall": 0.3444691245808511,
        "f1_score": 0.2938135877267026,
        "matthews_corrcoef": 0.11680468020419464,
        "cohen_kappa_score": 0.07926226722693175,
        "roc_auc_score": 0.5583435167844376,
        "log_loss": 1.757400770865366,
        "confusion_matrix": [
            [
                2276,
                2052,
                3858
            ],
            [
                321,
                1198,
                432
            ],
            [
                108,
                293,
                66
            ]
        ],
        "classification_report": "              precision    recall  f1-score   support\n\n     00 - 05       0.84      0.28      0.42      8186\n     06 - 09       0.34      0.61      0.44      1951\n     10 - 20       0.02      0.14      0.03       467\n\n    accuracy                           0.33     10604\n   macro avg       0.40      0.34      0.29     10604\nweighted avg       0.71      0.33      0.40     10604\n",
        "feature_importances": {
            "time_in_month": 0.0854358738290259,
            "time_in_hour": 0.28750604660844253,
            "time_in_weekday": 0.12016124872579727,
            "requires_power": 0.008110643115305724,
            "time_in_business_day": 0.007164958142333836,
            "time_in_week_of_year": 0.1362232882889401,
            "time_in_week_of_month": 0.07471040139449317,
            "nominal_length_NOM20": 0.010360034095594195,
            "nominal_length_NOM40": 0.010442152198953508,
            "nominal_length_NOM45": 7.530215177220939e-06,
            "freight_kind_FCL": 0.018304986421383777,
            "freight_kind_MTY": 0.01685680090440907,
            "category_EXPRT": 0.06727820464295584,
            "category_IMPRT": 0.10707116660927037,
            "category_STRGE": 0.017552715735307846,
            "category_THRGH": 0.001793841257069282,
            "category_TRSHP": 0.03102010781554028
        },
        "elapsed_time_minutes": null
    },
    "dataset_name": "subset_base.csv"
}