{
    "model_type": "RandomForest",
    "bins": [
        0,
        4,
        10,
        21
    ],
    "scaled": false,
    "tuned": false,
    "stratified_split_testing": false,
    "week": 3,
    "month": 2,
    "metrics": {
        "accuracy": 0.46114539143848826,
        "precision": 0.45591624579181494,
        "recall": 0.42646288582680425,
        "f1_score": 0.365025943772943,
        "matthews_corrcoef": 0.22635260744998967,
        "cohen_kappa_score": 0.18522780808979056,
        "roc_auc_score": 0.688969689466879,
        "log_loss": 2.5672994651966765,
        "confusion_matrix": [
            [
                2102,
                2834,
                1565
            ],
            [
                274,
                2606,
                645
            ],
            [
                21,
                250,
                75
            ]
        ],
        "classification_report": "              precision    recall  f1-score   support\n\n     00 - 03       0.88      0.32      0.47      6501\n     04 - 09       0.46      0.74      0.57      3525\n     10 - 20       0.03      0.22      0.06       346\n\n    accuracy                           0.46     10372\n   macro avg       0.46      0.43      0.37     10372\nweighted avg       0.71      0.46      0.49     10372\n",
        "feature_importances": {
            "time_in_month": 0.055196610379092306,
            "time_in_hour": 0.23033056674807198,
            "time_in_weekday": 0.08695241391913161,
            "requires_power": 0.007535166414390587,
            "time_in_business_day": 0.005941037070562075,
            "time_in_week_of_year": 0.10266399540293988,
            "time_in_week_of_month": 0.053201421071945344,
            "nominal_length_NOM20": 0.006778288541952552,
            "nominal_length_NOM40": 0.006424105776937964,
            "nominal_length_NOM45": 1.6585012765272707e-05,
            "freight_kind_FCL": 0.02948673084218387,
            "freight_kind_MTY": 0.02966518096911592,
            "category_EXPRT": 0.16093553615471493,
            "category_IMPRT": 0.19508573715925898,
            "category_STRGE": 0.006159737610868539,
            "category_THRGH": 0.004608627798293505,
            "category_TRSHP": 0.019018259127774828
        },
        "elapsed_time_minutes": null
    },
    "dataset_name": "subset_base.csv"
}