{
    "model_type": "RandomForest",
    "bins": [
        0,
        6,
        9,
        21
    ],
    "scaled": true,
    "tuned": false,
    "stratified_split_testing": true,
    "week": 3,
    "month": 2,
    "metrics": {
        "accuracy": 0.35913999228692634,
        "precision": 0.4352129468760981,
        "recall": 0.4759325731628556,
        "f1_score": 0.3255301369435542,
        "matthews_corrcoef": 0.1902075828927311,
        "cohen_kappa_score": 0.1284344228502905,
        "roc_auc_score": 0.6789092966192923,
        "log_loss": 3.8440767255319304,
        "confusion_matrix": [
            [
                2151,
                2449,
                3327
            ],
            [
                132,
                1327,
                451
            ],
            [
                77,
                211,
                247
            ]
        ],
        "classification_report": "              precision    recall  f1-score   support\n\n     00 - 05       0.91      0.27      0.42      7927\n     06 - 08       0.33      0.69      0.45      1910\n     09 - 20       0.06      0.46      0.11       535\n\n    accuracy                           0.36     10372\n   macro avg       0.44      0.48      0.33     10372\nweighted avg       0.76      0.36      0.41     10372\n",
        "feature_importances": {
            "time_in_month": 0.08608659000527766,
            "time_in_hour": 0.3115587743550619,
            "time_in_weekday": 0.11924182913658779,
            "requires_power": 0.007655906389779305,
            "time_in_business_day": 0.00689264570624586,
            "time_in_week_of_year": 0.13636789752311324,
            "time_in_week_of_month": 0.07314032540834521,
            "nominal_length_NOM20": 0.010007195583080962,
            "nominal_length_NOM40": 0.010608987998913376,
            "nominal_length_NOM45": 1.485426378637369e-05,
            "freight_kind_FCL": 0.01678503887791914,
            "freight_kind_MTY": 0.01755805242979352,
            "category_EXPRT": 0.06078019237254261,
            "category_IMPRT": 0.10622455073731206,
            "category_STRGE": 0.009809220535743422,
            "category_THRGH": 0.0017842890644425154,
            "category_TRSHP": 0.02548364961205509
        },
        "elapsed_time_minutes": null
    },
    "dataset_name": "subset_base.csv"
}