{
    "model_type": "RandomForest",
    "bins": [
        0,
        5,
        10,
        21
    ],
    "scaled": true,
    "tuned": false,
    "stratified_split_testing": true,
    "week": 3,
    "month": 1,
    "metrics": {
        "accuracy": 0.35605641592920356,
        "precision": 0.44221556171393694,
        "recall": 0.36686234255088773,
        "f1_score": 0.29819351249687737,
        "matthews_corrcoef": 0.16583565523585672,
        "cohen_kappa_score": 0.12155236662482494,
        "roc_auc_score": 0.607290179768594,
        "log_loss": 4.724836901261989,
        "confusion_matrix": [
            [
                855,
                1862,
                1921
            ],
            [
                124,
                1663,
                511
            ],
            [
                15,
                224,
                57
            ]
        ],
        "classification_report": "              precision    recall  f1-score   support\n\n     00 - 04       0.86      0.18      0.30      4638\n     05 - 09       0.44      0.72      0.55      2298\n     10 - 20       0.02      0.19      0.04       296\n\n    accuracy                           0.36      7232\n   macro avg       0.44      0.37      0.30      7232\nweighted avg       0.69      0.36      0.37      7232\n",
        "feature_importances": {
            "time_in_month": 0.08386791327186398,
            "time_in_hour": 0.2786481099345272,
            "time_in_weekday": 0.11300343431279297,
            "requires_power": 0.007911974434439036,
            "time_in_business_day": 0.006700609533792052,
            "time_in_week_of_year": 0.13245661047659246,
            "time_in_week_of_month": 0.07430503815628885,
            "nominal_length_NOM20": 0.010255894397181742,
            "nominal_length_NOM40": 0.009971076289833661,
            "nominal_length_NOM45": 1.2295899511105577e-05,
            "freight_kind_FCL": 0.02052608682898984,
            "freight_kind_MTY": 0.019254397493072176,
            "category_EXPRT": 0.07613796745205934,
            "category_IMPRT": 0.11545415646101845,
            "category_STRGE": 0.015642428578731007,
            "category_THRGH": 0.0019973414885849066,
            "category_TRSHP": 0.03385466499072129
        },
        "elapsed_time_minutes": null
    },
    "dataset_name": "subset_base.csv"
}