{
    "model_type": "RandomForest",
    "bins": [
        0,
        5,
        12,
        21
    ],
    "scaled": true,
    "tuned": false,
    "stratified_split_testing": true,
    "week": 1,
    "month": 3,
    "metrics": {
        "accuracy": 0.18750711116167937,
        "precision": 0.47157804892882443,
        "recall": 0.3928160277273806,
        "f1_score": 0.21977780729984261,
        "matthews_corrcoef": 0.1666379759029384,
        "cohen_kappa_score": 0.08094181637374687,
        "roc_auc_score": 0.6229363058412257,
        "log_loss": 3.0862276909396043,
        "confusion_matrix": [
            [
                447,
                950,
                4887
            ],
            [
                33,
                1126,
                1228
            ],
            [
                39,
                4,
                75
            ]
        ],
        "classification_report": "              precision    recall  f1-score   support\n\n     00 - 04       0.86      0.07      0.13      6284\n     05 - 11       0.54      0.47      0.50      2387\n     12 - 20       0.01      0.64      0.02       118\n\n    accuracy                           0.19      8789\n   macro avg       0.47      0.39      0.22      8789\nweighted avg       0.76      0.19      0.23      8789\n",
        "feature_importances": {
            "time_in_month": 0.08562967201372709,
            "time_in_hour": 0.24112624923890313,
            "time_in_weekday": 0.12035593553452277,
            "requires_power": 0.00763983546311097,
            "time_in_business_day": 0.008449997666936503,
            "time_in_week_of_year": 0.13490372203651438,
            "time_in_week_of_month": 0.07900139274278492,
            "nominal_length_NOM20": 0.011516022866861314,
            "nominal_length_NOM40": 0.011254909740096781,
            "nominal_length_NOM45": 9.613187535312558e-06,
            "freight_kind_FCL": 0.024321944005255412,
            "freight_kind_MTY": 0.02213288496048478,
            "category_EXPRT": 0.07202369892053195,
            "category_IMPRT": 0.11980513874344069,
            "category_STRGE": 0.029704014107491947,
            "category_THRGH": 0.0022891619085136238,
            "category_TRSHP": 0.029835806863288492
        },
        "elapsed_time_minutes": null
    },
    "dataset_name": "subset_base.csv"
}