{
    "model_type": "RandomForest",
    "bins": [
        0,
        3,
        10,
        21
    ],
    "scaled": false,
    "tuned": false,
    "stratified_split_testing": true,
    "week": 1,
    "month": 1,
    "metrics": {
        "accuracy": 0.30107858243451463,
        "precision": 0.4917815126937303,
        "recall": 0.4637724486379013,
        "f1_score": 0.259536325782651,
        "matthews_corrcoef": 0.11939949472713521,
        "cohen_kappa_score": 0.08141360501781025,
        "roc_auc_score": 0.6984488090135589,
        "log_loss": 1.7970614194168728,
        "confusion_matrix": [
            [
                322,
                749,
                1565
            ],
            [
                89,
                1506,
                2113
            ],
            [
                2,
                18,
                126
            ]
        ],
        "classification_report": "              precision    recall  f1-score   support\n\n     00 - 02       0.78      0.12      0.21      2636\n     03 - 09       0.66      0.41      0.50      3708\n     10 - 20       0.03      0.86      0.06       146\n\n    accuracy                           0.30      6490\n   macro avg       0.49      0.46      0.26      6490\nweighted avg       0.70      0.30      0.37      6490\n",
        "feature_importances": {
            "time_in_month": 0.05162512635017247,
            "time_in_hour": 0.2103382117064329,
            "time_in_weekday": 0.0870885978947488,
            "requires_power": 0.00808608669844099,
            "time_in_business_day": 0.00764374565213495,
            "time_in_week_of_year": 0.0944399287713616,
            "time_in_week_of_month": 0.046173100977056486,
            "nominal_length_NOM20": 0.006518541170966414,
            "nominal_length_NOM40": 0.006388594526388828,
            "nominal_length_NOM45": 1.9586580421596743e-05,
            "freight_kind_FCL": 0.031096497703763222,
            "freight_kind_MTY": 0.030164414748415698,
            "category_EXPRT": 0.19032561207397075,
            "category_IMPRT": 0.19276214972267836,
            "category_STRGE": 0.009201816975974298,
            "category_THRGH": 0.007469243231096196,
            "category_TRSHP": 0.0206587452159765
        },
        "elapsed_time_minutes": null
    },
    "dataset_name": "subset_base.csv"
}