{
    "model_type": "RandomForest",
    "bins": [
        0,
        4,
        9,
        21
    ],
    "scaled": true,
    "tuned": false,
    "stratified_split_testing": true,
    "week": 4,
    "month": 1,
    "metrics": {
        "accuracy": 0.3830400922988174,
        "precision": 0.5039233151489885,
        "recall": 0.4981272734454883,
        "f1_score": 0.36299749509968104,
        "matthews_corrcoef": 0.22926197873758078,
        "cohen_kappa_score": 0.17616499516288742,
        "roc_auc_score": 0.6941598328120966,
        "log_loss": 1.5626816534061045,
        "confusion_matrix": [
            [
                1046,
                1075,
                3164
            ],
            [
                318,
                2394,
                1680
            ],
            [
                33,
                147,
                544
            ]
        ],
        "classification_report": "              precision    recall  f1-score   support\n\n     00 - 03       0.75      0.20      0.31      5285\n     04 - 08       0.66      0.55      0.60      4392\n     09 - 20       0.10      0.75      0.18       724\n\n    accuracy                           0.38     10401\n   macro avg       0.50      0.50      0.36     10401\nweighted avg       0.67      0.38      0.42     10401\n",
        "feature_importances": {
            "time_in_month": 0.08030850093827589,
            "time_in_hour": 0.2896521424959167,
            "time_in_weekday": 0.10995220763307782,
            "requires_power": 0.0073764505003902974,
            "time_in_business_day": 0.006446783037280816,
            "time_in_week_of_year": 0.13012708766485445,
            "time_in_week_of_month": 0.06883142176089518,
            "nominal_length_NOM20": 0.009242755631528338,
            "nominal_length_NOM40": 0.009051984883431037,
            "nominal_length_NOM45": 1.346497011238482e-05,
            "freight_kind_FCL": 0.020714931911862768,
            "freight_kind_MTY": 0.021191231061664983,
            "category_EXPRT": 0.07594776624316131,
            "category_IMPRT": 0.12900887408545728,
            "category_STRGE": 0.010054587968915944,
            "category_THRGH": 0.0028843159850215263,
            "category_TRSHP": 0.02919549322815319
        },
        "elapsed_time_minutes": null
    },
    "dataset_name": "subset_base.csv"
}