{
    "model_type": "RandomForest",
    "bins": [
        0,
        3,
        11,
        21
    ],
    "scaled": false,
    "tuned": false,
    "stratified_split_testing": false,
    "week": 2,
    "month": 1,
    "metrics": {
        "accuracy": 0.38682668155177224,
        "precision": 0.4932283262302866,
        "recall": 0.48132368516280044,
        "f1_score": 0.25271956921806865,
        "matthews_corrcoef": 0.10200281060421044,
        "cohen_kappa_score": 0.07743684477428747,
        "roc_auc_score": 0.7079981077976775,
        "log_loss": 2.5293395737162263,
        "confusion_matrix": [
            [
                174,
                2340,
                2130
            ],
            [
                25,
                3869,
                2059
            ],
            [
                10,
                27,
                115
            ]
        ],
        "classification_report": "              precision    recall  f1-score   support\n\n     00 - 02       0.83      0.04      0.07      4644\n     03 - 10       0.62      0.65      0.63      5953\n     11 - 20       0.03      0.76      0.05       152\n\n    accuracy                           0.39     10749\n   macro avg       0.49      0.48      0.25     10749\nweighted avg       0.70      0.39      0.38     10749\n",
        "feature_importances": {
            "time_in_month": 0.049717726825211465,
            "time_in_hour": 0.19730649539711206,
            "time_in_weekday": 0.08708262754555067,
            "requires_power": 0.007583433057338539,
            "time_in_business_day": 0.00839634441012013,
            "time_in_week_of_year": 0.08950093821055408,
            "time_in_week_of_month": 0.04351987569237476,
            "nominal_length_NOM20": 0.0062127510849484865,
            "nominal_length_NOM40": 0.005959450895399812,
            "nominal_length_NOM45": 1.2430910365974192e-05,
            "freight_kind_FCL": 0.031613861136292845,
            "freight_kind_MTY": 0.03169151840188391,
            "category_EXPRT": 0.19099200866368823,
            "category_IMPRT": 0.210799925435038,
            "category_STRGE": 0.00879747081815031,
            "category_THRGH": 0.007856310400479741,
            "category_TRSHP": 0.022956831115490777
        },
        "elapsed_time_minutes": null
    },
    "dataset_name": "subset_base.csv"
}