{
    "model_type": "RandomForest",
    "bins": [
        0,
        3,
        11,
        21
    ],
    "scaled": false,
    "tuned": false,
    "stratified_split_testing": true,
    "week": 1,
    "month": 3,
    "metrics": {
        "accuracy": 0.3157355785641142,
        "precision": 0.4922267433179852,
        "recall": 0.3890904926351211,
        "f1_score": 0.27280664291951734,
        "matthews_corrcoef": 0.1451062745162882,
        "cohen_kappa_score": 0.1018152536334419,
        "roc_auc_score": 0.6648136814873999,
        "log_loss": 1.9661140785543634,
        "confusion_matrix": [
            [
                548,
                1031,
                2448
            ],
            [
                124,
                2122,
                2331
            ],
            [
                17,
                63,
                105
            ]
        ],
        "classification_report": "              precision    recall  f1-score   support\n\n     00 - 02       0.80      0.14      0.23      4027\n     03 - 10       0.66      0.46      0.54      4577\n     11 - 20       0.02      0.57      0.04       185\n\n    accuracy                           0.32      8789\n   macro avg       0.49      0.39      0.27      8789\nweighted avg       0.71      0.32      0.39      8789\n",
        "feature_importances": {
            "time_in_month": 0.04820754570460312,
            "time_in_hour": 0.1992063253869919,
            "time_in_weekday": 0.08794081034580632,
            "requires_power": 0.0077041103558196464,
            "time_in_business_day": 0.00812441231647478,
            "time_in_week_of_year": 0.08903962241131193,
            "time_in_week_of_month": 0.04278024025681187,
            "nominal_length_NOM20": 0.006221796787886474,
            "nominal_length_NOM40": 0.005780124371695764,
            "nominal_length_NOM45": 1.8375927854974733e-05,
            "freight_kind_FCL": 0.03314464339105414,
            "freight_kind_MTY": 0.0310203083729257,
            "category_EXPRT": 0.19108445521589942,
            "category_IMPRT": 0.20967886712616135,
            "category_STRGE": 0.008730499430619024,
            "category_THRGH": 0.008379277806024253,
            "category_TRSHP": 0.022938584792059236
        },
        "elapsed_time_minutes": null
    },
    "dataset_name": "subset_base.csv"
}