{
    "model_type": "RandomForest",
    "bins": [
        0,
        4,
        12,
        21
    ],
    "scaled": true,
    "tuned": false,
    "stratified_split_testing": true,
    "week": 1,
    "month": 1,
    "metrics": {
        "accuracy": 0.24822804314329738,
        "precision": 0.48572738028890133,
        "recall": 0.456510596085886,
        "f1_score": 0.23394223873093908,
        "matthews_corrcoef": 0.15077699249784404,
        "cohen_kappa_score": 0.09156383131478307,
        "roc_auc_score": 0.6514813656184996,
        "log_loss": 2.568909360141263,
        "confusion_matrix": [
            [
                279,
                904,
                2614
            ],
            [
                44,
                1244,
                1297
            ],
            [
                1,
                19,
                88
            ]
        ],
        "classification_report": "              precision    recall  f1-score   support\n\n     00 - 03       0.86      0.07      0.14      3797\n     04 - 11       0.57      0.48      0.52      2585\n     12 - 20       0.02      0.81      0.04       108\n\n    accuracy                           0.25      6490\n   macro avg       0.49      0.46      0.23      6490\nweighted avg       0.73      0.25      0.29      6490\n",
        "feature_importances": {
            "time_in_month": 0.08489081578100212,
            "time_in_hour": 0.22055843749861312,
            "time_in_weekday": 0.11899879705698134,
            "requires_power": 0.007439236503366421,
            "time_in_business_day": 0.007933521085331281,
            "time_in_week_of_year": 0.13298003107500792,
            "time_in_week_of_month": 0.07821242569032709,
            "nominal_length_NOM20": 0.011226203860874787,
            "nominal_length_NOM40": 0.011576607943519805,
            "nominal_length_NOM45": 1.0901082891618914e-05,
            "freight_kind_FCL": 0.028863256715093523,
            "freight_kind_MTY": 0.026585732923142574,
            "category_EXPRT": 0.08067479997749187,
            "category_IMPRT": 0.12616049374311575,
            "category_STRGE": 0.027395321866543223,
            "category_THRGH": 0.0028003327222377093,
            "category_TRSHP": 0.03369308447445997
        },
        "elapsed_time_minutes": null
    },
    "dataset_name": "subset_base.csv"
}