{
    "model_type": "RandomForest",
    "bins": [
        0,
        3,
        11,
        21
    ],
    "scaled": true,
    "tuned": false,
    "stratified_split_testing": true,
    "week": 3,
    "month": 1,
    "metrics": {
        "accuracy": 0.4939159292035398,
        "precision": 0.3860311705402833,
        "recall": 0.33944244507898874,
        "f1_score": 0.2745147632103164,
        "matthews_corrcoef": 0.06509148877596257,
        "cohen_kappa_score": 0.05528632521644905,
        "roc_auc_score": 0.656815347513638,
        "log_loss": 1.4513165045638072,
        "confusion_matrix": [
            [
                99,
                1557,
                826
            ],
            [
                111,
                3429,
                1015
            ],
            [
                2,
                149,
                44
            ]
        ],
        "classification_report": "              precision    recall  f1-score   support\n\n     00 - 02       0.47      0.04      0.07      2482\n     03 - 10       0.67      0.75      0.71      4555\n     11 - 20       0.02      0.23      0.04       195\n\n    accuracy                           0.49      7232\n   macro avg       0.39      0.34      0.27      7232\nweighted avg       0.58      0.49      0.47      7232\n",
        "feature_importances": {
            "time_in_month": 0.08419054967387517,
            "time_in_hour": 0.21617990092904912,
            "time_in_weekday": 0.1128803204467616,
            "requires_power": 0.006753632286099583,
            "time_in_business_day": 0.007156319309657514,
            "time_in_week_of_year": 0.12594566718343703,
            "time_in_week_of_month": 0.07267280629252731,
            "nominal_length_NOM20": 0.011365132271451934,
            "nominal_length_NOM40": 0.010675526689665807,
            "nominal_length_NOM45": 1.3417961704868993e-05,
            "freight_kind_FCL": 0.02870289125191353,
            "freight_kind_MTY": 0.029911776053401385,
            "category_EXPRT": 0.0858185108650012,
            "category_IMPRT": 0.14090162246967108,
            "category_STRGE": 0.02240343394859611,
            "category_THRGH": 0.004083878751074281,
            "category_TRSHP": 0.04034461361611248
        },
        "elapsed_time_minutes": null
    },
    "dataset_name": "subset_base.csv"
}