{
    "model_type": "RandomForest",
    "bins": [
        0,
        4,
        9,
        21
    ],
    "scaled": false,
    "tuned": false,
    "stratified_split_testing": true,
    "week": 3,
    "month": 2,
    "metrics": {
        "accuracy": 0.45526417277285,
        "precision": 0.46490680049656125,
        "recall": 0.46091434836380624,
        "f1_score": 0.38588632249139493,
        "matthews_corrcoef": 0.2266713872995169,
        "cohen_kappa_score": 0.19012167854536943,
        "roc_auc_score": 0.693647001939976,
        "log_loss": 2.583047731572694,
        "confusion_matrix": [
            [
                2332,
                2456,
                1713
            ],
            [
                282,
                2194,
                860
            ],
            [
                32,
                307,
                196
            ]
        ],
        "classification_report": "              precision    recall  f1-score   support\n\n     00 - 03       0.88      0.36      0.51      6501\n     04 - 08       0.44      0.66      0.53      3336\n     09 - 20       0.07      0.37      0.12       535\n\n    accuracy                           0.46     10372\n   macro avg       0.46      0.46      0.39     10372\nweighted avg       0.70      0.46      0.50     10372\n",
        "feature_importances": {
            "time_in_month": 0.05900282308283656,
            "time_in_hour": 0.24533563511251433,
            "time_in_weekday": 0.09155192244007106,
            "requires_power": 0.007997333943185856,
            "time_in_business_day": 0.005996583196059305,
            "time_in_week_of_year": 0.10931528253525497,
            "time_in_week_of_month": 0.05633720662129347,
            "nominal_length_NOM20": 0.007146198499725091,
            "nominal_length_NOM40": 0.00737639815205788,
            "nominal_length_NOM45": 1.2869934087911932e-05,
            "freight_kind_FCL": 0.028958724422685777,
            "freight_kind_MTY": 0.028543500266941402,
            "category_EXPRT": 0.15064989082510521,
            "category_IMPRT": 0.17342692455403783,
            "category_STRGE": 0.006074043572786711,
            "category_THRGH": 0.004504986307137835,
            "category_TRSHP": 0.017769676534218813
        },
        "elapsed_time_minutes": null
    },
    "dataset_name": "subset_base.csv"
}