{
    "model_type": "RandomForest",
    "bins": [
        0,
        4,
        9,
        21
    ],
    "scaled": false,
    "tuned": false,
    "stratified_split_testing": false,
    "week": 3,
    "month": 1,
    "metrics": {
        "accuracy": 0.3642146017699115,
        "precision": 0.3284971673260882,
        "recall": 0.3484884224225113,
        "f1_score": 0.25671924777422894,
        "matthews_corrcoef": 0.0026004363700596407,
        "cohen_kappa_score": 0.0020543384571301004,
        "roc_auc_score": 0.6173510656100009,
        "log_loss": 3.684321071413498,
        "confusion_matrix": [
            [
                229,
                2453,
                843
            ],
            [
                230,
                2294,
                801
            ],
            [
                37,
                234,
                111
            ]
        ],
        "classification_report": "              precision    recall  f1-score   support\n\n     00 - 03       0.46      0.06      0.11      3525\n     04 - 08       0.46      0.69      0.55      3325\n     09 - 20       0.06      0.29      0.10       382\n\n    accuracy                           0.36      7232\n   macro avg       0.33      0.35      0.26      7232\nweighted avg       0.44      0.36      0.31      7232\n",
        "feature_importances": {
            "time_in_month": 0.05986013768346811,
            "time_in_hour": 0.2464889947414128,
            "time_in_weekday": 0.09002645037073248,
            "requires_power": 0.008150537671224527,
            "time_in_business_day": 0.006066557423151986,
            "time_in_week_of_year": 0.11006230087482023,
            "time_in_week_of_month": 0.056880049700525764,
            "nominal_length_NOM20": 0.007122354879630564,
            "nominal_length_NOM40": 0.0071461320594953205,
            "nominal_length_NOM45": 1.7618991255825774e-05,
            "freight_kind_FCL": 0.027402167127142538,
            "freight_kind_MTY": 0.028311477866488067,
            "category_EXPRT": 0.15187629472954403,
            "category_IMPRT": 0.16972552397735402,
            "category_STRGE": 0.00611564907390217,
            "category_THRGH": 0.004096459690861172,
            "category_TRSHP": 0.020651293138990418
        },
        "elapsed_time_minutes": null
    },
    "dataset_name": "subset_base.csv"
}