{
    "model_type": "RandomForest",
    "bins": [
        0,
        6,
        11,
        21
    ],
    "scaled": false,
    "tuned": false,
    "stratified_split_testing": true,
    "week": 3,
    "month": 1,
    "metrics": {
        "accuracy": 0.26603982300884954,
        "precision": 0.3938496735037497,
        "recall": 0.35261505417730526,
        "f1_score": 0.2369178887869916,
        "matthews_corrcoef": 0.11950220217431486,
        "cohen_kappa_score": 0.07482251213252222,
        "roc_auc_score": 0.603523577388359,
        "log_loss": 4.607312700859555,
        "confusion_matrix": [
            [
                553,
                2031,
                2562
            ],
            [
                141,
                1322,
                428
            ],
            [
                9,
                137,
                49
            ]
        ],
        "classification_report": "              precision    recall  f1-score   support\n\n     00 - 05       0.79      0.11      0.19      5146\n     06 - 10       0.38      0.70      0.49      1891\n     11 - 20       0.02      0.25      0.03       195\n\n    accuracy                           0.27      7232\n   macro avg       0.39      0.35      0.24      7232\nweighted avg       0.66      0.27      0.26      7232\n",
        "feature_importances": {
            "time_in_month": 0.07406191270549421,
            "time_in_hour": 0.2922637931725514,
            "time_in_weekday": 0.10683736348319238,
            "requires_power": 0.007526081533836202,
            "time_in_business_day": 0.006972782595367392,
            "time_in_week_of_year": 0.13762575212557251,
            "time_in_week_of_month": 0.06572715992544864,
            "nominal_length_NOM20": 0.006914474043459483,
            "nominal_length_NOM40": 0.007594280796749543,
            "nominal_length_NOM45": 2.2313228698148735e-05,
            "freight_kind_FCL": 0.021857146251694458,
            "freight_kind_MTY": 0.020724563094477705,
            "category_EXPRT": 0.10474363221035937,
            "category_IMPRT": 0.1231811809827853,
            "category_STRGE": 0.004775341584476786,
            "category_THRGH": 0.0025461061260449586,
            "category_TRSHP": 0.016626116139791564
        },
        "elapsed_time_minutes": null
    },
    "dataset_name": "subset_base.csv"
}