{
    "model_type": "RandomForest",
    "bins": [
        0,
        6,
        9,
        21
    ],
    "scaled": true,
    "tuned": false,
    "stratified_split_testing": true,
    "week": 3,
    "month": 1,
    "metrics": {
        "accuracy": 0.29576880530973454,
        "precision": 0.39559610861525507,
        "recall": 0.38121823777893876,
        "f1_score": 0.26672704456285495,
        "matthews_corrcoef": 0.09961124189313841,
        "cohen_kappa_score": 0.06824578053382568,
        "roc_auc_score": 0.6234942339949795,
        "log_loss": 4.926919571860366,
        "confusion_matrix": [
            [
                957,
                2172,
                2017
            ],
            [
                136,
                1052,
                516
            ],
            [
                60,
                192,
                130
            ]
        ],
        "classification_report": "              precision    recall  f1-score   support\n\n     00 - 05       0.83      0.19      0.30      5146\n     06 - 08       0.31      0.62      0.41      1704\n     09 - 20       0.05      0.34      0.09       382\n\n    accuracy                           0.30      7232\n   macro avg       0.40      0.38      0.27      7232\nweighted avg       0.67      0.30      0.32      7232\n",
        "feature_importances": {
            "time_in_month": 0.08608659000527766,
            "time_in_hour": 0.3115587743550619,
            "time_in_weekday": 0.11924182913658779,
            "requires_power": 0.007655906389779305,
            "time_in_business_day": 0.00689264570624586,
            "time_in_week_of_year": 0.13636789752311324,
            "time_in_week_of_month": 0.07314032540834521,
            "nominal_length_NOM20": 0.010007195583080962,
            "nominal_length_NOM40": 0.010608987998913376,
            "nominal_length_NOM45": 1.485426378637369e-05,
            "freight_kind_FCL": 0.01678503887791914,
            "freight_kind_MTY": 0.01755805242979352,
            "category_EXPRT": 0.06078019237254261,
            "category_IMPRT": 0.10622455073731206,
            "category_STRGE": 0.009809220535743422,
            "category_THRGH": 0.0017842890644425154,
            "category_TRSHP": 0.02548364961205509
        },
        "elapsed_time_minutes": null
    },
    "dataset_name": "subset_base.csv"
}