{
    "model_type": "RandomForest",
    "bins": [
        0,
        6,
        11,
        21
    ],
    "scaled": true,
    "tuned": false,
    "stratified_split_testing": false,
    "week": 2,
    "month": 3,
    "metrics": {
        "accuracy": 0.17026588440893772,
        "precision": 0.35567415669231667,
        "recall": 0.5052859443840382,
        "f1_score": 0.14482474910663576,
        "matthews_corrcoef": 0.0010608941889472406,
        "cohen_kappa_score": 0.0004985952314452424,
        "roc_auc_score": 0.5975135977535359,
        "log_loss": 5.647023135344042,
        "confusion_matrix": [
            [
                833,
                3518,
                2444
            ],
            [
                62,
                481,
                622
            ],
            [
                0,
                1,
                50
            ]
        ],
        "classification_report": "              precision    recall  f1-score   support\n\n     00 - 05       0.93      0.12      0.22      6795\n     06 - 10       0.12      0.41      0.19      1165\n     11 - 20       0.02      0.98      0.03        51\n\n    accuracy                           0.17      8011\n   macro avg       0.36      0.51      0.14      8011\nweighted avg       0.81      0.17      0.21      8011\n",
        "feature_importances": {
            "time_in_month": 0.08884103466611272,
            "time_in_hour": 0.26932435736478566,
            "time_in_weekday": 0.12001639342163595,
            "requires_power": 0.007165365962200869,
            "time_in_business_day": 0.006871799478337782,
            "time_in_week_of_year": 0.13808941107272862,
            "time_in_week_of_month": 0.07829026313355199,
            "nominal_length_NOM20": 0.011056774655008593,
            "nominal_length_NOM40": 0.010770808567115013,
            "nominal_length_NOM45": 1.0091215760802518e-05,
            "freight_kind_FCL": 0.01982791476956065,
            "freight_kind_MTY": 0.018226023032307023,
            "category_EXPRT": 0.06918221692100732,
            "category_IMPRT": 0.10501915533376119,
            "category_STRGE": 0.022494593110472066,
            "category_THRGH": 0.0017194625169140193,
            "category_TRSHP": 0.03309433477873985
        },
        "elapsed_time_minutes": null
    },
    "dataset_name": "subset_base.csv"
}