{
    "model_type": "RandomForest",
    "bins": [
        0,
        5,
        11,
        21
    ],
    "scaled": true,
    "tuned": false,
    "stratified_split_testing": true,
    "week": 4,
    "month": 2,
    "metrics": {
        "accuracy": 0.3170501697472652,
        "precision": 0.44981354602155865,
        "recall": 0.3514144539355848,
        "f1_score": 0.28305858678984847,
        "matthews_corrcoef": 0.18571494799445573,
        "cohen_kappa_score": 0.12325902610016348,
        "roc_auc_score": 0.5701836736937095,
        "log_loss": 2.175871140120851,
        "confusion_matrix": [
            [
                1075,
                2334,
                3891
            ],
            [
                104,
                2232,
                578
            ],
            [
                46,
                289,
                55
            ]
        ],
        "classification_report": "              precision    recall  f1-score   support\n\n     00 - 04       0.88      0.15      0.25      7300\n     05 - 10       0.46      0.77      0.57      2914\n     11 - 20       0.01      0.14      0.02       390\n\n    accuracy                           0.32     10604\n   macro avg       0.45      0.35      0.28     10604\nweighted avg       0.73      0.32      0.33     10604\n",
        "feature_importances": {
            "time_in_month": 0.0853571776673735,
            "time_in_hour": 0.2591010989440345,
            "time_in_weekday": 0.11733743609114762,
            "requires_power": 0.00712994728692288,
            "time_in_business_day": 0.006514268293754292,
            "time_in_week_of_year": 0.13283050709663058,
            "time_in_week_of_month": 0.0768838770797068,
            "nominal_length_NOM20": 0.010909545684229228,
            "nominal_length_NOM40": 0.010808661788060912,
            "nominal_length_NOM45": 1.3668621812141797e-05,
            "freight_kind_FCL": 0.023062947840830742,
            "freight_kind_MTY": 0.021075242188236726,
            "category_EXPRT": 0.07614975431092315,
            "category_IMPRT": 0.11342627257872197,
            "category_STRGE": 0.024775754822701557,
            "category_THRGH": 0.002101160719872642,
            "category_TRSHP": 0.03252267898504081
        },
        "elapsed_time_minutes": null
    },
    "dataset_name": "subset_base.csv"
}