{
    "model_type": "RandomForest",
    "bins": [
        0,
        3,
        10,
        21
    ],
    "scaled": true,
    "tuned": false,
    "stratified_split_testing": true,
    "week": 4,
    "month": 1,
    "metrics": {
        "accuracy": 0.4801461397942505,
        "precision": 0.4599641581800884,
        "recall": 0.5180190196671384,
        "f1_score": 0.36443391297507904,
        "matthews_corrcoef": 0.21727091418275932,
        "cohen_kappa_score": 0.18480501447872466,
        "roc_auc_score": 0.7708761239751519,
        "log_loss": 1.0886138068068696,
        "confusion_matrix": [
            [
                503,
                1187,
                1984
            ],
            [
                446,
                4105,
                1666
            ],
            [
                9,
                115,
                386
            ]
        ],
        "classification_report": "              precision    recall  f1-score   support\n\n     00 - 02       0.53      0.14      0.22      3674\n     03 - 09       0.76      0.66      0.71      6217\n     10 - 20       0.10      0.76      0.17       510\n\n    accuracy                           0.48     10401\n   macro avg       0.46      0.52      0.36     10401\nweighted avg       0.64      0.48      0.51     10401\n",
        "feature_importances": {
            "time_in_month": 0.07628411452195227,
            "time_in_hour": 0.23633762407721481,
            "time_in_weekday": 0.11792939831480982,
            "requires_power": 0.0071832388169463714,
            "time_in_business_day": 0.007778755009269691,
            "time_in_week_of_year": 0.12245186440525409,
            "time_in_week_of_month": 0.06937287425305338,
            "nominal_length_NOM20": 0.009782264447824724,
            "nominal_length_NOM40": 0.00998170122308648,
            "nominal_length_NOM45": 1.323751702450254e-05,
            "freight_kind_FCL": 0.026884703975500232,
            "freight_kind_MTY": 0.024969278648777408,
            "category_EXPRT": 0.08273526944010808,
            "category_IMPRT": 0.1454163540664381,
            "category_STRGE": 0.015767624126196155,
            "category_THRGH": 0.004109447216723048,
            "category_TRSHP": 0.043002249939820894
        },
        "elapsed_time_minutes": null
    },
    "dataset_name": "subset_base.csv"
}