{
    "model_type": "RandomForest",
    "bins": [
        0,
        6,
        9,
        21
    ],
    "scaled": true,
    "tuned": false,
    "stratified_split_testing": false,
    "week": 4,
    "month": 2,
    "metrics": {
        "accuracy": 0.36948321388155414,
        "precision": 0.3912357578481754,
        "recall": 0.35150877846795336,
        "f1_score": 0.302237175632777,
        "matthews_corrcoef": 0.10469552455265493,
        "cohen_kappa_score": 0.0763232151623483,
        "roc_auc_score": 0.5559809905534272,
        "log_loss": 1.8113178792139464,
        "confusion_matrix": [
            [
                2939,
                2050,
                3197
            ],
            [
                227,
                831,
                673
            ],
            [
                169,
                370,
                148
            ]
        ],
        "classification_report": "              precision    recall  f1-score   support\n\n     00 - 05       0.88      0.36      0.51      8186\n     06 - 08       0.26      0.48      0.33      1731\n     09 - 20       0.04      0.22      0.06       687\n\n    accuracy                           0.37     10604\n   macro avg       0.39      0.35      0.30     10604\nweighted avg       0.72      0.37      0.45     10604\n",
        "feature_importances": {
            "time_in_month": 0.0854926928656923,
            "time_in_hour": 0.31581390715747504,
            "time_in_weekday": 0.11443495558315017,
            "requires_power": 0.00789662441580065,
            "time_in_business_day": 0.006400097214976218,
            "time_in_week_of_year": 0.13819967362304114,
            "time_in_week_of_month": 0.07304134768009805,
            "nominal_length_NOM20": 0.010153635414869628,
            "nominal_length_NOM40": 0.01049717572310944,
            "nominal_length_NOM45": 1.4639502661357835e-05,
            "freight_kind_FCL": 0.01620976357774125,
            "freight_kind_MTY": 0.016776871087567303,
            "category_EXPRT": 0.06201548056201787,
            "category_IMPRT": 0.10593769709339866,
            "category_STRGE": 0.009408736118245045,
            "category_THRGH": 0.0016780111009456144,
            "category_TRSHP": 0.02602869127921037
        },
        "elapsed_time_minutes": null
    },
    "dataset_name": "subset_base.csv"
}