{
    "model_type": "RandomForest",
    "bins": [
        0,
        5,
        10,
        21
    ],
    "scaled": true,
    "tuned": false,
    "stratified_split_testing": false,
    "week": 1,
    "month": 2,
    "metrics": {
        "accuracy": 0.15607287449392712,
        "precision": 0.4316000943815814,
        "recall": 0.40229451279239536,
        "f1_score": 0.1790707381547778,
        "matthews_corrcoef": 0.09569494700426004,
        "cohen_kappa_score": 0.04533872279869,
        "roc_auc_score": 0.5998383677548793,
        "log_loss": 3.9728423347147293,
        "confusion_matrix": [
            [
                689,
                887,
                5282
            ],
            [
                143,
                779,
                2012
            ],
            [
                10,
                4,
                74
            ]
        ],
        "classification_report": "              precision    recall  f1-score   support\n\n     00 - 04       0.82      0.10      0.18      6858\n     05 - 09       0.47      0.27      0.34      2934\n     10 - 20       0.01      0.84      0.02        88\n\n    accuracy                           0.16      9880\n   macro avg       0.43      0.40      0.18      9880\nweighted avg       0.71      0.16      0.22      9880\n",
        "feature_importances": {
            "time_in_month": 0.08222634732659917,
            "time_in_hour": 0.28015951292131175,
            "time_in_weekday": 0.11461707907227955,
            "requires_power": 0.007726340357617846,
            "time_in_business_day": 0.006893933849562781,
            "time_in_week_of_year": 0.13151153553876366,
            "time_in_week_of_month": 0.0735651857735096,
            "nominal_length_NOM20": 0.010499831606895922,
            "nominal_length_NOM40": 0.010246969194055286,
            "nominal_length_NOM45": 1.400144735001355e-05,
            "freight_kind_FCL": 0.019913412088308203,
            "freight_kind_MTY": 0.01970354800066004,
            "category_EXPRT": 0.07427085954520245,
            "category_IMPRT": 0.11901618265708243,
            "category_STRGE": 0.013062164942530574,
            "category_THRGH": 0.0021909611748840837,
            "category_TRSHP": 0.03438213450338668
        },
        "elapsed_time_minutes": null
    },
    "dataset_name": "subset_base.csv"
}