{
    "model_type": "RandomForest",
    "bins": [
        0,
        5,
        10,
        21
    ],
    "scaled": true,
    "tuned": false,
    "stratified_split_testing": false,
    "week": 2,
    "month": 1,
    "metrics": {
        "accuracy": 0.17499302260675412,
        "precision": 0.45389606353735196,
        "recall": 0.4271379858902285,
        "f1_score": 0.20390696539500938,
        "matthews_corrcoef": 0.12827616976940223,
        "cohen_kappa_score": 0.0603075357736379,
        "roc_auc_score": 0.5937623567604592,
        "log_loss": 5.915702996713039,
        "confusion_matrix": [
            [
                812,
                1140,
                5980
            ],
            [
                67,
                896,
                1647
            ],
            [
                21,
                13,
                173
            ]
        ],
        "classification_report": "              precision    recall  f1-score   support\n\n     00 - 04       0.90      0.10      0.18      7932\n     05 - 09       0.44      0.34      0.38      2610\n     10 - 20       0.02      0.84      0.04       207\n\n    accuracy                           0.17     10749\n   macro avg       0.45      0.43      0.20     10749\nweighted avg       0.77      0.17      0.23     10749\n",
        "feature_importances": {
            "time_in_month": 0.08222634732659917,
            "time_in_hour": 0.28015951292131175,
            "time_in_weekday": 0.11461707907227955,
            "requires_power": 0.007726340357617846,
            "time_in_business_day": 0.006893933849562781,
            "time_in_week_of_year": 0.13151153553876366,
            "time_in_week_of_month": 0.0735651857735096,
            "nominal_length_NOM20": 0.010499831606895922,
            "nominal_length_NOM40": 0.010246969194055286,
            "nominal_length_NOM45": 1.400144735001355e-05,
            "freight_kind_FCL": 0.019913412088308203,
            "freight_kind_MTY": 0.01970354800066004,
            "category_EXPRT": 0.07427085954520245,
            "category_IMPRT": 0.11901618265708243,
            "category_STRGE": 0.013062164942530574,
            "category_THRGH": 0.0021909611748840837,
            "category_TRSHP": 0.03438213450338668
        },
        "elapsed_time_minutes": null
    },
    "dataset_name": "subset_base.csv"
}