{
    "model_type": "RandomForest",
    "bins": [
        0,
        3,
        9,
        21
    ],
    "scaled": true,
    "tuned": false,
    "stratified_split_testing": false,
    "week": 1,
    "month": 3,
    "metrics": {
        "accuracy": 0.23256343156217998,
        "precision": 0.45275525295407076,
        "recall": 0.33220072372135,
        "f1_score": 0.22701460058969683,
        "matthews_corrcoef": 0.08316786870217904,
        "cohen_kappa_score": 0.051830306847991836,
        "roc_auc_score": 0.6020879469804097,
        "log_loss": 2.3661315107669387,
        "confusion_matrix": [
            [
                355,
                675,
                2997
            ],
            [
                87,
                1358,
                2751
            ],
            [
                77,
                158,
                331
            ]
        ],
        "classification_report": "              precision    recall  f1-score   support\n\n     00 - 02       0.68      0.09      0.16      4027\n     03 - 08       0.62      0.32      0.43      4196\n     09 - 20       0.05      0.58      0.10       566\n\n    accuracy                           0.23      8789\n   macro avg       0.45      0.33      0.23      8789\nweighted avg       0.61      0.23      0.28      8789\n",
        "feature_importances": {
            "time_in_month": 0.07512362444460746,
            "time_in_hour": 0.26209041100929026,
            "time_in_weekday": 0.1137241615251865,
            "requires_power": 0.007456410819649831,
            "time_in_business_day": 0.007359179287996323,
            "time_in_week_of_year": 0.12236387147990596,
            "time_in_week_of_month": 0.06363976807486418,
            "nominal_length_NOM20": 0.008480597049604133,
            "nominal_length_NOM40": 0.008613962366967237,
            "nominal_length_NOM45": 8.975708148963322e-06,
            "freight_kind_FCL": 0.024279644792906424,
            "freight_kind_MTY": 0.023945607444185255,
            "category_EXPRT": 0.08834500314518857,
            "category_IMPRT": 0.147349191382706,
            "category_STRGE": 0.0101796634326897,
            "category_THRGH": 0.004067354305380612,
            "category_TRSHP": 0.03297257373072272
        },
        "elapsed_time_minutes": null
    },
    "dataset_name": "subset_base.csv"
}