{
    "model_type": "RandomForest",
    "bins": [
        0,
        5,
        11,
        21
    ],
    "scaled": false,
    "tuned": false,
    "stratified_split_testing": true,
    "week": 3,
    "month": 2,
    "metrics": {
        "accuracy": 0.3805437716930197,
        "precision": 0.456514219277419,
        "recall": 0.44247602213515064,
        "f1_score": 0.3121343482206475,
        "matthews_corrcoef": 0.22125532060832875,
        "cohen_kappa_score": 0.151491644637187,
        "roc_auc_score": 0.7144940112720871,
        "log_loss": 3.2365299856124246,
        "confusion_matrix": [
            [
                1627,
                3299,
                2444
            ],
            [
                72,
                2244,
                421
            ],
            [
                11,
                178,
                76
            ]
        ],
        "classification_report": "              precision    recall  f1-score   support\n\n     00 - 04       0.95      0.22      0.36      7370\n     05 - 10       0.39      0.82      0.53      2737\n     11 - 20       0.03      0.29      0.05       265\n\n    accuracy                           0.38     10372\n   macro avg       0.46      0.44      0.31     10372\nweighted avg       0.78      0.38      0.40     10372\n",
        "feature_importances": {
            "time_in_month": 0.06235532969304836,
            "time_in_hour": 0.2564094529920989,
            "time_in_weekday": 0.09112925821873187,
            "requires_power": 0.007461100868771442,
            "time_in_business_day": 0.0055984854671498096,
            "time_in_week_of_year": 0.11785686667930612,
            "time_in_week_of_month": 0.05913949295654529,
            "nominal_length_NOM20": 0.006042150211210319,
            "nominal_length_NOM40": 0.006173573316978216,
            "nominal_length_NOM45": 2.5508697498141703e-05,
            "freight_kind_FCL": 0.027101935585070035,
            "freight_kind_MTY": 0.028684763217132616,
            "category_EXPRT": 0.13588631182627553,
            "category_IMPRT": 0.16609662600313155,
            "category_STRGE": 0.006334976559968243,
            "category_THRGH": 0.003712592958066195,
            "category_TRSHP": 0.019991574749017332
        },
        "elapsed_time_minutes": null
    },
    "dataset_name": "subset_base.csv"
}