{
    "model_type": "RandomForest",
    "bins": [
        0,
        3,
        9,
        21
    ],
    "scaled": true,
    "tuned": false,
    "stratified_split_testing": false,
    "week": 1,
    "month": 2,
    "metrics": {
        "accuracy": 0.23461538461538461,
        "precision": 0.4842248608653847,
        "recall": 0.3789869427901018,
        "f1_score": 0.20173034992176844,
        "matthews_corrcoef": 0.10735977529478248,
        "cohen_kappa_score": 0.06094710753088084,
        "roc_auc_score": 0.6124862950331342,
        "log_loss": 2.6198868482783757,
        "confusion_matrix": [
            [
                241,
                616,
                2863
            ],
            [
                106,
                1969,
                3940
            ],
            [
                5,
                32,
                108
            ]
        ],
        "classification_report": "              precision    recall  f1-score   support\n\n     00 - 02       0.68      0.06      0.12      3720\n     03 - 08       0.75      0.33      0.46      6015\n     09 - 20       0.02      0.74      0.03       145\n\n    accuracy                           0.23      9880\n   macro avg       0.48      0.38      0.20      9880\nweighted avg       0.72      0.23      0.32      9880\n",
        "feature_importances": {
            "time_in_month": 0.07512362444460746,
            "time_in_hour": 0.26209041100929026,
            "time_in_weekday": 0.1137241615251865,
            "requires_power": 0.007456410819649831,
            "time_in_business_day": 0.007359179287996323,
            "time_in_week_of_year": 0.12236387147990596,
            "time_in_week_of_month": 0.06363976807486418,
            "nominal_length_NOM20": 0.008480597049604133,
            "nominal_length_NOM40": 0.008613962366967237,
            "nominal_length_NOM45": 8.975708148963322e-06,
            "freight_kind_FCL": 0.024279644792906424,
            "freight_kind_MTY": 0.023945607444185255,
            "category_EXPRT": 0.08834500314518857,
            "category_IMPRT": 0.147349191382706,
            "category_STRGE": 0.0101796634326897,
            "category_THRGH": 0.004067354305380612,
            "category_TRSHP": 0.03297257373072272
        },
        "elapsed_time_minutes": null
    },
    "dataset_name": "subset_base.csv"
}