{
    "model_type": "RandomForest",
    "bins": [
        0,
        4,
        10,
        21
    ],
    "scaled": true,
    "tuned": false,
    "stratified_split_testing": false,
    "week": 2,
    "month": 1,
    "metrics": {
        "accuracy": 0.15759605544701832,
        "precision": 0.5192584965615091,
        "recall": 0.4159682592684341,
        "f1_score": 0.1764625260702043,
        "matthews_corrcoef": 0.14773033499097155,
        "cohen_kappa_score": 0.06639994999937748,
        "roc_auc_score": 0.6290252673061569,
        "log_loss": 5.081308707768781,
        "confusion_matrix": [
            [
                165,
                639,
                5587
            ],
            [
                21,
                1343,
                2787
            ],
            [
                5,
                16,
                186
            ]
        ],
        "classification_report": "              precision    recall  f1-score   support\n\n     00 - 03       0.86      0.03      0.05      6391\n     04 - 09       0.67      0.32      0.44      4151\n     10 - 20       0.02      0.90      0.04       207\n\n    accuracy                           0.16     10749\n   macro avg       0.52      0.42      0.18     10749\nweighted avg       0.77      0.16      0.20     10749\n",
        "feature_importances": {
            "time_in_month": 0.07868480334604845,
            "time_in_hour": 0.26309780840316627,
            "time_in_weekday": 0.1171816112918458,
            "requires_power": 0.007880198624190688,
            "time_in_business_day": 0.006954100275050782,
            "time_in_week_of_year": 0.12588649040212346,
            "time_in_week_of_month": 0.071736462797997,
            "nominal_length_NOM20": 0.0105581326188005,
            "nominal_length_NOM40": 0.00981986096232664,
            "nominal_length_NOM45": 8.639555800868033e-06,
            "freight_kind_FCL": 0.022298976520753015,
            "freight_kind_MTY": 0.02349643461471937,
            "category_EXPRT": 0.07751459006216269,
            "category_IMPRT": 0.12765138994355368,
            "category_STRGE": 0.015079456441327452,
            "category_THRGH": 0.0027882187012320107,
            "category_TRSHP": 0.0393628254389014
        },
        "elapsed_time_minutes": null
    },
    "dataset_name": "subset_base.csv"
}