{
    "model_type": "RandomForest",
    "bins": [
        0,
        4,
        11,
        21
    ],
    "scaled": true,
    "tuned": false,
    "stratified_split_testing": true,
    "week": 4,
    "month": 2,
    "metrics": {
        "accuracy": 0.31186344775556396,
        "precision": 0.4923082303728919,
        "recall": 0.3103458045207263,
        "f1_score": 0.2787836030419939,
        "matthews_corrcoef": 0.2074914517136944,
        "cohen_kappa_score": 0.13698153597890173,
        "roc_auc_score": 0.569855909306557,
        "log_loss": 1.842999734077004,
        "confusion_matrix": [
            [
                494,
                1164,
                4586
            ],
            [
                87,
                2751,
                1132
            ],
            [
                26,
                302,
                62
            ]
        ],
        "classification_report": "              precision    recall  f1-score   support\n\n     00 - 03       0.81      0.08      0.14      6244\n     04 - 10       0.65      0.69      0.67      3970\n     11 - 20       0.01      0.16      0.02       390\n\n    accuracy                           0.31     10604\n   macro avg       0.49      0.31      0.28     10604\nweighted avg       0.72      0.31      0.34     10604\n",
        "feature_importances": {
            "time_in_month": 0.08462506347183694,
            "time_in_hour": 0.2396003126584078,
            "time_in_weekday": 0.11479377181168081,
            "requires_power": 0.00698677339199157,
            "time_in_business_day": 0.006945877484832391,
            "time_in_week_of_year": 0.1314219673438153,
            "time_in_week_of_month": 0.07527083632180873,
            "nominal_length_NOM20": 0.0107610875979975,
            "nominal_length_NOM40": 0.011104642534711547,
            "nominal_length_NOM45": 7.832908441971767e-06,
            "freight_kind_FCL": 0.026361898610837313,
            "freight_kind_MTY": 0.023520386801553845,
            "category_EXPRT": 0.08252447027152439,
            "category_IMPRT": 0.12706677454646223,
            "category_STRGE": 0.022665347046765708,
            "category_THRGH": 0.0030757396235266805,
            "category_TRSHP": 0.033267217573805366
        },
        "elapsed_time_minutes": null
    },
    "dataset_name": "subset_base.csv"
}