{
    "model_type": "RandomForest",
    "bins": [
        0,
        4,
        11,
        21
    ],
    "scaled": false,
    "tuned": false,
    "stratified_split_testing": true,
    "week": 1,
    "month": 2,
    "metrics": {
        "accuracy": 0.3910931174089069,
        "precision": 0.4548618796304847,
        "recall": 0.4401531344860902,
        "f1_score": 0.3215160573339064,
        "matthews_corrcoef": 0.19542720569449473,
        "cohen_kappa_score": 0.15196980778027203,
        "roc_auc_score": 0.6376503337672669,
        "log_loss": 2.5248512329453705,
        "confusion_matrix": [
            [
                1122,
                1531,
                2734
            ],
            [
                425,
                2704,
                1288
            ],
            [
                9,
                29,
                38
            ]
        ],
        "classification_report": "              precision    recall  f1-score   support\n\n     00 - 03       0.72      0.21      0.32      5387\n     04 - 10       0.63      0.61      0.62      4417\n     11 - 20       0.01      0.50      0.02        76\n\n    accuracy                           0.39      9880\n   macro avg       0.45      0.44      0.32      9880\nweighted avg       0.68      0.39      0.45      9880\n",
        "feature_importances": {
            "time_in_month": 0.05506995566815005,
            "time_in_hour": 0.21986653244274187,
            "time_in_weekday": 0.0845821601293288,
            "requires_power": 0.0073375928489411045,
            "time_in_business_day": 0.005638779984163662,
            "time_in_week_of_year": 0.10250349589968699,
            "time_in_week_of_month": 0.050480611540291945,
            "nominal_length_NOM20": 0.006239798466496801,
            "nominal_length_NOM40": 0.006243383040794478,
            "nominal_length_NOM45": 1.1716310434870056e-05,
            "freight_kind_FCL": 0.03205582525571385,
            "freight_kind_MTY": 0.029666190286246636,
            "category_EXPRT": 0.1772785320523428,
            "category_IMPRT": 0.19168754439903565,
            "category_STRGE": 0.006230021729702558,
            "category_THRGH": 0.004884736898084083,
            "category_TRSHP": 0.020223123047843745
        },
        "elapsed_time_minutes": null
    },
    "dataset_name": "subset_base.csv"
}