{
    "model_type": "RandomForest",
    "bins": [
        0,
        6,
        10,
        21
    ],
    "scaled": true,
    "tuned": false,
    "stratified_split_testing": true,
    "week": 4,
    "month": 2,
    "metrics": {
        "accuracy": 0.2573557148245945,
        "precision": 0.3595852671568493,
        "recall": 0.3161118686921882,
        "f1_score": 0.2324956049524408,
        "matthews_corrcoef": 0.05988310778805621,
        "cohen_kappa_score": 0.03733422975325629,
        "roc_auc_score": 0.5510062701843731,
        "log_loss": 1.5670055027187824,
        "confusion_matrix": [
            [
                1450,
                2916,
                3820
            ],
            [
                297,
                1208,
                446
            ],
            [
                89,
                307,
                71
            ]
        ],
        "classification_report": "              precision    recall  f1-score   support\n\n     00 - 05       0.79      0.18      0.29      8186\n     06 - 09       0.27      0.62      0.38      1951\n     10 - 20       0.02      0.15      0.03       467\n\n    accuracy                           0.26     10604\n   macro avg       0.36      0.32      0.23     10604\nweighted avg       0.66      0.26      0.29     10604\n",
        "feature_importances": {
            "time_in_month": 0.08802868553286614,
            "time_in_hour": 0.2870379378320151,
            "time_in_weekday": 0.1196192061083545,
            "requires_power": 0.007786061745645093,
            "time_in_business_day": 0.006749268861929411,
            "time_in_week_of_year": 0.13523965042952593,
            "time_in_week_of_month": 0.0758264660149853,
            "nominal_length_NOM20": 0.009980357731054136,
            "nominal_length_NOM40": 0.010079205453735982,
            "nominal_length_NOM45": 8.446249489096656e-06,
            "freight_kind_FCL": 0.018326664483113424,
            "freight_kind_MTY": 0.017300813211017237,
            "category_EXPRT": 0.06818105513918453,
            "category_IMPRT": 0.10534793819849365,
            "category_STRGE": 0.017021684683506927,
            "category_THRGH": 0.0017524142301168506,
            "category_TRSHP": 0.031714144094966694
        },
        "elapsed_time_minutes": null
    },
    "dataset_name": "subset_base.csv"
}