{
    "model_type": "RandomForest",
    "bins": [
        0,
        6,
        11,
        21
    ],
    "scaled": false,
    "tuned": false,
    "stratified_split_testing": false,
    "week": 4,
    "month": 1,
    "metrics": {
        "accuracy": 0.27930006730122103,
        "precision": 0.3888369644086731,
        "recall": 0.5132791453888181,
        "f1_score": 0.26871372717727077,
        "matthews_corrcoef": 0.138120690507093,
        "cohen_kappa_score": 0.08788058700062085,
        "roc_auc_score": 0.6464696900746522,
        "log_loss": 1.764509689325336,
        "confusion_matrix": [
            [
                914,
                2810,
                3758
            ],
            [
                303,
                1695,
                524
            ],
            [
                33,
                68,
                296
            ]
        ],
        "classification_report": "              precision    recall  f1-score   support\n\n     00 - 05       0.73      0.12      0.21      7482\n     06 - 10       0.37      0.67      0.48      2522\n     11 - 20       0.06      0.75      0.12       397\n\n    accuracy                           0.28     10401\n   macro avg       0.39      0.51      0.27     10401\nweighted avg       0.62      0.28      0.27     10401\n",
        "feature_importances": {
            "time_in_month": 0.0731816019420812,
            "time_in_hour": 0.29103231951306124,
            "time_in_weekday": 0.10765012931061932,
            "requires_power": 0.007744390855777319,
            "time_in_business_day": 0.006755300764295036,
            "time_in_week_of_year": 0.1387016329103921,
            "time_in_week_of_month": 0.0669476861862045,
            "nominal_length_NOM20": 0.006516003597961414,
            "nominal_length_NOM40": 0.006841702198532806,
            "nominal_length_NOM45": 1.6716781292750836e-05,
            "freight_kind_FCL": 0.02022455467230073,
            "freight_kind_MTY": 0.020482735552486253,
            "category_EXPRT": 0.097748961742245,
            "category_IMPRT": 0.13132944377842004,
            "category_STRGE": 0.0046105484390420145,
            "category_THRGH": 0.002651455463711319,
            "category_TRSHP": 0.017564816291577065
        },
        "elapsed_time_minutes": null
    },
    "dataset_name": "subset_base.csv"
}