{
    "model_type": "RandomForest",
    "bins": [
        0,
        4,
        12,
        21
    ],
    "scaled": false,
    "tuned": false,
    "stratified_split_testing": true,
    "week": 2,
    "month": 3,
    "metrics": {
        "accuracy": 0.34739732867307455,
        "precision": 0.4493254571711612,
        "recall": 0.6015491618968288,
        "f1_score": 0.23839188268789005,
        "matthews_corrcoef": 0.053081486475335296,
        "cohen_kappa_score": 0.036644910530812536,
        "roc_auc_score": 0.7063797860979681,
        "log_loss": 3.195530052718032,
        "confusion_matrix": [
            [
                486,
                3316,
                944
            ],
            [
                35,
                2283,
                933
            ],
            [
                0,
                0,
                14
            ]
        ],
        "classification_report": "              precision    recall  f1-score   support\n\n     00 - 03       0.93      0.10      0.18      4746\n     04 - 11       0.41      0.70      0.52      3251\n     12 - 20       0.01      1.00      0.01        14\n\n    accuracy                           0.35      8011\n   macro avg       0.45      0.60      0.24      8011\nweighted avg       0.72      0.35      0.32      8011\n",
        "feature_importances": {
            "time_in_month": 0.05310094425536355,
            "time_in_hour": 0.21580207466094437,
            "time_in_weekday": 0.08570841647966942,
            "requires_power": 0.00719302599169116,
            "time_in_business_day": 0.005813498866470677,
            "time_in_week_of_year": 0.10098309072225499,
            "time_in_week_of_month": 0.04894743207203219,
            "nominal_length_NOM20": 0.005899479387256506,
            "nominal_length_NOM40": 0.005743085063984407,
            "nominal_length_NOM45": 1.1035888935462512e-05,
            "freight_kind_FCL": 0.03022736963746459,
            "freight_kind_MTY": 0.03130485475992582,
            "category_EXPRT": 0.17560854875262588,
            "category_IMPRT": 0.20122794550795128,
            "category_STRGE": 0.005813276298847975,
            "category_THRGH": 0.005125535236618328,
            "category_TRSHP": 0.021490386417963463
        },
        "elapsed_time_minutes": null
    },
    "dataset_name": "subset_base.csv"
}