{
    "model_type": "RandomForest",
    "bins": [
        0,
        6,
        9,
        21
    ],
    "scaled": false,
    "tuned": false,
    "stratified_split_testing": true,
    "week": 1,
    "month": 2,
    "metrics": {
        "accuracy": 0.061234817813765184,
        "precision": 0.453427121412792,
        "recall": 0.37394953535143777,
        "f1_score": 0.09175466027375961,
        "matthews_corrcoef": 0.06973599778881664,
        "cohen_kappa_score": 0.01543006120649848,
        "roc_auc_score": 0.554693676244404,
        "log_loss": 4.259421125267215,
        "confusion_matrix": [
            [
                258,
                180,
                7429
            ],
            [
                58,
                205,
                1605
            ],
            [
                0,
                3,
                142
            ]
        ],
        "classification_report": "              precision    recall  f1-score   support\n\n     00 - 05       0.82      0.03      0.06      7867\n     06 - 08       0.53      0.11      0.18      1868\n     09 - 20       0.02      0.98      0.03       145\n\n    accuracy                           0.06      9880\n   macro avg       0.45      0.37      0.09      9880\nweighted avg       0.75      0.06      0.09      9880\n",
        "feature_importances": {
            "time_in_month": 0.07476186622433652,
            "time_in_hour": 0.309584432761763,
            "time_in_weekday": 0.11176435948902665,
            "requires_power": 0.008646936019675585,
            "time_in_business_day": 0.006723431535039806,
            "time_in_week_of_year": 0.13999999339494923,
            "time_in_week_of_month": 0.06898906712396409,
            "nominal_length_NOM20": 0.00806572011871174,
            "nominal_length_NOM40": 0.008454669565987099,
            "nominal_length_NOM45": 2.081029098938594e-05,
            "freight_kind_FCL": 0.02024433732413867,
            "freight_kind_MTY": 0.021358592074371602,
            "category_EXPRT": 0.08982820033708346,
            "category_IMPRT": 0.1065118594299833,
            "category_STRGE": 0.0048553408922607805,
            "category_THRGH": 0.0021631046921420246,
            "category_TRSHP": 0.018027278725577155
        },
        "elapsed_time_minutes": null
    },
    "dataset_name": "subset_base.csv"
}