{
    "model_type": "RandomForest",
    "bins": [
        0,
        6,
        11,
        21
    ],
    "scaled": false,
    "tuned": false,
    "stratified_split_testing": false,
    "week": 3,
    "month": 1,
    "metrics": {
        "accuracy": 0.2506913716814159,
        "precision": 0.3848461383655919,
        "recall": 0.34001728210758936,
        "f1_score": 0.2306774850561001,
        "matthews_corrcoef": 0.11863591278823954,
        "cohen_kappa_score": 0.07255808846220113,
        "roc_auc_score": 0.5849287365165091,
        "log_loss": 4.219055151055453,
        "confusion_matrix": [
            [
                463,
                1827,
                2856
            ],
            [
                153,
                1303,
                435
            ],
            [
                8,
                140,
                47
            ]
        ],
        "classification_report": "              precision    recall  f1-score   support\n\n     00 - 05       0.74      0.09      0.16      5146\n     06 - 10       0.40      0.69      0.50      1891\n     11 - 20       0.01      0.24      0.03       195\n\n    accuracy                           0.25      7232\n   macro avg       0.38      0.34      0.23      7232\nweighted avg       0.63      0.25      0.25      7232\n",
        "feature_importances": {
            "time_in_month": 0.0731816019420812,
            "time_in_hour": 0.29103231951306124,
            "time_in_weekday": 0.10765012931061932,
            "requires_power": 0.007744390855777319,
            "time_in_business_day": 0.006755300764295036,
            "time_in_week_of_year": 0.1387016329103921,
            "time_in_week_of_month": 0.0669476861862045,
            "nominal_length_NOM20": 0.006516003597961414,
            "nominal_length_NOM40": 0.006841702198532806,
            "nominal_length_NOM45": 1.6716781292750836e-05,
            "freight_kind_FCL": 0.02022455467230073,
            "freight_kind_MTY": 0.020482735552486253,
            "category_EXPRT": 0.097748961742245,
            "category_IMPRT": 0.13132944377842004,
            "category_STRGE": 0.0046105484390420145,
            "category_THRGH": 0.002651455463711319,
            "category_TRSHP": 0.017564816291577065
        },
        "elapsed_time_minutes": null
    },
    "dataset_name": "subset_base.csv"
}