{
    "model_type": "RandomForest",
    "bins": [
        0,
        3,
        9,
        21
    ],
    "scaled": false,
    "tuned": false,
    "stratified_split_testing": false,
    "week": 4,
    "month": 1,
    "metrics": {
        "accuracy": 0.583886164791847,
        "precision": 0.5249687785197967,
        "recall": 0.558559377585642,
        "f1_score": 0.4729427000389674,
        "matthews_corrcoef": 0.24921855860813852,
        "cohen_kappa_score": 0.22922967859160415,
        "roc_auc_score": 0.7783613424332351,
        "log_loss": 1.2912970900611314,
        "confusion_matrix": [
            [
                813,
                2332,
                529
            ],
            [
                365,
                4784,
                854
            ],
            [
                44,
                204,
                476
            ]
        ],
        "classification_report": "              precision    recall  f1-score   support\n\n     00 - 02       0.67      0.22      0.33      3674\n     03 - 08       0.65      0.80      0.72      6003\n     09 - 20       0.26      0.66      0.37       724\n\n    accuracy                           0.58     10401\n   macro avg       0.52      0.56      0.47     10401\nweighted avg       0.63      0.58      0.56     10401\n",
        "feature_importances": {
            "time_in_month": 0.05778619776491933,
            "time_in_hour": 0.229482145609555,
            "time_in_weekday": 0.091182261514991,
            "requires_power": 0.008299002785596608,
            "time_in_business_day": 0.008293356360813652,
            "time_in_week_of_year": 0.10488297768200872,
            "time_in_week_of_month": 0.05267566779088274,
            "nominal_length_NOM20": 0.0066456703384626045,
            "nominal_length_NOM40": 0.006450694594770185,
            "nominal_length_NOM45": 1.2704257981515234e-05,
            "freight_kind_FCL": 0.02794529537443938,
            "freight_kind_MTY": 0.026713825462344878,
            "category_EXPRT": 0.1721064531442469,
            "category_IMPRT": 0.17257772308565994,
            "category_STRGE": 0.007428681513016976,
            "category_THRGH": 0.006854364423494481,
            "category_TRSHP": 0.02066297829681613
        },
        "elapsed_time_minutes": null
    },
    "dataset_name": "subset_base.csv"
}