{
    "model_type": "RandomForest",
    "bins": [
        0,
        4,
        9,
        21
    ],
    "scaled": false,
    "tuned": false,
    "stratified_split_testing": true,
    "week": 1,
    "month": 2,
    "metrics": {
        "accuracy": 0.31143724696356273,
        "precision": 0.4427056059903523,
        "recall": 0.41786629745259357,
        "f1_score": 0.2874965677559651,
        "matthews_corrcoef": 0.14128472572690062,
        "cohen_kappa_score": 0.10195662112194803,
        "roc_auc_score": 0.5963431028868859,
        "log_loss": 2.886597484178269,
        "confusion_matrix": [
            [
                1219,
                1115,
                3053
            ],
            [
                493,
                1768,
                2087
            ],
            [
                14,
                41,
                90
            ]
        ],
        "classification_report": "              precision    recall  f1-score   support\n\n     00 - 03       0.71      0.23      0.34      5387\n     04 - 08       0.60      0.41      0.49      4348\n     09 - 20       0.02      0.62      0.03       145\n\n    accuracy                           0.31      9880\n   macro avg       0.44      0.42      0.29      9880\nweighted avg       0.65      0.31      0.40      9880\n",
        "feature_importances": {
            "time_in_month": 0.05900282308283656,
            "time_in_hour": 0.24533563511251433,
            "time_in_weekday": 0.09155192244007106,
            "requires_power": 0.007997333943185856,
            "time_in_business_day": 0.005996583196059305,
            "time_in_week_of_year": 0.10931528253525497,
            "time_in_week_of_month": 0.05633720662129347,
            "nominal_length_NOM20": 0.007146198499725091,
            "nominal_length_NOM40": 0.00737639815205788,
            "nominal_length_NOM45": 1.2869934087911932e-05,
            "freight_kind_FCL": 0.028958724422685777,
            "freight_kind_MTY": 0.028543500266941402,
            "category_EXPRT": 0.15064989082510521,
            "category_IMPRT": 0.17342692455403783,
            "category_STRGE": 0.006074043572786711,
            "category_THRGH": 0.004504986307137835,
            "category_TRSHP": 0.017769676534218813
        },
        "elapsed_time_minutes": null
    },
    "dataset_name": "subset_base.csv"
}