{
    "model_type": "RandomForest",
    "bins": [
        0,
        6,
        12,
        21
    ],
    "scaled": true,
    "tuned": false,
    "stratified_split_testing": false,
    "week": 2,
    "month": 2,
    "metrics": {
        "accuracy": 0.15387788778877887,
        "precision": 0.31876386848014154,
        "recall": 0.42261758374977826,
        "f1_score": 0.1608260189345951,
        "matthews_corrcoef": 0.03935664429753507,
        "cohen_kappa_score": 0.020145157395421,
        "roc_auc_score": 0.5484043968379463,
        "log_loss": 5.5871377480589,
        "confusion_matrix": [
            [
                374,
                2714,
                4370
            ],
            [
                168,
                975,
                902
            ],
            [
                18,
                32,
                143
            ]
        ],
        "classification_report": "              precision    recall  f1-score   support\n\n     00 - 05       0.67      0.05      0.09      7458\n     06 - 11       0.26      0.48      0.34      2045\n     12 - 20       0.03      0.74      0.05       193\n\n    accuracy                           0.15      9696\n   macro avg       0.32      0.42      0.16      9696\nweighted avg       0.57      0.15      0.14      9696\n",
        "feature_importances": {
            "time_in_month": 0.08808478164275588,
            "time_in_hour": 0.2529555138092282,
            "time_in_weekday": 0.12153399478644464,
            "requires_power": 0.007361764471216525,
            "time_in_business_day": 0.008125636909187798,
            "time_in_week_of_year": 0.1404518377429675,
            "time_in_week_of_month": 0.08004611435267067,
            "nominal_length_NOM20": 0.010970242063702337,
            "nominal_length_NOM40": 0.011637406913915757,
            "nominal_length_NOM45": 6.873101923302605e-06,
            "freight_kind_FCL": 0.022022750722755755,
            "freight_kind_MTY": 0.020261466484941044,
            "category_EXPRT": 0.06950596799199611,
            "category_IMPRT": 0.10941560493423999,
            "category_STRGE": 0.027769798612284652,
            "category_THRGH": 0.001795627110619463,
            "category_TRSHP": 0.028054618349150393
        },
        "elapsed_time_minutes": null
    },
    "dataset_name": "subset_base.csv"
}