{
    "model_type": "RandomForest",
    "bins": [
        0,
        6,
        12,
        21
    ],
    "scaled": false,
    "tuned": false,
    "stratified_split_testing": false,
    "week": 4,
    "month": 2,
    "metrics": {
        "accuracy": 0.26273104488872123,
        "precision": 0.369083936204812,
        "recall": 0.32026666090897005,
        "f1_score": 0.22538902546382622,
        "matthews_corrcoef": 0.09571226407710316,
        "cohen_kappa_score": 0.0569259724388782,
        "roc_auc_score": 0.5677759930615996,
        "log_loss": 1.7354469384371518,
        "confusion_matrix": [
            [
                1177,
                3616,
                3393
            ],
            [
                215,
                1588,
                384
            ],
            [
                71,
                139,
                21
            ]
        ],
        "classification_report": "              precision    recall  f1-score   support\n\n     00 - 05       0.80      0.14      0.24      8186\n     06 - 11       0.30      0.73      0.42      2187\n     12 - 20       0.01      0.09      0.01       231\n\n    accuracy                           0.26     10604\n   macro avg       0.37      0.32      0.23     10604\nweighted avg       0.68      0.26      0.28     10604\n",
        "feature_importances": {
            "time_in_month": 0.07130749279772228,
            "time_in_hour": 0.2911957123940808,
            "time_in_weekday": 0.10614445819460913,
            "requires_power": 0.008090933794395919,
            "time_in_business_day": 0.007015427293174756,
            "time_in_week_of_year": 0.13657755631054508,
            "time_in_week_of_month": 0.06486816166559443,
            "nominal_length_NOM20": 0.006878519929292473,
            "nominal_length_NOM40": 0.006989732851257601,
            "nominal_length_NOM45": 1.4312556775937622e-05,
            "freight_kind_FCL": 0.021985541947316944,
            "freight_kind_MTY": 0.022332248453718517,
            "category_EXPRT": 0.10355077016842631,
            "category_IMPRT": 0.1261558089602134,
            "category_STRGE": 0.004828906360500114,
            "category_THRGH": 0.0026664454666240405,
            "category_TRSHP": 0.019397970855752244
        },
        "elapsed_time_minutes": null
    },
    "dataset_name": "subset_base.csv"
}