{
    "model_type": "RandomForest",
    "bins": [
        0,
        4,
        12,
        21
    ],
    "scaled": false,
    "tuned": false,
    "stratified_split_testing": true,
    "week": 4,
    "month": 2,
    "metrics": {
        "accuracy": 0.5998679743493022,
        "precision": 0.4692412688361188,
        "recall": 0.4503893392059453,
        "f1_score": 0.4291116235890722,
        "matthews_corrcoef": 0.3321740944568962,
        "cohen_kappa_score": 0.3006882146910028,
        "roc_auc_score": 0.6998330192611858,
        "log_loss": 1.4318252238932743,
        "confusion_matrix": [
            [
                3056,
                2787,
                401
            ],
            [
                442,
                3290,
                397
            ],
            [
                44,
                172,
                15
            ]
        ],
        "classification_report": "              precision    recall  f1-score   support\n\n     00 - 03       0.86      0.49      0.62      6244\n     04 - 11       0.53      0.80      0.63      4129\n     12 - 20       0.02      0.06      0.03       231\n\n    accuracy                           0.60     10604\n   macro avg       0.47      0.45      0.43     10604\nweighted avg       0.71      0.60      0.62     10604\n",
        "feature_importances": {
            "time_in_month": 0.05310094425536355,
            "time_in_hour": 0.21580207466094437,
            "time_in_weekday": 0.08570841647966942,
            "requires_power": 0.00719302599169116,
            "time_in_business_day": 0.005813498866470677,
            "time_in_week_of_year": 0.10098309072225499,
            "time_in_week_of_month": 0.04894743207203219,
            "nominal_length_NOM20": 0.005899479387256506,
            "nominal_length_NOM40": 0.005743085063984407,
            "nominal_length_NOM45": 1.1035888935462512e-05,
            "freight_kind_FCL": 0.03022736963746459,
            "freight_kind_MTY": 0.03130485475992582,
            "category_EXPRT": 0.17560854875262588,
            "category_IMPRT": 0.20122794550795128,
            "category_STRGE": 0.005813276298847975,
            "category_THRGH": 0.005125535236618328,
            "category_TRSHP": 0.021490386417963463
        },
        "elapsed_time_minutes": null
    },
    "dataset_name": "subset_base.csv"
}