{
    "model_type": "RandomForest",
    "bins": [
        0,
        5,
        12,
        21
    ],
    "scaled": false,
    "tuned": false,
    "stratified_split_testing": false,
    "week": 1,
    "month": 1,
    "metrics": {
        "accuracy": 0.31787365177195687,
        "precision": 0.44508079735210054,
        "recall": 0.5108725743749899,
        "f1_score": 0.2765184832602286,
        "matthews_corrcoef": 0.1637559660773026,
        "cohen_kappa_score": 0.10776401508258349,
        "roc_auc_score": 0.7578262384897566,
        "log_loss": 2.2021225433902987,
        "confusion_matrix": [
            [
                807,
                1988,
                1805
            ],
            [
                43,
                1181,
                558
            ],
            [
                14,
                19,
                75
            ]
        ],
        "classification_report": "              precision    recall  f1-score   support\n\n     00 - 04       0.93      0.18      0.30      4600\n     05 - 11       0.37      0.66      0.48      1782\n     12 - 20       0.03      0.69      0.06       108\n\n    accuracy                           0.32      6490\n   macro avg       0.45      0.51      0.28      6490\nweighted avg       0.76      0.32      0.34      6490\n",
        "feature_importances": {
            "time_in_month": 0.0622752840472803,
            "time_in_hour": 0.2527491114613763,
            "time_in_weekday": 0.08885498742678988,
            "requires_power": 0.007049906495478367,
            "time_in_business_day": 0.005359668055042174,
            "time_in_week_of_year": 0.11858194122427151,
            "time_in_week_of_month": 0.05875599211233154,
            "nominal_length_NOM20": 0.0059292884686852985,
            "nominal_length_NOM40": 0.006197139851988281,
            "nominal_length_NOM45": 2.3921352275376835e-05,
            "freight_kind_FCL": 0.02731167777561272,
            "freight_kind_MTY": 0.027984043104413898,
            "category_EXPRT": 0.1381892656930157,
            "category_IMPRT": 0.17200604856738214,
            "category_STRGE": 0.005692306358529501,
            "category_THRGH": 0.0038977885514929777,
            "category_TRSHP": 0.0191416294540341
        },
        "elapsed_time_minutes": null
    },
    "dataset_name": "subset_base.csv"
}