{
    "model_type": "RandomForest",
    "bins": [
        0,
        5,
        9,
        21
    ],
    "scaled": false,
    "tuned": false,
    "stratified_split_testing": true,
    "week": 1,
    "month": 1,
    "metrics": {
        "accuracy": 0.19044684129429892,
        "precision": 0.5011814691336504,
        "recall": 0.4382145338488177,
        "f1_score": 0.22475828129777764,
        "matthews_corrcoef": 0.15834955255648844,
        "cohen_kappa_score": 0.07463194333517387,
        "roc_auc_score": 0.7356132725193488,
        "log_loss": 2.1253737915072453,
        "confusion_matrix": [
            [
                429,
                536,
                3635
            ],
            [
                15,
                557,
                1032
            ],
            [
                4,
                32,
                250
            ]
        ],
        "classification_report": "              precision    recall  f1-score   support\n\n     00 - 04       0.96      0.09      0.17      4600\n     05 - 08       0.50      0.35      0.41      1604\n     09 - 20       0.05      0.87      0.10       286\n\n    accuracy                           0.19      6490\n   macro avg       0.50      0.44      0.22      6490\nweighted avg       0.80      0.19      0.23      6490\n",
        "feature_importances": {
            "time_in_month": 0.06762091694220562,
            "time_in_hour": 0.27144532945566624,
            "time_in_weekday": 0.09780439954739346,
            "requires_power": 0.008084570396257188,
            "time_in_business_day": 0.005750627940020962,
            "time_in_week_of_year": 0.12641832448581083,
            "time_in_week_of_month": 0.06349375288629319,
            "nominal_length_NOM20": 0.006940308326558034,
            "nominal_length_NOM40": 0.007056851848143234,
            "nominal_length_NOM45": 2.567605439667524e-05,
            "freight_kind_FCL": 0.025321705520741377,
            "freight_kind_MTY": 0.024289930773435962,
            "category_EXPRT": 0.1276599822183134,
            "category_IMPRT": 0.14013064056513086,
            "category_STRGE": 0.005095213630198805,
            "category_THRGH": 0.0031549287941876987,
            "category_TRSHP": 0.019706840615246447
        },
        "elapsed_time_minutes": null
    },
    "dataset_name": "subset_base.csv"
}