{
    "model_type": "RandomForest",
    "bins": [
        0,
        5,
        12,
        21
    ],
    "scaled": true,
    "tuned": false,
    "stratified_split_testing": true,
    "week": 4,
    "month": 2,
    "metrics": {
        "accuracy": 0.33892870614862314,
        "precision": 0.4304282473525088,
        "recall": 0.3539469135587337,
        "f1_score": 0.2848118384514297,
        "matthews_corrcoef": 0.18934417916781174,
        "cohen_kappa_score": 0.12802470592990978,
        "roc_auc_score": 0.6089192741105096,
        "log_loss": 2.0108039445184676,
        "confusion_matrix": [
            [
                1124,
                2720,
                3456
            ],
            [
                189,
                2444,
                440
            ],
            [
                49,
                156,
                26
            ]
        ],
        "classification_report": "              precision    recall  f1-score   support\n\n     00 - 04       0.83      0.15      0.26      7300\n     05 - 11       0.46      0.80      0.58      3073\n     12 - 20       0.01      0.11      0.01       231\n\n    accuracy                           0.34     10604\n   macro avg       0.43      0.35      0.28     10604\nweighted avg       0.70      0.34      0.35     10604\n",
        "feature_importances": {
            "time_in_month": 0.08562967201372709,
            "time_in_hour": 0.24112624923890313,
            "time_in_weekday": 0.12035593553452277,
            "requires_power": 0.00763983546311097,
            "time_in_business_day": 0.008449997666936503,
            "time_in_week_of_year": 0.13490372203651438,
            "time_in_week_of_month": 0.07900139274278492,
            "nominal_length_NOM20": 0.011516022866861314,
            "nominal_length_NOM40": 0.011254909740096781,
            "nominal_length_NOM45": 9.613187535312558e-06,
            "freight_kind_FCL": 0.024321944005255412,
            "freight_kind_MTY": 0.02213288496048478,
            "category_EXPRT": 0.07202369892053195,
            "category_IMPRT": 0.11980513874344069,
            "category_STRGE": 0.029704014107491947,
            "category_THRGH": 0.0022891619085136238,
            "category_TRSHP": 0.029835806863288492
        },
        "elapsed_time_minutes": null
    },
    "dataset_name": "subset_base.csv"
}