{
    "model_type": "RandomForest",
    "bins": [
        0,
        4,
        9,
        21
    ],
    "scaled": false,
    "tuned": false,
    "stratified_split_testing": true,
    "week": 1,
    "month": 1,
    "metrics": {
        "accuracy": 0.30107858243451463,
        "precision": 0.47515059693940026,
        "recall": 0.4543293508459523,
        "f1_score": 0.28230511496216887,
        "matthews_corrcoef": 0.1749878274432707,
        "cohen_kappa_score": 0.11800111363495747,
        "roc_auc_score": 0.6799034014426084,
        "log_loss": 2.4258482001162847,
        "confusion_matrix": [
            [
                387,
                1006,
                2404
            ],
            [
                85,
                1369,
                953
            ],
            [
                4,
                84,
                198
            ]
        ],
        "classification_report": "              precision    recall  f1-score   support\n\n     00 - 03       0.81      0.10      0.18      3797\n     04 - 08       0.56      0.57      0.56      2407\n     09 - 20       0.06      0.69      0.10       286\n\n    accuracy                           0.30      6490\n   macro avg       0.48      0.45      0.28      6490\nweighted avg       0.68      0.30      0.32      6490\n",
        "feature_importances": {
            "time_in_month": 0.05900282308283656,
            "time_in_hour": 0.24533563511251433,
            "time_in_weekday": 0.09155192244007106,
            "requires_power": 0.007997333943185856,
            "time_in_business_day": 0.005996583196059305,
            "time_in_week_of_year": 0.10931528253525497,
            "time_in_week_of_month": 0.05633720662129347,
            "nominal_length_NOM20": 0.007146198499725091,
            "nominal_length_NOM40": 0.00737639815205788,
            "nominal_length_NOM45": 1.2869934087911932e-05,
            "freight_kind_FCL": 0.028958724422685777,
            "freight_kind_MTY": 0.028543500266941402,
            "category_EXPRT": 0.15064989082510521,
            "category_IMPRT": 0.17342692455403783,
            "category_STRGE": 0.006074043572786711,
            "category_THRGH": 0.004504986307137835,
            "category_TRSHP": 0.017769676534218813
        },
        "elapsed_time_minutes": null
    },
    "dataset_name": "subset_base.csv"
}