{
    "model_type": "RandomForest",
    "bins": [
        0,
        5,
        11,
        21
    ],
    "scaled": false,
    "tuned": false,
    "stratified_split_testing": false,
    "week": 4,
    "month": 2,
    "metrics": {
        "accuracy": 0.35496039230479065,
        "precision": 0.45698373601307596,
        "recall": 0.35952000833799613,
        "f1_score": 0.2980709463870674,
        "matthews_corrcoef": 0.2104293630360591,
        "cohen_kappa_score": 0.14425073518963294,
        "roc_auc_score": 0.6188461275277417,
        "log_loss": 1.9769046883777113,
        "confusion_matrix": [
            [
                1303,
                2687,
                3310
            ],
            [
                69,
                2436,
                409
            ],
            [
                50,
                315,
                25
            ]
        ],
        "classification_report": "              precision    recall  f1-score   support\n\n     00 - 04       0.92      0.18      0.30      7300\n     05 - 10       0.45      0.84      0.58      2914\n     11 - 20       0.01      0.06      0.01       390\n\n    accuracy                           0.35     10604\n   macro avg       0.46      0.36      0.30     10604\nweighted avg       0.75      0.35      0.37     10604\n",
        "feature_importances": {
            "time_in_month": 0.06256638567825239,
            "time_in_hour": 0.25669969678452315,
            "time_in_weekday": 0.09265681789361152,
            "requires_power": 0.0072263574347527755,
            "time_in_business_day": 0.005542001999735254,
            "time_in_week_of_year": 0.11904648202608487,
            "time_in_week_of_month": 0.058309476990623034,
            "nominal_length_NOM20": 0.005814432266969341,
            "nominal_length_NOM40": 0.006163373703998288,
            "nominal_length_NOM45": 2.7288499786296736e-05,
            "freight_kind_FCL": 0.025737632288578415,
            "freight_kind_MTY": 0.027862932179467205,
            "category_EXPRT": 0.13849714277588365,
            "category_IMPRT": 0.16453837702737542,
            "category_STRGE": 0.005794402682693388,
            "category_THRGH": 0.0034759851505467977,
            "category_TRSHP": 0.02004121461711831
        },
        "elapsed_time_minutes": null
    },
    "dataset_name": "subset_base.csv"
}