{
    "model_type": "RandomForest",
    "bins": [
        0,
        3,
        12,
        21
    ],
    "scaled": false,
    "tuned": false,
    "stratified_split_testing": false,
    "week": 3,
    "month": 1,
    "metrics": {
        "accuracy": 0.5076050884955752,
        "precision": 0.4497351080853771,
        "recall": 0.4192757884781632,
        "f1_score": 0.3072537953695484,
        "matthews_corrcoef": 0.056604155295344044,
        "cohen_kappa_score": 0.04912550560947293,
        "roc_auc_score": 0.6976378217616421,
        "log_loss": 2.0517340337971413,
        "confusion_matrix": [
            [
                252,
                1771,
                459
            ],
            [
                123,
                3365,
                1136
            ],
            [
                1,
                71,
                54
            ]
        ],
        "classification_report": "              precision    recall  f1-score   support\n\n     00 - 02       0.67      0.10      0.18      2482\n     03 - 11       0.65      0.73      0.68      4624\n     12 - 20       0.03      0.43      0.06       126\n\n    accuracy                           0.51      7232\n   macro avg       0.45      0.42      0.31      7232\nweighted avg       0.64      0.51      0.50      7232\n",
        "feature_importances": {
            "time_in_month": 0.04662299938174509,
            "time_in_hour": 0.19330391809178862,
            "time_in_weekday": 0.0868144407871597,
            "requires_power": 0.007433740643004174,
            "time_in_business_day": 0.008163766225332488,
            "time_in_week_of_year": 0.08662582974055034,
            "time_in_week_of_month": 0.04208179765690545,
            "nominal_length_NOM20": 0.0056537024660209025,
            "nominal_length_NOM40": 0.005788023835079853,
            "nominal_length_NOM45": 1.0642617731765204e-05,
            "freight_kind_FCL": 0.03251253372693556,
            "freight_kind_MTY": 0.031215678459967065,
            "category_EXPRT": 0.1882587390772275,
            "category_IMPRT": 0.2257577457061004,
            "category_STRGE": 0.009074860345301968,
            "category_THRGH": 0.008345214701022974,
            "category_TRSHP": 0.022336366538125922
        },
        "elapsed_time_minutes": null
    },
    "dataset_name": "subset_base.csv"
}