{
    "model_type": "RandomForest",
    "bins": [
        0,
        5,
        11,
        21
    ],
    "scaled": false,
    "tuned": false,
    "stratified_split_testing": false,
    "week": 1,
    "month": 1,
    "metrics": {
        "accuracy": 0.23281972265023113,
        "precision": 0.4963480302002851,
        "recall": 0.5184984434042158,
        "f1_score": 0.24840309026532892,
        "matthews_corrcoef": 0.19170863847874664,
        "cohen_kappa_score": 0.10386565884435739,
        "roc_auc_score": 0.7602381528609882,
        "log_loss": 1.9646727548529535,
        "confusion_matrix": [
            [
                452,
                979,
                3169
            ],
            [
                10,
                937,
                811
            ],
            [
                3,
                7,
                122
            ]
        ],
        "classification_report": "              precision    recall  f1-score   support\n\n     00 - 04       0.97      0.10      0.18      4600\n     05 - 10       0.49      0.53      0.51      1758\n     11 - 20       0.03      0.92      0.06       132\n\n    accuracy                           0.23      6490\n   macro avg       0.50      0.52      0.25      6490\nweighted avg       0.82      0.23      0.27      6490\n",
        "feature_importances": {
            "time_in_month": 0.06256638567825239,
            "time_in_hour": 0.25669969678452315,
            "time_in_weekday": 0.09265681789361152,
            "requires_power": 0.0072263574347527755,
            "time_in_business_day": 0.005542001999735254,
            "time_in_week_of_year": 0.11904648202608487,
            "time_in_week_of_month": 0.058309476990623034,
            "nominal_length_NOM20": 0.005814432266969341,
            "nominal_length_NOM40": 0.006163373703998288,
            "nominal_length_NOM45": 2.7288499786296736e-05,
            "freight_kind_FCL": 0.025737632288578415,
            "freight_kind_MTY": 0.027862932179467205,
            "category_EXPRT": 0.13849714277588365,
            "category_IMPRT": 0.16453837702737542,
            "category_STRGE": 0.005794402682693388,
            "category_THRGH": 0.0034759851505467977,
            "category_TRSHP": 0.02004121461711831
        },
        "elapsed_time_minutes": null
    },
    "dataset_name": "subset_base.csv"
}