{
    "model_type": "SVM",
    "bins": [
        0,
        4,
        12,
        21
    ],
    "scaled": false,
    "tuned": false,
    "stratified_split_testing": false,
    "week": 1,
    "month": 3,
    "metrics": {
        "accuracy": 0.7852998065764023,
        "precision": 0.5292531954390921,
        "recall": 0.5322932596586817,
        "f1_score": 0.5303108628746943,
        "matthews_corrcoef": 0.5710510871798248,
        "cohen_kappa_score": 0.570130987524868,
        "roc_auc_score": null,
        "log_loss": null,
        "confusion_matrix": [
            [
                4199,
                892,
                143
            ],
            [
                732,
                2702,
                3
            ],
            [
                47,
                70,
                1
            ]
        ],
        "classification_report": "              precision    recall  f1-score   support\n\n     00 - 03       0.84      0.80      0.82      5234\n     04 - 11       0.74      0.79      0.76      3437\n     12 - 20       0.01      0.01      0.01       118\n\n    accuracy                           0.79      8789\n   macro avg       0.53      0.53      0.53      8789\nweighted avg       0.79      0.79      0.79      8789\n",
        "feature_importances": null,
        "elapsed_time_minutes": null
    },
    "dataset_name": "subset_base.csv"
}