{
    "model_type": "KNN",
    "bins": [
        0,
        4,
        12,
        21
    ],
    "scaled": false,
    "tuned": true,
    "stratified_split_testing": false,
    "week": 1,
    "month": 1,
    "metrics": {
        "accuracy": 0.6563944530046225,
        "precision": 0.45433462132494973,
        "recall": 0.45689345477681537,
        "f1_score": 0.4538264387915889,
        "matthews_corrcoef": 0.3268029928529506,
        "cohen_kappa_score": 0.32449566345977876,
        "roc_auc_score": 0.6616771794103676,
        "log_loss": 3.855501985171188,
        "confusion_matrix": [
            [
                2533,
                1226,
                38
            ],
            [
                813,
                1723,
                49
            ],
            [
                73,
                31,
                4
            ]
        ],
        "classification_report": "              precision    recall  f1-score   support\n\n     00 - 03       0.74      0.67      0.70      3797\n     04 - 11       0.58      0.67      0.62      2585\n     12 - 20       0.04      0.04      0.04       108\n\n    accuracy                           0.66      6490\n   macro avg       0.45      0.46      0.45      6490\nweighted avg       0.66      0.66      0.66      6490\n",
        "feature_importances": null,
        "elapsed_time_minutes": null
    },
    "dataset_name": "subset_base.csv"
}