{
    "model_type": "KNN",
    "bins": [
        0,
        4,
        12,
        21
    ],
    "scaled": false,
    "tuned": true,
    "stratified_split_testing": false,
    "best_params": {
        "model__metric": "manhattan",
        "model__n_neighbors": 23,
        "model__weights": "distance"
    },
    "metrics": {
        "accuracy": 0.83370297135528,
        "precision": 0.7843033277459767,
        "recall": 0.7081656607024711,
        "f1_score": 0.7373006955443353,
        "matthews_corrcoef": 0.67774915092669,
        "cohen_kappa_score": 0.672814897652981,
        "roc_auc_score": 0.8958552507514663,
        "log_loss": 1.4181490905258642,
        "confusion_matrix": [
            [
                36967,
                3314,
                119
            ],
            [
                7737,
                24607,
                288
            ],
            [
                403,
                586,
                827
            ]
        ],
        "classification_report": "              precision    recall  f1-score   support\n\n     00 - 03       0.82      0.92      0.86     40400\n     04 - 11       0.86      0.75      0.80     32632\n     12 - 20       0.67      0.46      0.54      1816\n\n    accuracy                           0.83     74848\n   macro avg       0.78      0.71      0.74     74848\nweighted avg       0.83      0.83      0.83     74848\n",
        "feature_importances": null,
        "elapsed_time_minutes": 66.114295736948649,
        "cv_scores": [
            0.8283183381124996,
            0.8272195093142519,
            0.8245741844777783,
            0.8270212891701972,
            0.827993780182847
        ],
        "cv_scores_mean": 0.8270254202515147,
        "test_accuracy": 0.83370297135528
    },
    "dataset_name": "subset_base.csv"
}